Log initialized
Timestamp: 2025-03-02 17:37:54

2025-03-02 17:37:54 - Successfully created and writing to log at: /workspaces/LongSequence_MasterThesis/CACOM/catkin_ws/src/pill_detection/logs/pill_events_sim_20250302_173754.log
2025-03-02 17:37:54 - Logging system initialized
2025-03-02 17:37:54 - LOGGING STARTED
2025-03-02 17:37:54 - ROS node: /pill_detection_simulation
2025-03-02 17:37:54 - IMU file: /workspaces/LongSequence_MasterThesis/CACOM/catkin_ws/src/pill_detection/data/data_IMU.txt
2025-03-02 17:37:54 - Pressure/Light file: /workspaces/LongSequence_MasterThesis/CACOM/catkin_ws/src/pill_detection/data/data_press_light.txt
2025-03-02 17:37:54 - Using real data files
2025-03-02 17:37:54 - Loading IMU data from: /workspaces/LongSequence_MasterThesis/CACOM/catkin_ws/src/pill_detection/data/data_IMU.txt
2025-03-02 17:37:54 - Loading pressure/light data from: /workspaces/LongSequence_MasterThesis/CACOM/catkin_ws/src/pill_detection/data/data_press_light.txt
2025-03-02 17:37:54 - Loaded 1021 IMU data points and 958 pressure/light data points
2025-03-02 17:37:54 - === DATA SUMMARY ===
2025-03-02 17:37:54 - IMU Data Range:
2025-03-02 17:37:54 -   Acceleration (g): ax=[-0.590, 0.500], ay=[-0.410, 0.510], az=[0.780, 1.060]
2025-03-02 17:37:54 -   Orientation (deg): r=[-36.2, 29.7], p=[-24.5, 30.4], y=[51.1, 90.0]
2025-03-02 17:37:54 - Pressure/Light Data Range:
2025-03-02 17:37:54 -   Pressure: [0.0, 575.0]
2025-03-02 17:37:54 -   Light: [0.0, 87.5]
2025-03-02 17:37:54 - Suggested Thresholds:
2025-03-02 17:37:54 -   Motion threshold: 0.076
2025-03-02 17:37:54 -   Tilt threshold: 32.0
2025-03-02 17:37:54 -   Pressure threshold: 143.8
2025-03-02 17:37:54 -   Light threshold: 21.9
2025-03-02 17:37:54 - Using thresholds: motion=0.030, tilt=5.0, pressure=50.0, light=15.0
2025-03-02 17:37:54 - Using thresholds: motion=0.030, tilt=5.0, pressure=50.0, light=15.0
2025-03-02 17:37:54 - INFO - Data loaded successfully: 1021 IMU points, 958 pressure/light points
2025-03-02 17:37:54 - Data loaded successfully: 1021 IMU points, 958 pressure/light points
2025-03-02 17:37:54 - INFO - Thresholds: motion=0.030, tilt=5.0, pressure=50.0, light=15.0
2025-03-02 17:37:54 - Thresholds: motion=0.030, tilt=5.0, pressure=50.0, light=15.0
2025-03-02 17:37:54 - Pill detection simulation node initialized
2025-03-02 17:37:54 - Starting pill detection simulation...
2025-03-02 17:37:54 - Calibrating sensors with initial data...
2025-03-02 17:37:54 - Pick up detected at 1740937074.9s (trigger: acceleration)
2025-03-02 17:37:54 - Significant tilt change detected: 12.01 degrees
2025-03-02 17:37:54 - Calibrated rest position: r=-6.99, p=-0.18, y=79.57
2025-03-02 17:37:54 - Sensor calibration complete.
2025-03-02 17:37:54 - Significant tilt change detected: 21.61 degrees
2025-03-02 17:37:55 - topic[/rosout] adding connection to [/rosout], count 0
2025-03-02 17:37:55 - topic[/pill_detection/accel_magnitude] adding connection to [/rqt_plot], count 0
2025-03-02 17:37:55 - topic[/pill_detection/tilt_magnitude] adding connection to [/rqt_plot], count 0
2025-03-02 17:37:55 - topic[/pill_detection/pressure_light] adding connection to [/rqt_plot], count 0
2025-03-02 17:37:57 - Significant tilt change detected: 12.63 degrees
2025-03-02 17:37:57 - Significant tilt change detected: 5.33 degrees
2025-03-02 17:37:58 - Significant tilt change detected: 5.24 degrees
2025-03-02 17:37:59 - Place down detected (timeout) at 1740937079.9s
2025-03-02 17:37:59 - Place down detected at 1740937079.9s (duration: 5.0s, trigger: timeout)
2025-03-02 17:37:59 - tilt_change: deque([0, 1.0921605354864212, 1.6953516577661212, 0.12645285983540688, 4.409744347192685, 12.005833048895347, 3.4137445162716147, 3.3884539443045343, 2.5065050748659967, 0.5769368029970561, 0.5769368029970561, 0.20553957588240035, 0.09721236377099718, 0.048045171715284773, 0.028215874709604627, 0.07077965077142334, 0.05980447408435907, 0.05058130151873552, 0.014155930154284669, 0.050290398396370506, 21.612006490582115, 4.533963085247293, 4.533963085247293, 4.533963085247293, 4.385502881019111, 12.632778043989125, 5.329536679867145, 5.2410025551344175, 4.591995018554097, 2.16506082820179], maxlen=1000), tilt_threshold: 5.0
2025-03-02 17:37:59 - tilt_change: deque([0, 1.0921605354864212, 1.6953516577661212, 0.12645285983540688, 4.409744347192685, 12.005833048895347, 3.4137445162716147, 3.3884539443045343, 2.5065050748659967, 0.5769368029970561, 0.5769368029970561, 0.20553957588240035, 0.09721236377099718, 0.048045171715284773, 0.028215874709604627, 0.07077965077142334, 0.05980447408435907, 0.05058130151873552, 0.014155930154284669, 0.050290398396370506, 21.612006490582115, 4.533963085247293, 4.533963085247293, 4.533963085247293, 4.385502881019111, 12.632778043989125, 5.329536679867145, 5.2410025551344175, 4.591995018554097, 2.16506082820179], maxlen=1000), tilt_threshold: 5.0
2025-03-02 17:37:59 - tilt_change: deque([0, 1.0921605354864212, 1.6953516577661212, 0.12645285983540688, 4.409744347192685, 12.005833048895347, 3.4137445162716147, 3.3884539443045343, 2.5065050748659967, 0.5769368029970561, 0.5769368029970561, 0.20553957588240035, 0.09721236377099718, 0.048045171715284773, 0.028215874709604627, 0.07077965077142334, 0.05980447408435907, 0.05058130151873552, 0.014155930154284669, 0.050290398396370506, 21.612006490582115, 4.533963085247293, 4.533963085247293, 4.533963085247293, 4.385502881019111, 12.632778043989125, 5.329536679867145, 5.2410025551344175, 4.591995018554097, 2.16506082820179], maxlen=1000), tilt_threshold: 5.0
2025-03-02 17:37:59 - tilt_change: deque([0, 1.0921605354864212, 1.6953516577661212, 0.12645285983540688, 4.409744347192685, 12.005833048895347, 3.4137445162716147, 3.3884539443045343, 2.5065050748659967, 0.5769368029970561, 0.5769368029970561, 0.20553957588240035, 0.09721236377099718, 0.048045171715284773, 0.028215874709604627, 0.07077965077142334, 0.05980447408435907, 0.05058130151873552, 0.014155930154284669, 0.050290398396370506, 21.612006490582115, 4.533963085247293, 4.533963085247293, 4.533963085247293, 4.385502881019111, 12.632778043989125, 5.329536679867145, 5.2410025551344175, 4.591995018554097, 2.16506082820179], maxlen=1000), tilt_threshold: 5.0
2025-03-02 17:37:59 - tilt_change: deque([0, 1.0921605354864212, 1.6953516577661212, 0.12645285983540688, 4.409744347192685, 12.005833048895347, 3.4137445162716147, 3.3884539443045343, 2.5065050748659967, 0.5769368029970561, 0.5769368029970561, 0.20553957588240035, 0.09721236377099718, 0.048045171715284773, 0.028215874709604627, 0.07077965077142334, 0.05980447408435907, 0.05058130151873552, 0.014155930154284669, 0.050290398396370506, 21.612006490582115, 4.533963085247293, 4.533963085247293, 4.533963085247293, 4.385502881019111, 12.632778043989125, 5.329536679867145, 5.2410025551344175, 4.591995018554097, 2.16506082820179], maxlen=1000), tilt_threshold: 5.0
2025-03-02 17:37:59 - tilt_change: deque([0, 1.0921605354864212, 1.6953516577661212, 0.12645285983540688, 4.409744347192685, 12.005833048895347, 3.4137445162716147, 3.3884539443045343, 2.5065050748659967, 0.5769368029970561, 0.5769368029970561, 0.20553957588240035, 0.09721236377099718, 0.048045171715284773, 0.028215874709604627, 0.07077965077142334, 0.05980447408435907, 0.05058130151873552, 0.014155930154284669, 0.050290398396370506, 21.612006490582115, 4.533963085247293, 4.533963085247293, 4.533963085247293, 4.385502881019111, 12.632778043989125, 5.329536679867145, 5.2410025551344175, 4.591995018554097, 2.16506082820179], maxlen=1000), tilt_threshold: 5.0
2025-03-02 17:37:59 - tilt_change: deque([0, 1.0921605354864212, 1.6953516577661212, 0.12645285983540688, 4.409744347192685, 12.005833048895347, 3.4137445162716147, 3.3884539443045343, 2.5065050748659967, 0.5769368029970561, 0.5769368029970561, 0.20553957588240035, 0.09721236377099718, 0.048045171715284773, 0.028215874709604627, 0.07077965077142334, 0.05980447408435907, 0.05058130151873552, 0.014155930154284669, 0.050290398396370506, 21.612006490582115, 4.533963085247293, 4.533963085247293, 4.533963085247293, 4.385502881019111, 12.632778043989125, 5.329536679867145, 5.2410025551344175, 4.591995018554097, 2.16506082820179], maxlen=1000), tilt_threshold: 5.0
2025-03-02 17:37:59 - tilt_change: deque([0, 1.0921605354864212, 1.6953516577661212, 0.12645285983540688, 4.409744347192685, 12.005833048895347, 3.4137445162716147, 3.3884539443045343, 2.5065050748659967, 0.5769368029970561, 0.5769368029970561, 0.20553957588240035, 0.09721236377099718, 0.048045171715284773, 0.028215874709604627, 0.07077965077142334, 0.05980447408435907, 0.05058130151873552, 0.014155930154284669, 0.050290398396370506, 21.612006490582115, 4.533963085247293, 4.533963085247293, 4.533963085247293, 4.385502881019111, 12.632778043989125, 5.329536679867145, 5.2410025551344175, 4.591995018554097, 2.16506082820179], maxlen=1000), tilt_threshold: 5.0
2025-03-02 17:37:59 - tilt_change: deque([0, 1.0921605354864212, 1.6953516577661212, 0.12645285983540688, 4.409744347192685, 12.005833048895347, 3.4137445162716147, 3.3884539443045343, 2.5065050748659967, 0.5769368029970561, 0.5769368029970561, 0.20553957588240035, 0.09721236377099718, 0.048045171715284773, 0.028215874709604627, 0.07077965077142334, 0.05980447408435907, 0.05058130151873552, 0.014155930154284669, 0.050290398396370506, 21.612006490582115, 4.533963085247293, 4.533963085247293, 4.533963085247293, 4.385502881019111, 12.632778043989125, 5.329536679867145, 5.2410025551344175, 4.591995018554097, 2.16506082820179], maxlen=1000), tilt_threshold: 5.0
2025-03-02 17:37:59 - tilt_change: deque([0, 1.0921605354864212, 1.6953516577661212, 0.12645285983540688, 4.409744347192685, 12.005833048895347, 3.4137445162716147, 3.3884539443045343, 2.5065050748659967, 0.5769368029970561, 0.5769368029970561, 0.20553957588240035, 0.09721236377099718, 0.048045171715284773, 0.028215874709604627, 0.07077965077142334, 0.05980447408435907, 0.05058130151873552, 0.014155930154284669, 0.050290398396370506, 21.612006490582115, 4.533963085247293, 4.533963085247293, 4.533963085247293, 4.385502881019111, 12.632778043989125, 5.329536679867145, 5.2410025551344175, 4.591995018554097, 2.16506082820179], maxlen=1000), tilt_threshold: 5.0
2025-03-02 17:37:59 - tilt_change: deque([0, 1.0921605354864212, 1.6953516577661212, 0.12645285983540688, 4.409744347192685, 12.005833048895347, 3.4137445162716147, 3.3884539443045343, 2.5065050748659967, 0.5769368029970561, 0.5769368029970561, 0.20553957588240035, 0.09721236377099718, 0.048045171715284773, 0.028215874709604627, 0.07077965077142334, 0.05980447408435907, 0.05058130151873552, 0.014155930154284669, 0.050290398396370506, 21.612006490582115, 4.533963085247293, 4.533963085247293, 4.533963085247293, 4.385502881019111, 12.632778043989125, 5.329536679867145, 5.2410025551344175, 4.591995018554097, 2.16506082820179], maxlen=1000), tilt_threshold: 5.0
2025-03-02 17:37:59 - tilt_change: deque([0, 1.0921605354864212, 1.6953516577661212, 0.12645285983540688, 4.409744347192685, 12.005833048895347, 3.4137445162716147, 3.3884539443045343, 2.5065050748659967, 0.5769368029970561, 0.5769368029970561, 0.20553957588240035, 0.09721236377099718, 0.048045171715284773, 0.028215874709604627, 0.07077965077142334, 0.05980447408435907, 0.05058130151873552, 0.014155930154284669, 0.050290398396370506, 21.612006490582115, 4.533963085247293, 4.533963085247293, 4.533963085247293, 4.385502881019111, 12.632778043989125, 5.329536679867145, 5.2410025551344175, 4.591995018554097, 2.16506082820179], maxlen=1000), tilt_threshold: 5.0
2025-03-02 17:37:59 - tilt_change: deque([0, 1.0921605354864212, 1.6953516577661212, 0.12645285983540688, 4.409744347192685, 12.005833048895347, 3.4137445162716147, 3.3884539443045343, 2.5065050748659967, 0.5769368029970561, 0.5769368029970561, 0.20553957588240035, 0.09721236377099718, 0.048045171715284773, 0.028215874709604627, 0.07077965077142334, 0.05980447408435907, 0.05058130151873552, 0.014155930154284669, 0.050290398396370506, 21.612006490582115, 4.533963085247293, 4.533963085247293, 4.533963085247293, 4.385502881019111, 12.632778043989125, 5.329536679867145, 5.2410025551344175, 4.591995018554097, 2.16506082820179], maxlen=1000), tilt_threshold: 5.0
2025-03-02 17:37:59 - tilt_change: deque([0, 1.0921605354864212, 1.6953516577661212, 0.12645285983540688, 4.409744347192685, 12.005833048895347, 3.4137445162716147, 3.3884539443045343, 2.5065050748659967, 0.5769368029970561, 0.5769368029970561, 0.20553957588240035, 0.09721236377099718, 0.048045171715284773, 0.028215874709604627, 0.07077965077142334, 0.05980447408435907, 0.05058130151873552, 0.014155930154284669, 0.050290398396370506, 21.612006490582115, 4.533963085247293, 4.533963085247293, 4.533963085247293, 4.385502881019111, 12.632778043989125, 5.329536679867145, 5.2410025551344175, 4.591995018554097, 2.16506082820179], maxlen=1000), tilt_threshold: 5.0
2025-03-02 17:37:59 - tilt_change: deque([0, 1.0921605354864212, 1.6953516577661212, 0.12645285983540688, 4.409744347192685, 12.005833048895347, 3.4137445162716147, 3.3884539443045343, 2.5065050748659967, 0.5769368029970561, 0.5769368029970561, 0.20553957588240035, 0.09721236377099718, 0.048045171715284773, 0.028215874709604627, 0.07077965077142334, 0.05980447408435907, 0.05058130151873552, 0.014155930154284669, 0.050290398396370506, 21.612006490582115, 4.533963085247293, 4.533963085247293, 4.533963085247293, 4.385502881019111, 12.632778043989125, 5.329536679867145, 5.2410025551344175, 4.591995018554097, 2.16506082820179], maxlen=1000), tilt_threshold: 5.0
2025-03-02 17:37:59 - tilt_change: deque([0, 1.0921605354864212, 1.6953516577661212, 0.12645285983540688, 4.409744347192685, 12.005833048895347, 3.4137445162716147, 3.3884539443045343, 2.5065050748659967, 0.5769368029970561, 0.5769368029970561, 0.20553957588240035, 0.09721236377099718, 0.048045171715284773, 0.028215874709604627, 0.07077965077142334, 0.05980447408435907, 0.05058130151873552, 0.014155930154284669, 0.050290398396370506, 21.612006490582115, 4.533963085247293, 4.533963085247293, 4.533963085247293, 4.385502881019111, 12.632778043989125, 5.329536679867145, 5.2410025551344175, 4.591995018554097, 2.16506082820179], maxlen=1000), tilt_threshold: 5.0
2025-03-02 17:37:59 - tilt_change: deque([0, 1.0921605354864212, 1.6953516577661212, 0.12645285983540688, 4.409744347192685, 12.005833048895347, 3.4137445162716147, 3.3884539443045343, 2.5065050748659967, 0.5769368029970561, 0.5769368029970561, 0.20553957588240035, 0.09721236377099718, 0.048045171715284773, 0.028215874709604627, 0.07077965077142334, 0.05980447408435907, 0.05058130151873552, 0.014155930154284669, 0.050290398396370506, 21.612006490582115, 4.533963085247293, 4.533963085247293, 4.533963085247293, 4.385502881019111, 12.632778043989125, 5.329536679867145, 5.2410025551344175, 4.591995018554097, 2.16506082820179], maxlen=1000), tilt_threshold: 5.0
2025-03-02 17:37:59 - tilt_change: deque([0, 1.0921605354864212, 1.6953516577661212, 0.12645285983540688, 4.409744347192685, 12.005833048895347, 3.4137445162716147, 3.3884539443045343, 2.5065050748659967, 0.5769368029970561, 0.5769368029970561, 0.20553957588240035, 0.09721236377099718, 0.048045171715284773, 0.028215874709604627, 0.07077965077142334, 0.05980447408435907, 0.05058130151873552, 0.014155930154284669, 0.050290398396370506, 21.612006490582115, 4.533963085247293, 4.533963085247293, 4.533963085247293, 4.385502881019111, 12.632778043989125, 5.329536679867145, 5.2410025551344175, 4.591995018554097, 2.16506082820179], maxlen=1000), tilt_threshold: 5.0
2025-03-02 17:37:59 - tilt_change: deque([0, 1.0921605354864212, 1.6953516577661212, 0.12645285983540688, 4.409744347192685, 12.005833048895347, 3.4137445162716147, 3.3884539443045343, 2.5065050748659967, 0.5769368029970561, 0.5769368029970561, 0.20553957588240035, 0.09721236377099718, 0.048045171715284773, 0.028215874709604627, 0.07077965077142334, 0.05980447408435907, 0.05058130151873552, 0.014155930154284669, 0.050290398396370506, 21.612006490582115, 4.533963085247293, 4.533963085247293, 4.533963085247293, 4.385502881019111, 12.632778043989125, 5.329536679867145, 5.2410025551344175, 4.591995018554097, 2.16506082820179], maxlen=1000), tilt_threshold: 5.0
2025-03-02 17:37:59 - tilt_change: deque([0, 1.0921605354864212, 1.6953516577661212, 0.12645285983540688, 4.409744347192685, 12.005833048895347, 3.4137445162716147, 3.3884539443045343, 2.5065050748659967, 0.5769368029970561, 0.5769368029970561, 0.20553957588240035, 0.09721236377099718, 0.048045171715284773, 0.028215874709604627, 0.07077965077142334, 0.05980447408435907, 0.05058130151873552, 0.014155930154284669, 0.050290398396370506, 21.612006490582115, 4.533963085247293, 4.533963085247293, 4.533963085247293, 4.385502881019111, 12.632778043989125, 5.329536679867145, 5.2410025551344175, 4.591995018554097, 2.16506082820179], maxlen=1000), tilt_threshold: 5.0
2025-03-02 17:37:59 - tilt_change: deque([0, 1.0921605354864212, 1.6953516577661212, 0.12645285983540688, 4.409744347192685, 12.005833048895347, 3.4137445162716147, 3.3884539443045343, 2.5065050748659967, 0.5769368029970561, 0.5769368029970561, 0.20553957588240035, 0.09721236377099718, 0.048045171715284773, 0.028215874709604627, 0.07077965077142334, 0.05980447408435907, 0.05058130151873552, 0.014155930154284669, 0.050290398396370506, 21.612006490582115, 4.533963085247293, 4.533963085247293, 4.533963085247293, 4.385502881019111, 12.632778043989125, 5.329536679867145, 5.2410025551344175, 4.591995018554097, 2.16506082820179], maxlen=1000), tilt_threshold: 5.0
2025-03-02 17:37:59 - tilt_change: deque([0, 1.0921605354864212, 1.6953516577661212, 0.12645285983540688, 4.409744347192685, 12.005833048895347, 3.4137445162716147, 3.3884539443045343, 2.5065050748659967, 0.5769368029970561, 0.5769368029970561, 0.20553957588240035, 0.09721236377099718, 0.048045171715284773, 0.028215874709604627, 0.07077965077142334, 0.05980447408435907, 0.05058130151873552, 0.014155930154284669, 0.050290398396370506, 21.612006490582115, 4.533963085247293, 4.533963085247293, 4.533963085247293, 4.385502881019111, 12.632778043989125, 5.329536679867145, 5.2410025551344175, 4.591995018554097, 2.16506082820179], maxlen=1000), tilt_threshold: 5.0
2025-03-02 17:37:59 - tilt_change: deque([0, 1.0921605354864212, 1.6953516577661212, 0.12645285983540688, 4.409744347192685, 12.005833048895347, 3.4137445162716147, 3.3884539443045343, 2.5065050748659967, 0.5769368029970561, 0.5769368029970561, 0.20553957588240035, 0.09721236377099718, 0.048045171715284773, 0.028215874709604627, 0.07077965077142334, 0.05980447408435907, 0.05058130151873552, 0.014155930154284669, 0.050290398396370506, 21.612006490582115, 4.533963085247293, 4.533963085247293, 4.533963085247293, 4.385502881019111, 12.632778043989125, 5.329536679867145, 5.2410025551344175, 4.591995018554097, 2.16506082820179], maxlen=1000), tilt_threshold: 5.0
2025-03-02 17:37:59 - tilt_change: deque([0, 1.0921605354864212, 1.6953516577661212, 0.12645285983540688, 4.409744347192685, 12.005833048895347, 3.4137445162716147, 3.3884539443045343, 2.5065050748659967, 0.5769368029970561, 0.5769368029970561, 0.20553957588240035, 0.09721236377099718, 0.048045171715284773, 0.028215874709604627, 0.07077965077142334, 0.05980447408435907, 0.05058130151873552, 0.014155930154284669, 0.050290398396370506, 21.612006490582115, 4.533963085247293, 4.533963085247293, 4.533963085247293, 4.385502881019111, 12.632778043989125, 5.329536679867145, 5.2410025551344175, 4.591995018554097, 2.16506082820179], maxlen=1000), tilt_threshold: 5.0
2025-03-02 17:37:59 - tilt_change: deque([0, 1.0921605354864212, 1.6953516577661212, 0.12645285983540688, 4.409744347192685, 12.005833048895347, 3.4137445162716147, 3.3884539443045343, 2.5065050748659967, 0.5769368029970561, 0.5769368029970561, 0.20553957588240035, 0.09721236377099718, 0.048045171715284773, 0.028215874709604627, 0.07077965077142334, 0.05980447408435907, 0.05058130151873552, 0.014155930154284669, 0.050290398396370506, 21.612006490582115, 4.533963085247293, 4.533963085247293, 4.533963085247293, 4.385502881019111, 12.632778043989125, 5.329536679867145, 5.2410025551344175, 4.591995018554097, 2.16506082820179], maxlen=1000), tilt_threshold: 5.0
2025-03-02 17:37:59 - tilt_change: deque([0, 1.0921605354864212, 1.6953516577661212, 0.12645285983540688, 4.409744347192685, 12.005833048895347, 3.4137445162716147, 3.3884539443045343, 2.5065050748659967, 0.5769368029970561, 0.5769368029970561, 0.20553957588240035, 0.09721236377099718, 0.048045171715284773, 0.028215874709604627, 0.07077965077142334, 0.05980447408435907, 0.05058130151873552, 0.014155930154284669, 0.050290398396370506, 21.612006490582115, 4.533963085247293, 4.533963085247293, 4.533963085247293, 4.385502881019111, 12.632778043989125, 5.329536679867145, 5.2410025551344175, 4.591995018554097, 2.16506082820179], maxlen=1000), tilt_threshold: 5.0
2025-03-02 17:37:59 - tilt_change: deque([0, 1.0921605354864212, 1.6953516577661212, 0.12645285983540688, 4.409744347192685, 12.005833048895347, 3.4137445162716147, 3.3884539443045343, 2.5065050748659967, 0.5769368029970561, 0.5769368029970561, 0.20553957588240035, 0.09721236377099718, 0.048045171715284773, 0.028215874709604627, 0.07077965077142334, 0.05980447408435907, 0.05058130151873552, 0.014155930154284669, 0.050290398396370506, 21.612006490582115, 4.533963085247293, 4.533963085247293, 4.533963085247293, 4.385502881019111, 12.632778043989125, 5.329536679867145, 5.2410025551344175, 4.591995018554097, 2.16506082820179], maxlen=1000), tilt_threshold: 5.0
2025-03-02 17:37:59 - tilt_change: deque([0, 1.0921605354864212, 1.6953516577661212, 0.12645285983540688, 4.409744347192685, 12.005833048895347, 3.4137445162716147, 3.3884539443045343, 2.5065050748659967, 0.5769368029970561, 0.5769368029970561, 0.20553957588240035, 0.09721236377099718, 0.048045171715284773, 0.028215874709604627, 0.07077965077142334, 0.05980447408435907, 0.05058130151873552, 0.014155930154284669, 0.050290398396370506, 21.612006490582115, 4.533963085247293, 4.533963085247293, 4.533963085247293, 4.385502881019111, 12.632778043989125, 5.329536679867145, 5.2410025551344175, 4.591995018554097, 2.16506082820179], maxlen=1000), tilt_threshold: 5.0
2025-03-02 17:37:59 - tilt_change: deque([0, 1.0921605354864212, 1.6953516577661212, 0.12645285983540688, 4.409744347192685, 12.005833048895347, 3.4137445162716147, 3.3884539443045343, 2.5065050748659967, 0.5769368029970561, 0.5769368029970561, 0.20553957588240035, 0.09721236377099718, 0.048045171715284773, 0.028215874709604627, 0.07077965077142334, 0.05980447408435907, 0.05058130151873552, 0.014155930154284669, 0.050290398396370506, 21.612006490582115, 4.533963085247293, 4.533963085247293, 4.533963085247293, 4.385502881019111, 12.632778043989125, 5.329536679867145, 5.2410025551344175, 4.591995018554097, 2.16506082820179], maxlen=1000), tilt_threshold: 5.0
2025-03-02 17:37:59 - tilt_change: deque([0, 1.0921605354864212, 1.6953516577661212, 0.12645285983540688, 4.409744347192685, 12.005833048895347, 3.4137445162716147, 3.3884539443045343, 2.5065050748659967, 0.5769368029970561, 0.5769368029970561, 0.20553957588240035, 0.09721236377099718, 0.048045171715284773, 0.028215874709604627, 0.07077965077142334, 0.05980447408435907, 0.05058130151873552, 0.014155930154284669, 0.050290398396370506, 21.612006490582115, 4.533963085247293, 4.533963085247293, 4.533963085247293, 4.385502881019111, 12.632778043989125, 5.329536679867145, 5.2410025551344175, 4.591995018554097, 2.16506082820179], maxlen=1000), tilt_threshold: 5.0
2025-03-02 17:37:59 - tilt_change: deque([0, 1.0921605354864212, 1.6953516577661212, 0.12645285983540688, 4.409744347192685, 12.005833048895347, 3.4137445162716147, 3.3884539443045343, 2.5065050748659967, 0.5769368029970561, 0.5769368029970561, 0.20553957588240035, 0.09721236377099718, 0.048045171715284773, 0.028215874709604627, 0.07077965077142334, 0.05980447408435907, 0.05058130151873552, 0.014155930154284669, 0.050290398396370506, 21.612006490582115, 4.533963085247293, 4.533963085247293, 4.533963085247293, 4.385502881019111, 12.632778043989125, 5.329536679867145, 5.2410025551344175, 4.591995018554097, 2.16506082820179], maxlen=1000), tilt_threshold: 5.0
2025-03-02 17:37:59 - 
!!! PILL EVENT DETECTED !!!
Pill Event: Time 29015617m 54.9s
  - Within Pick-Place window: 1740937074.9s to 1740937079.9s
  - 3D Tilt: 21.61
  - Orientation: Roll=21.42°, Pitch=-1.07°, Yaw=66.63°
  - Pressure: 439 at 1740937078.4s
  - Light: 78.33 lux at 1740937075.4s
  - Awaiting swallow confirmation (press and hold pressure sensor within 10s)
2025-03-02 17:37:59 - PILL EVENT DETECTED
Pill Event: Time 29015617m 54.9s
  - Within Pick-Place window: 1740937074.9s to 1740937079.9s
  - 3D Tilt: 21.61
  - Orientation: Roll=21.42°, Pitch=-1.07°, Yaw=66.63°
  - Pressure: 439 at 1740937078.4s
  - Light: 78.33 lux at 1740937075.4s
  - Awaiting swallow confirmation (press and hold pressure sensor within 10s)
2025-03-02 17:37:59 - Actual time of event: 2025-03-02 17:37:59
2025-03-02 17:37:59 - Potential swallow confirmation started at 1740937079.9s
2025-03-02 17:37:59 - Progress: IMU 1.1%, PL 1.1% at t=5.0s
2025-03-02 17:37:59 - PICK-PLACE EVENT DETECTED: 1 total
2025-03-02 17:37:59 - PILL EVENT DETECTED: 1 total at t=1740937074.9s
2025-03-02 17:37:59 - INFO - PILL EVENT 1:
  Time: 1740937074.9s
  Tilt: 21.61
  Orientation: r=21.4, p=-1.1, y=66.6
  Pressure: 439.0
  Light: 78.3
  Pick-Place: 1740937074.9s - 1740937079.9s
2025-03-02 17:37:59 - PILL EVENT 1:
  Time: 1740937074.9s
  Tilt: 21.61
  Orientation: r=21.4, p=-1.1, y=66.6
  Pressure: 439.0
  Light: 78.3
  Pick-Place: 1740937074.9s - 1740937079.9s
2025-03-02 17:38:01 - Potential swallow confirmation started at 1740937081.4s
2025-03-02 17:38:04 - 
!!! POSSIBLE FORGOTTEN PILL !!!
POSSIBLE FORGOTTEN PILL: Time 29015618m 4.9s
  - Pill taken at: 1740937074.9s
  - No swallow confirmation received within 10.0s window
2025-03-02 17:38:04 - POSSIBLE FORGOTTEN PILL
POSSIBLE FORGOTTEN PILL: Time 29015618m 4.9s
  - Pill taken at: 1740937074.9s
  - No swallow confirmation received within 10.0s window
2025-03-02 17:38:04 - Actual time of forget event: 2025-03-02 17:38:04
2025-03-02 17:38:04 - Progress: IMU 2.1%, PL 2.2% at t=10.0s
2025-03-02 17:38:07 - Significant tilt change detected: 6.83 degrees
2025-03-02 17:38:08 - Pick up detected at 1740937088.4s (trigger: tilt)
2025-03-02 17:38:08 - Significant tilt change detected: 12.12 degrees
2025-03-02 17:38:08 - Significant tilt change detected: 12.64 degrees
2025-03-02 17:38:09 - Raw accel: ax=0.480, ay=0.020, az=0.850
2025-03-02 17:38:09 - Dynamic accel: ax=0.110, ay=0.040, az=-0.070
2025-03-02 17:38:09 - Dynamic magnitude: 0.136, Smoothed: 0.224
2025-03-02 17:38:09 - motion_threshold: 0.03000, accel_smooth: 0.22416
2025-03-02 17:38:09 - Orientation: r=28.94, p=1.14, y=58.62
2025-03-02 17:38:09 - Rest: r=-6.99, p=-0.18, y=79.57
2025-03-02 17:38:09 - Tilt magnitude: 36.50, Tilt change: 6.50
2025-03-02 17:38:09 - tilt_threshold: 5.00
2025-03-02 17:38:09 - Significant tilt change detected: 6.50 degrees
2025-03-02 17:38:09 - Significant tilt change detected: 5.14 degrees
2025-03-02 17:38:09 - Progress: IMU 3.0%, PL 3.2% at t=15.0s
2025-03-02 17:38:13 - Place down detected (timeout) at 1740937093.9s
2025-03-02 17:38:13 - Place down detected at 1740937093.9s (duration: 5.5s, trigger: timeout)
2025-03-02 17:38:13 - tilt_change: deque([0, 1.0921605354864212, 1.6953516577661212, 0.12645285983540688, 4.409744347192685, 12.005833048895347, 3.4137445162716147, 3.3884539443045343, 2.5065050748659967, 0.5769368029970561, 0.5769368029970561, 0.20553957588240035, 0.09721236377099718, 0.048045171715284773, 0.028215874709604627, 0.07077965077142334, 0.05980447408435907, 0.05058130151873552, 0.014155930154284669, 0.050290398396370506, 21.612006490582115, 4.533963085247293, 4.533963085247293, 4.533963085247293, 4.385502881019111, 12.632778043989125, 5.329536679867145, 5.2410025551344175, 4.591995018554097, 2.16506082820179, 1.0991534922283608, 0.3277144580690192, 0.09962141844551758, 0.03206439418590734, 0.026210218421022585, 0.0213942440653535, 0.1239763399460164, 0.06003286391459106, 0.029651758191513278, 0.04500983391086133, 0.050749851262548495, 0.34371021040789623, 0.09548293336140412, 0.5156393174461497, 0.7047055288976897, 3.5668252301836287, 6.830283388475992, 12.119339346307875, 12.638096268643459, 6.5038601742283815, 5.137803496533183, 2.789421598289569, 1.5051937397275026, 0.31589872331099117, 0.36012537194749966, 0.8344350097925641, 0.8863771300149139, 1.3107887700260221], maxlen=1000), tilt_threshold: 5.0
2025-03-02 17:38:13 - tilt_change: deque([0, 1.0921605354864212, 1.6953516577661212, 0.12645285983540688, 4.409744347192685, 12.005833048895347, 3.4137445162716147, 3.3884539443045343, 2.5065050748659967, 0.5769368029970561, 0.5769368029970561, 0.20553957588240035, 0.09721236377099718, 0.048045171715284773, 0.028215874709604627, 0.07077965077142334, 0.05980447408435907, 0.05058130151873552, 0.014155930154284669, 0.050290398396370506, 21.612006490582115, 4.533963085247293, 4.533963085247293, 4.533963085247293, 4.385502881019111, 12.632778043989125, 5.329536679867145, 5.2410025551344175, 4.591995018554097, 2.16506082820179, 1.0991534922283608, 0.3277144580690192, 0.09962141844551758, 0.03206439418590734, 0.026210218421022585, 0.0213942440653535, 0.1239763399460164, 0.06003286391459106, 0.029651758191513278, 0.04500983391086133, 0.050749851262548495, 0.34371021040789623, 0.09548293336140412, 0.5156393174461497, 0.7047055288976897, 3.5668252301836287, 6.830283388475992, 12.119339346307875, 12.638096268643459, 6.5038601742283815, 5.137803496533183, 2.789421598289569, 1.5051937397275026, 0.31589872331099117, 0.36012537194749966, 0.8344350097925641, 0.8863771300149139, 1.3107887700260221], maxlen=1000), tilt_threshold: 5.0
2025-03-02 17:38:13 - tilt_change: deque([0, 1.0921605354864212, 1.6953516577661212, 0.12645285983540688, 4.409744347192685, 12.005833048895347, 3.4137445162716147, 3.3884539443045343, 2.5065050748659967, 0.5769368029970561, 0.5769368029970561, 0.20553957588240035, 0.09721236377099718, 0.048045171715284773, 0.028215874709604627, 0.07077965077142334, 0.05980447408435907, 0.05058130151873552, 0.014155930154284669, 0.050290398396370506, 21.612006490582115, 4.533963085247293, 4.533963085247293, 4.533963085247293, 4.385502881019111, 12.632778043989125, 5.329536679867145, 5.2410025551344175, 4.591995018554097, 2.16506082820179, 1.0991534922283608, 0.3277144580690192, 0.09962141844551758, 0.03206439418590734, 0.026210218421022585, 0.0213942440653535, 0.1239763399460164, 0.06003286391459106, 0.029651758191513278, 0.04500983391086133, 0.050749851262548495, 0.34371021040789623, 0.09548293336140412, 0.5156393174461497, 0.7047055288976897, 3.5668252301836287, 6.830283388475992, 12.119339346307875, 12.638096268643459, 6.5038601742283815, 5.137803496533183, 2.789421598289569, 1.5051937397275026, 0.31589872331099117, 0.36012537194749966, 0.8344350097925641, 0.8863771300149139, 1.3107887700260221], maxlen=1000), tilt_threshold: 5.0
2025-03-02 17:38:13 - tilt_change: deque([0, 1.0921605354864212, 1.6953516577661212, 0.12645285983540688, 4.409744347192685, 12.005833048895347, 3.4137445162716147, 3.3884539443045343, 2.5065050748659967, 0.5769368029970561, 0.5769368029970561, 0.20553957588240035, 0.09721236377099718, 0.048045171715284773, 0.028215874709604627, 0.07077965077142334, 0.05980447408435907, 0.05058130151873552, 0.014155930154284669, 0.050290398396370506, 21.612006490582115, 4.533963085247293, 4.533963085247293, 4.533963085247293, 4.385502881019111, 12.632778043989125, 5.329536679867145, 5.2410025551344175, 4.591995018554097, 2.16506082820179, 1.0991534922283608, 0.3277144580690192, 0.09962141844551758, 0.03206439418590734, 0.026210218421022585, 0.0213942440653535, 0.1239763399460164, 0.06003286391459106, 0.029651758191513278, 0.04500983391086133, 0.050749851262548495, 0.34371021040789623, 0.09548293336140412, 0.5156393174461497, 0.7047055288976897, 3.5668252301836287, 6.830283388475992, 12.119339346307875, 12.638096268643459, 6.5038601742283815, 5.137803496533183, 2.789421598289569, 1.5051937397275026, 0.31589872331099117, 0.36012537194749966, 0.8344350097925641, 0.8863771300149139, 1.3107887700260221], maxlen=1000), tilt_threshold: 5.0
2025-03-02 17:38:13 - tilt_change: deque([0, 1.0921605354864212, 1.6953516577661212, 0.12645285983540688, 4.409744347192685, 12.005833048895347, 3.4137445162716147, 3.3884539443045343, 2.5065050748659967, 0.5769368029970561, 0.5769368029970561, 0.20553957588240035, 0.09721236377099718, 0.048045171715284773, 0.028215874709604627, 0.07077965077142334, 0.05980447408435907, 0.05058130151873552, 0.014155930154284669, 0.050290398396370506, 21.612006490582115, 4.533963085247293, 4.533963085247293, 4.533963085247293, 4.385502881019111, 12.632778043989125, 5.329536679867145, 5.2410025551344175, 4.591995018554097, 2.16506082820179, 1.0991534922283608, 0.3277144580690192, 0.09962141844551758, 0.03206439418590734, 0.026210218421022585, 0.0213942440653535, 0.1239763399460164, 0.06003286391459106, 0.029651758191513278, 0.04500983391086133, 0.050749851262548495, 0.34371021040789623, 0.09548293336140412, 0.5156393174461497, 0.7047055288976897, 3.5668252301836287, 6.830283388475992, 12.119339346307875, 12.638096268643459, 6.5038601742283815, 5.137803496533183, 2.789421598289569, 1.5051937397275026, 0.31589872331099117, 0.36012537194749966, 0.8344350097925641, 0.8863771300149139, 1.3107887700260221], maxlen=1000), tilt_threshold: 5.0
2025-03-02 17:38:13 - tilt_change: deque([0, 1.0921605354864212, 1.6953516577661212, 0.12645285983540688, 4.409744347192685, 12.005833048895347, 3.4137445162716147, 3.3884539443045343, 2.5065050748659967, 0.5769368029970561, 0.5769368029970561, 0.20553957588240035, 0.09721236377099718, 0.048045171715284773, 0.028215874709604627, 0.07077965077142334, 0.05980447408435907, 0.05058130151873552, 0.014155930154284669, 0.050290398396370506, 21.612006490582115, 4.533963085247293, 4.533963085247293, 4.533963085247293, 4.385502881019111, 12.632778043989125, 5.329536679867145, 5.2410025551344175, 4.591995018554097, 2.16506082820179, 1.0991534922283608, 0.3277144580690192, 0.09962141844551758, 0.03206439418590734, 0.026210218421022585, 0.0213942440653535, 0.1239763399460164, 0.06003286391459106, 0.029651758191513278, 0.04500983391086133, 0.050749851262548495, 0.34371021040789623, 0.09548293336140412, 0.5156393174461497, 0.7047055288976897, 3.5668252301836287, 6.830283388475992, 12.119339346307875, 12.638096268643459, 6.5038601742283815, 5.137803496533183, 2.789421598289569, 1.5051937397275026, 0.31589872331099117, 0.36012537194749966, 0.8344350097925641, 0.8863771300149139, 1.3107887700260221], maxlen=1000), tilt_threshold: 5.0
2025-03-02 17:38:13 - tilt_change: deque([0, 1.0921605354864212, 1.6953516577661212, 0.12645285983540688, 4.409744347192685, 12.005833048895347, 3.4137445162716147, 3.3884539443045343, 2.5065050748659967, 0.5769368029970561, 0.5769368029970561, 0.20553957588240035, 0.09721236377099718, 0.048045171715284773, 0.028215874709604627, 0.07077965077142334, 0.05980447408435907, 0.05058130151873552, 0.014155930154284669, 0.050290398396370506, 21.612006490582115, 4.533963085247293, 4.533963085247293, 4.533963085247293, 4.385502881019111, 12.632778043989125, 5.329536679867145, 5.2410025551344175, 4.591995018554097, 2.16506082820179, 1.0991534922283608, 0.3277144580690192, 0.09962141844551758, 0.03206439418590734, 0.026210218421022585, 0.0213942440653535, 0.1239763399460164, 0.06003286391459106, 0.029651758191513278, 0.04500983391086133, 0.050749851262548495, 0.34371021040789623, 0.09548293336140412, 0.5156393174461497, 0.7047055288976897, 3.5668252301836287, 6.830283388475992, 12.119339346307875, 12.638096268643459, 6.5038601742283815, 5.137803496533183, 2.789421598289569, 1.5051937397275026, 0.31589872331099117, 0.36012537194749966, 0.8344350097925641, 0.8863771300149139, 1.3107887700260221], maxlen=1000), tilt_threshold: 5.0
2025-03-02 17:38:13 - tilt_change: deque([0, 1.0921605354864212, 1.6953516577661212, 0.12645285983540688, 4.409744347192685, 12.005833048895347, 3.4137445162716147, 3.3884539443045343, 2.5065050748659967, 0.5769368029970561, 0.5769368029970561, 0.20553957588240035, 0.09721236377099718, 0.048045171715284773, 0.028215874709604627, 0.07077965077142334, 0.05980447408435907, 0.05058130151873552, 0.014155930154284669, 0.050290398396370506, 21.612006490582115, 4.533963085247293, 4.533963085247293, 4.533963085247293, 4.385502881019111, 12.632778043989125, 5.329536679867145, 5.2410025551344175, 4.591995018554097, 2.16506082820179, 1.0991534922283608, 0.3277144580690192, 0.09962141844551758, 0.03206439418590734, 0.026210218421022585, 0.0213942440653535, 0.1239763399460164, 0.06003286391459106, 0.029651758191513278, 0.04500983391086133, 0.050749851262548495, 0.34371021040789623, 0.09548293336140412, 0.5156393174461497, 0.7047055288976897, 3.5668252301836287, 6.830283388475992, 12.119339346307875, 12.638096268643459, 6.5038601742283815, 5.137803496533183, 2.789421598289569, 1.5051937397275026, 0.31589872331099117, 0.36012537194749966, 0.8344350097925641, 0.8863771300149139, 1.3107887700260221], maxlen=1000), tilt_threshold: 5.0
2025-03-02 17:38:13 - tilt_change: deque([0, 1.0921605354864212, 1.6953516577661212, 0.12645285983540688, 4.409744347192685, 12.005833048895347, 3.4137445162716147, 3.3884539443045343, 2.5065050748659967, 0.5769368029970561, 0.5769368029970561, 0.20553957588240035, 0.09721236377099718, 0.048045171715284773, 0.028215874709604627, 0.07077965077142334, 0.05980447408435907, 0.05058130151873552, 0.014155930154284669, 0.050290398396370506, 21.612006490582115, 4.533963085247293, 4.533963085247293, 4.533963085247293, 4.385502881019111, 12.632778043989125, 5.329536679867145, 5.2410025551344175, 4.591995018554097, 2.16506082820179, 1.0991534922283608, 0.3277144580690192, 0.09962141844551758, 0.03206439418590734, 0.026210218421022585, 0.0213942440653535, 0.1239763399460164, 0.06003286391459106, 0.029651758191513278, 0.04500983391086133, 0.050749851262548495, 0.34371021040789623, 0.09548293336140412, 0.5156393174461497, 0.7047055288976897, 3.5668252301836287, 6.830283388475992, 12.119339346307875, 12.638096268643459, 6.5038601742283815, 5.137803496533183, 2.789421598289569, 1.5051937397275026, 0.31589872331099117, 0.36012537194749966, 0.8344350097925641, 0.8863771300149139, 1.3107887700260221], maxlen=1000), tilt_threshold: 5.0
2025-03-02 17:38:13 - tilt_change: deque([0, 1.0921605354864212, 1.6953516577661212, 0.12645285983540688, 4.409744347192685, 12.005833048895347, 3.4137445162716147, 3.3884539443045343, 2.5065050748659967, 0.5769368029970561, 0.5769368029970561, 0.20553957588240035, 0.09721236377099718, 0.048045171715284773, 0.028215874709604627, 0.07077965077142334, 0.05980447408435907, 0.05058130151873552, 0.014155930154284669, 0.050290398396370506, 21.612006490582115, 4.533963085247293, 4.533963085247293, 4.533963085247293, 4.385502881019111, 12.632778043989125, 5.329536679867145, 5.2410025551344175, 4.591995018554097, 2.16506082820179, 1.0991534922283608, 0.3277144580690192, 0.09962141844551758, 0.03206439418590734, 0.026210218421022585, 0.0213942440653535, 0.1239763399460164, 0.06003286391459106, 0.029651758191513278, 0.04500983391086133, 0.050749851262548495, 0.34371021040789623, 0.09548293336140412, 0.5156393174461497, 0.7047055288976897, 3.5668252301836287, 6.830283388475992, 12.119339346307875, 12.638096268643459, 6.5038601742283815, 5.137803496533183, 2.789421598289569, 1.5051937397275026, 0.31589872331099117, 0.36012537194749966, 0.8344350097925641, 0.8863771300149139, 1.3107887700260221], maxlen=1000), tilt_threshold: 5.0
2025-03-02 17:38:13 - tilt_change: deque([0, 1.0921605354864212, 1.6953516577661212, 0.12645285983540688, 4.409744347192685, 12.005833048895347, 3.4137445162716147, 3.3884539443045343, 2.5065050748659967, 0.5769368029970561, 0.5769368029970561, 0.20553957588240035, 0.09721236377099718, 0.048045171715284773, 0.028215874709604627, 0.07077965077142334, 0.05980447408435907, 0.05058130151873552, 0.014155930154284669, 0.050290398396370506, 21.612006490582115, 4.533963085247293, 4.533963085247293, 4.533963085247293, 4.385502881019111, 12.632778043989125, 5.329536679867145, 5.2410025551344175, 4.591995018554097, 2.16506082820179, 1.0991534922283608, 0.3277144580690192, 0.09962141844551758, 0.03206439418590734, 0.026210218421022585, 0.0213942440653535, 0.1239763399460164, 0.06003286391459106, 0.029651758191513278, 0.04500983391086133, 0.050749851262548495, 0.34371021040789623, 0.09548293336140412, 0.5156393174461497, 0.7047055288976897, 3.5668252301836287, 6.830283388475992, 12.119339346307875, 12.638096268643459, 6.5038601742283815, 5.137803496533183, 2.789421598289569, 1.5051937397275026, 0.31589872331099117, 0.36012537194749966, 0.8344350097925641, 0.8863771300149139, 1.3107887700260221], maxlen=1000), tilt_threshold: 5.0
2025-03-02 17:38:13 - tilt_change: deque([0, 1.0921605354864212, 1.6953516577661212, 0.12645285983540688, 4.409744347192685, 12.005833048895347, 3.4137445162716147, 3.3884539443045343, 2.5065050748659967, 0.5769368029970561, 0.5769368029970561, 0.20553957588240035, 0.09721236377099718, 0.048045171715284773, 0.028215874709604627, 0.07077965077142334, 0.05980447408435907, 0.05058130151873552, 0.014155930154284669, 0.050290398396370506, 21.612006490582115, 4.533963085247293, 4.533963085247293, 4.533963085247293, 4.385502881019111, 12.632778043989125, 5.329536679867145, 5.2410025551344175, 4.591995018554097, 2.16506082820179, 1.0991534922283608, 0.3277144580690192, 0.09962141844551758, 0.03206439418590734, 0.026210218421022585, 0.0213942440653535, 0.1239763399460164, 0.06003286391459106, 0.029651758191513278, 0.04500983391086133, 0.050749851262548495, 0.34371021040789623, 0.09548293336140412, 0.5156393174461497, 0.7047055288976897, 3.5668252301836287, 6.830283388475992, 12.119339346307875, 12.638096268643459, 6.5038601742283815, 5.137803496533183, 2.789421598289569, 1.5051937397275026, 0.31589872331099117, 0.36012537194749966, 0.8344350097925641, 0.8863771300149139, 1.3107887700260221], maxlen=1000), tilt_threshold: 5.0
2025-03-02 17:38:13 - tilt_change: deque([0, 1.0921605354864212, 1.6953516577661212, 0.12645285983540688, 4.409744347192685, 12.005833048895347, 3.4137445162716147, 3.3884539443045343, 2.5065050748659967, 0.5769368029970561, 0.5769368029970561, 0.20553957588240035, 0.09721236377099718, 0.048045171715284773, 0.028215874709604627, 0.07077965077142334, 0.05980447408435907, 0.05058130151873552, 0.014155930154284669, 0.050290398396370506, 21.612006490582115, 4.533963085247293, 4.533963085247293, 4.533963085247293, 4.385502881019111, 12.632778043989125, 5.329536679867145, 5.2410025551344175, 4.591995018554097, 2.16506082820179, 1.0991534922283608, 0.3277144580690192, 0.09962141844551758, 0.03206439418590734, 0.026210218421022585, 0.0213942440653535, 0.1239763399460164, 0.06003286391459106, 0.029651758191513278, 0.04500983391086133, 0.050749851262548495, 0.34371021040789623, 0.09548293336140412, 0.5156393174461497, 0.7047055288976897, 3.5668252301836287, 6.830283388475992, 12.119339346307875, 12.638096268643459, 6.5038601742283815, 5.137803496533183, 2.789421598289569, 1.5051937397275026, 0.31589872331099117, 0.36012537194749966, 0.8344350097925641, 0.8863771300149139, 1.3107887700260221], maxlen=1000), tilt_threshold: 5.0
2025-03-02 17:38:13 - tilt_change: deque([0, 1.0921605354864212, 1.6953516577661212, 0.12645285983540688, 4.409744347192685, 12.005833048895347, 3.4137445162716147, 3.3884539443045343, 2.5065050748659967, 0.5769368029970561, 0.5769368029970561, 0.20553957588240035, 0.09721236377099718, 0.048045171715284773, 0.028215874709604627, 0.07077965077142334, 0.05980447408435907, 0.05058130151873552, 0.014155930154284669, 0.050290398396370506, 21.612006490582115, 4.533963085247293, 4.533963085247293, 4.533963085247293, 4.385502881019111, 12.632778043989125, 5.329536679867145, 5.2410025551344175, 4.591995018554097, 2.16506082820179, 1.0991534922283608, 0.3277144580690192, 0.09962141844551758, 0.03206439418590734, 0.026210218421022585, 0.0213942440653535, 0.1239763399460164, 0.06003286391459106, 0.029651758191513278, 0.04500983391086133, 0.050749851262548495, 0.34371021040789623, 0.09548293336140412, 0.5156393174461497, 0.7047055288976897, 3.5668252301836287, 6.830283388475992, 12.119339346307875, 12.638096268643459, 6.5038601742283815, 5.137803496533183, 2.789421598289569, 1.5051937397275026, 0.31589872331099117, 0.36012537194749966, 0.8344350097925641, 0.8863771300149139, 1.3107887700260221], maxlen=1000), tilt_threshold: 5.0
2025-03-02 17:38:13 - tilt_change: deque([0, 1.0921605354864212, 1.6953516577661212, 0.12645285983540688, 4.409744347192685, 12.005833048895347, 3.4137445162716147, 3.3884539443045343, 2.5065050748659967, 0.5769368029970561, 0.5769368029970561, 0.20553957588240035, 0.09721236377099718, 0.048045171715284773, 0.028215874709604627, 0.07077965077142334, 0.05980447408435907, 0.05058130151873552, 0.014155930154284669, 0.050290398396370506, 21.612006490582115, 4.533963085247293, 4.533963085247293, 4.533963085247293, 4.385502881019111, 12.632778043989125, 5.329536679867145, 5.2410025551344175, 4.591995018554097, 2.16506082820179, 1.0991534922283608, 0.3277144580690192, 0.09962141844551758, 0.03206439418590734, 0.026210218421022585, 0.0213942440653535, 0.1239763399460164, 0.06003286391459106, 0.029651758191513278, 0.04500983391086133, 0.050749851262548495, 0.34371021040789623, 0.09548293336140412, 0.5156393174461497, 0.7047055288976897, 3.5668252301836287, 6.830283388475992, 12.119339346307875, 12.638096268643459, 6.5038601742283815, 5.137803496533183, 2.789421598289569, 1.5051937397275026, 0.31589872331099117, 0.36012537194749966, 0.8344350097925641, 0.8863771300149139, 1.3107887700260221], maxlen=1000), tilt_threshold: 5.0
2025-03-02 17:38:13 - tilt_change: deque([0, 1.0921605354864212, 1.6953516577661212, 0.12645285983540688, 4.409744347192685, 12.005833048895347, 3.4137445162716147, 3.3884539443045343, 2.5065050748659967, 0.5769368029970561, 0.5769368029970561, 0.20553957588240035, 0.09721236377099718, 0.048045171715284773, 0.028215874709604627, 0.07077965077142334, 0.05980447408435907, 0.05058130151873552, 0.014155930154284669, 0.050290398396370506, 21.612006490582115, 4.533963085247293, 4.533963085247293, 4.533963085247293, 4.385502881019111, 12.632778043989125, 5.329536679867145, 5.2410025551344175, 4.591995018554097, 2.16506082820179, 1.0991534922283608, 0.3277144580690192, 0.09962141844551758, 0.03206439418590734, 0.026210218421022585, 0.0213942440653535, 0.1239763399460164, 0.06003286391459106, 0.029651758191513278, 0.04500983391086133, 0.050749851262548495, 0.34371021040789623, 0.09548293336140412, 0.5156393174461497, 0.7047055288976897, 3.5668252301836287, 6.830283388475992, 12.119339346307875, 12.638096268643459, 6.5038601742283815, 5.137803496533183, 2.789421598289569, 1.5051937397275026, 0.31589872331099117, 0.36012537194749966, 0.8344350097925641, 0.8863771300149139, 1.3107887700260221], maxlen=1000), tilt_threshold: 5.0
2025-03-02 17:38:13 - tilt_change: deque([0, 1.0921605354864212, 1.6953516577661212, 0.12645285983540688, 4.409744347192685, 12.005833048895347, 3.4137445162716147, 3.3884539443045343, 2.5065050748659967, 0.5769368029970561, 0.5769368029970561, 0.20553957588240035, 0.09721236377099718, 0.048045171715284773, 0.028215874709604627, 0.07077965077142334, 0.05980447408435907, 0.05058130151873552, 0.014155930154284669, 0.050290398396370506, 21.612006490582115, 4.533963085247293, 4.533963085247293, 4.533963085247293, 4.385502881019111, 12.632778043989125, 5.329536679867145, 5.2410025551344175, 4.591995018554097, 2.16506082820179, 1.0991534922283608, 0.3277144580690192, 0.09962141844551758, 0.03206439418590734, 0.026210218421022585, 0.0213942440653535, 0.1239763399460164, 0.06003286391459106, 0.029651758191513278, 0.04500983391086133, 0.050749851262548495, 0.34371021040789623, 0.09548293336140412, 0.5156393174461497, 0.7047055288976897, 3.5668252301836287, 6.830283388475992, 12.119339346307875, 12.638096268643459, 6.5038601742283815, 5.137803496533183, 2.789421598289569, 1.5051937397275026, 0.31589872331099117, 0.36012537194749966, 0.8344350097925641, 0.8863771300149139, 1.3107887700260221], maxlen=1000), tilt_threshold: 5.0
2025-03-02 17:38:13 - tilt_change: deque([0, 1.0921605354864212, 1.6953516577661212, 0.12645285983540688, 4.409744347192685, 12.005833048895347, 3.4137445162716147, 3.3884539443045343, 2.5065050748659967, 0.5769368029970561, 0.5769368029970561, 0.20553957588240035, 0.09721236377099718, 0.048045171715284773, 0.028215874709604627, 0.07077965077142334, 0.05980447408435907, 0.05058130151873552, 0.014155930154284669, 0.050290398396370506, 21.612006490582115, 4.533963085247293, 4.533963085247293, 4.533963085247293, 4.385502881019111, 12.632778043989125, 5.329536679867145, 5.2410025551344175, 4.591995018554097, 2.16506082820179, 1.0991534922283608, 0.3277144580690192, 0.09962141844551758, 0.03206439418590734, 0.026210218421022585, 0.0213942440653535, 0.1239763399460164, 0.06003286391459106, 0.029651758191513278, 0.04500983391086133, 0.050749851262548495, 0.34371021040789623, 0.09548293336140412, 0.5156393174461497, 0.7047055288976897, 3.5668252301836287, 6.830283388475992, 12.119339346307875, 12.638096268643459, 6.5038601742283815, 5.137803496533183, 2.789421598289569, 1.5051937397275026, 0.31589872331099117, 0.36012537194749966, 0.8344350097925641, 0.8863771300149139, 1.3107887700260221], maxlen=1000), tilt_threshold: 5.0
2025-03-02 17:38:13 - tilt_change: deque([0, 1.0921605354864212, 1.6953516577661212, 0.12645285983540688, 4.409744347192685, 12.005833048895347, 3.4137445162716147, 3.3884539443045343, 2.5065050748659967, 0.5769368029970561, 0.5769368029970561, 0.20553957588240035, 0.09721236377099718, 0.048045171715284773, 0.028215874709604627, 0.07077965077142334, 0.05980447408435907, 0.05058130151873552, 0.014155930154284669, 0.050290398396370506, 21.612006490582115, 4.533963085247293, 4.533963085247293, 4.533963085247293, 4.385502881019111, 12.632778043989125, 5.329536679867145, 5.2410025551344175, 4.591995018554097, 2.16506082820179, 1.0991534922283608, 0.3277144580690192, 0.09962141844551758, 0.03206439418590734, 0.026210218421022585, 0.0213942440653535, 0.1239763399460164, 0.06003286391459106, 0.029651758191513278, 0.04500983391086133, 0.050749851262548495, 0.34371021040789623, 0.09548293336140412, 0.5156393174461497, 0.7047055288976897, 3.5668252301836287, 6.830283388475992, 12.119339346307875, 12.638096268643459, 6.5038601742283815, 5.137803496533183, 2.789421598289569, 1.5051937397275026, 0.31589872331099117, 0.36012537194749966, 0.8344350097925641, 0.8863771300149139, 1.3107887700260221], maxlen=1000), tilt_threshold: 5.0
2025-03-02 17:38:13 - tilt_change: deque([0, 1.0921605354864212, 1.6953516577661212, 0.12645285983540688, 4.409744347192685, 12.005833048895347, 3.4137445162716147, 3.3884539443045343, 2.5065050748659967, 0.5769368029970561, 0.5769368029970561, 0.20553957588240035, 0.09721236377099718, 0.048045171715284773, 0.028215874709604627, 0.07077965077142334, 0.05980447408435907, 0.05058130151873552, 0.014155930154284669, 0.050290398396370506, 21.612006490582115, 4.533963085247293, 4.533963085247293, 4.533963085247293, 4.385502881019111, 12.632778043989125, 5.329536679867145, 5.2410025551344175, 4.591995018554097, 2.16506082820179, 1.0991534922283608, 0.3277144580690192, 0.09962141844551758, 0.03206439418590734, 0.026210218421022585, 0.0213942440653535, 0.1239763399460164, 0.06003286391459106, 0.029651758191513278, 0.04500983391086133, 0.050749851262548495, 0.34371021040789623, 0.09548293336140412, 0.5156393174461497, 0.7047055288976897, 3.5668252301836287, 6.830283388475992, 12.119339346307875, 12.638096268643459, 6.5038601742283815, 5.137803496533183, 2.789421598289569, 1.5051937397275026, 0.31589872331099117, 0.36012537194749966, 0.8344350097925641, 0.8863771300149139, 1.3107887700260221], maxlen=1000), tilt_threshold: 5.0
2025-03-02 17:38:13 - tilt_change: deque([0, 1.0921605354864212, 1.6953516577661212, 0.12645285983540688, 4.409744347192685, 12.005833048895347, 3.4137445162716147, 3.3884539443045343, 2.5065050748659967, 0.5769368029970561, 0.5769368029970561, 0.20553957588240035, 0.09721236377099718, 0.048045171715284773, 0.028215874709604627, 0.07077965077142334, 0.05980447408435907, 0.05058130151873552, 0.014155930154284669, 0.050290398396370506, 21.612006490582115, 4.533963085247293, 4.533963085247293, 4.533963085247293, 4.385502881019111, 12.632778043989125, 5.329536679867145, 5.2410025551344175, 4.591995018554097, 2.16506082820179, 1.0991534922283608, 0.3277144580690192, 0.09962141844551758, 0.03206439418590734, 0.026210218421022585, 0.0213942440653535, 0.1239763399460164, 0.06003286391459106, 0.029651758191513278, 0.04500983391086133, 0.050749851262548495, 0.34371021040789623, 0.09548293336140412, 0.5156393174461497, 0.7047055288976897, 3.5668252301836287, 6.830283388475992, 12.119339346307875, 12.638096268643459, 6.5038601742283815, 5.137803496533183, 2.789421598289569, 1.5051937397275026, 0.31589872331099117, 0.36012537194749966, 0.8344350097925641, 0.8863771300149139, 1.3107887700260221], maxlen=1000), tilt_threshold: 5.0
2025-03-02 17:38:13 - tilt_change: deque([0, 1.0921605354864212, 1.6953516577661212, 0.12645285983540688, 4.409744347192685, 12.005833048895347, 3.4137445162716147, 3.3884539443045343, 2.5065050748659967, 0.5769368029970561, 0.5769368029970561, 0.20553957588240035, 0.09721236377099718, 0.048045171715284773, 0.028215874709604627, 0.07077965077142334, 0.05980447408435907, 0.05058130151873552, 0.014155930154284669, 0.050290398396370506, 21.612006490582115, 4.533963085247293, 4.533963085247293, 4.533963085247293, 4.385502881019111, 12.632778043989125, 5.329536679867145, 5.2410025551344175, 4.591995018554097, 2.16506082820179, 1.0991534922283608, 0.3277144580690192, 0.09962141844551758, 0.03206439418590734, 0.026210218421022585, 0.0213942440653535, 0.1239763399460164, 0.06003286391459106, 0.029651758191513278, 0.04500983391086133, 0.050749851262548495, 0.34371021040789623, 0.09548293336140412, 0.5156393174461497, 0.7047055288976897, 3.5668252301836287, 6.830283388475992, 12.119339346307875, 12.638096268643459, 6.5038601742283815, 5.137803496533183, 2.789421598289569, 1.5051937397275026, 0.31589872331099117, 0.36012537194749966, 0.8344350097925641, 0.8863771300149139, 1.3107887700260221], maxlen=1000), tilt_threshold: 5.0
2025-03-02 17:38:13 - tilt_change: deque([0, 1.0921605354864212, 1.6953516577661212, 0.12645285983540688, 4.409744347192685, 12.005833048895347, 3.4137445162716147, 3.3884539443045343, 2.5065050748659967, 0.5769368029970561, 0.5769368029970561, 0.20553957588240035, 0.09721236377099718, 0.048045171715284773, 0.028215874709604627, 0.07077965077142334, 0.05980447408435907, 0.05058130151873552, 0.014155930154284669, 0.050290398396370506, 21.612006490582115, 4.533963085247293, 4.533963085247293, 4.533963085247293, 4.385502881019111, 12.632778043989125, 5.329536679867145, 5.2410025551344175, 4.591995018554097, 2.16506082820179, 1.0991534922283608, 0.3277144580690192, 0.09962141844551758, 0.03206439418590734, 0.026210218421022585, 0.0213942440653535, 0.1239763399460164, 0.06003286391459106, 0.029651758191513278, 0.04500983391086133, 0.050749851262548495, 0.34371021040789623, 0.09548293336140412, 0.5156393174461497, 0.7047055288976897, 3.5668252301836287, 6.830283388475992, 12.119339346307875, 12.638096268643459, 6.5038601742283815, 5.137803496533183, 2.789421598289569, 1.5051937397275026, 0.31589872331099117, 0.36012537194749966, 0.8344350097925641, 0.8863771300149139, 1.3107887700260221], maxlen=1000), tilt_threshold: 5.0
2025-03-02 17:38:13 - tilt_change: deque([0, 1.0921605354864212, 1.6953516577661212, 0.12645285983540688, 4.409744347192685, 12.005833048895347, 3.4137445162716147, 3.3884539443045343, 2.5065050748659967, 0.5769368029970561, 0.5769368029970561, 0.20553957588240035, 0.09721236377099718, 0.048045171715284773, 0.028215874709604627, 0.07077965077142334, 0.05980447408435907, 0.05058130151873552, 0.014155930154284669, 0.050290398396370506, 21.612006490582115, 4.533963085247293, 4.533963085247293, 4.533963085247293, 4.385502881019111, 12.632778043989125, 5.329536679867145, 5.2410025551344175, 4.591995018554097, 2.16506082820179, 1.0991534922283608, 0.3277144580690192, 0.09962141844551758, 0.03206439418590734, 0.026210218421022585, 0.0213942440653535, 0.1239763399460164, 0.06003286391459106, 0.029651758191513278, 0.04500983391086133, 0.050749851262548495, 0.34371021040789623, 0.09548293336140412, 0.5156393174461497, 0.7047055288976897, 3.5668252301836287, 6.830283388475992, 12.119339346307875, 12.638096268643459, 6.5038601742283815, 5.137803496533183, 2.789421598289569, 1.5051937397275026, 0.31589872331099117, 0.36012537194749966, 0.8344350097925641, 0.8863771300149139, 1.3107887700260221], maxlen=1000), tilt_threshold: 5.0
2025-03-02 17:38:13 - tilt_change: deque([0, 1.0921605354864212, 1.6953516577661212, 0.12645285983540688, 4.409744347192685, 12.005833048895347, 3.4137445162716147, 3.3884539443045343, 2.5065050748659967, 0.5769368029970561, 0.5769368029970561, 0.20553957588240035, 0.09721236377099718, 0.048045171715284773, 0.028215874709604627, 0.07077965077142334, 0.05980447408435907, 0.05058130151873552, 0.014155930154284669, 0.050290398396370506, 21.612006490582115, 4.533963085247293, 4.533963085247293, 4.533963085247293, 4.385502881019111, 12.632778043989125, 5.329536679867145, 5.2410025551344175, 4.591995018554097, 2.16506082820179, 1.0991534922283608, 0.3277144580690192, 0.09962141844551758, 0.03206439418590734, 0.026210218421022585, 0.0213942440653535, 0.1239763399460164, 0.06003286391459106, 0.029651758191513278, 0.04500983391086133, 0.050749851262548495, 0.34371021040789623, 0.09548293336140412, 0.5156393174461497, 0.7047055288976897, 3.5668252301836287, 6.830283388475992, 12.119339346307875, 12.638096268643459, 6.5038601742283815, 5.137803496533183, 2.789421598289569, 1.5051937397275026, 0.31589872331099117, 0.36012537194749966, 0.8344350097925641, 0.8863771300149139, 1.3107887700260221], maxlen=1000), tilt_threshold: 5.0
2025-03-02 17:38:13 - tilt_change: deque([0, 1.0921605354864212, 1.6953516577661212, 0.12645285983540688, 4.409744347192685, 12.005833048895347, 3.4137445162716147, 3.3884539443045343, 2.5065050748659967, 0.5769368029970561, 0.5769368029970561, 0.20553957588240035, 0.09721236377099718, 0.048045171715284773, 0.028215874709604627, 0.07077965077142334, 0.05980447408435907, 0.05058130151873552, 0.014155930154284669, 0.050290398396370506, 21.612006490582115, 4.533963085247293, 4.533963085247293, 4.533963085247293, 4.385502881019111, 12.632778043989125, 5.329536679867145, 5.2410025551344175, 4.591995018554097, 2.16506082820179, 1.0991534922283608, 0.3277144580690192, 0.09962141844551758, 0.03206439418590734, 0.026210218421022585, 0.0213942440653535, 0.1239763399460164, 0.06003286391459106, 0.029651758191513278, 0.04500983391086133, 0.050749851262548495, 0.34371021040789623, 0.09548293336140412, 0.5156393174461497, 0.7047055288976897, 3.5668252301836287, 6.830283388475992, 12.119339346307875, 12.638096268643459, 6.5038601742283815, 5.137803496533183, 2.789421598289569, 1.5051937397275026, 0.31589872331099117, 0.36012537194749966, 0.8344350097925641, 0.8863771300149139, 1.3107887700260221], maxlen=1000), tilt_threshold: 5.0
2025-03-02 17:38:13 - tilt_change: deque([0, 1.0921605354864212, 1.6953516577661212, 0.12645285983540688, 4.409744347192685, 12.005833048895347, 3.4137445162716147, 3.3884539443045343, 2.5065050748659967, 0.5769368029970561, 0.5769368029970561, 0.20553957588240035, 0.09721236377099718, 0.048045171715284773, 0.028215874709604627, 0.07077965077142334, 0.05980447408435907, 0.05058130151873552, 0.014155930154284669, 0.050290398396370506, 21.612006490582115, 4.533963085247293, 4.533963085247293, 4.533963085247293, 4.385502881019111, 12.632778043989125, 5.329536679867145, 5.2410025551344175, 4.591995018554097, 2.16506082820179, 1.0991534922283608, 0.3277144580690192, 0.09962141844551758, 0.03206439418590734, 0.026210218421022585, 0.0213942440653535, 0.1239763399460164, 0.06003286391459106, 0.029651758191513278, 0.04500983391086133, 0.050749851262548495, 0.34371021040789623, 0.09548293336140412, 0.5156393174461497, 0.7047055288976897, 3.5668252301836287, 6.830283388475992, 12.119339346307875, 12.638096268643459, 6.5038601742283815, 5.137803496533183, 2.789421598289569, 1.5051937397275026, 0.31589872331099117, 0.36012537194749966, 0.8344350097925641, 0.8863771300149139, 1.3107887700260221], maxlen=1000), tilt_threshold: 5.0
2025-03-02 17:38:13 - tilt_change: deque([0, 1.0921605354864212, 1.6953516577661212, 0.12645285983540688, 4.409744347192685, 12.005833048895347, 3.4137445162716147, 3.3884539443045343, 2.5065050748659967, 0.5769368029970561, 0.5769368029970561, 0.20553957588240035, 0.09721236377099718, 0.048045171715284773, 0.028215874709604627, 0.07077965077142334, 0.05980447408435907, 0.05058130151873552, 0.014155930154284669, 0.050290398396370506, 21.612006490582115, 4.533963085247293, 4.533963085247293, 4.533963085247293, 4.385502881019111, 12.632778043989125, 5.329536679867145, 5.2410025551344175, 4.591995018554097, 2.16506082820179, 1.0991534922283608, 0.3277144580690192, 0.09962141844551758, 0.03206439418590734, 0.026210218421022585, 0.0213942440653535, 0.1239763399460164, 0.06003286391459106, 0.029651758191513278, 0.04500983391086133, 0.050749851262548495, 0.34371021040789623, 0.09548293336140412, 0.5156393174461497, 0.7047055288976897, 3.5668252301836287, 6.830283388475992, 12.119339346307875, 12.638096268643459, 6.5038601742283815, 5.137803496533183, 2.789421598289569, 1.5051937397275026, 0.31589872331099117, 0.36012537194749966, 0.8344350097925641, 0.8863771300149139, 1.3107887700260221], maxlen=1000), tilt_threshold: 5.0
2025-03-02 17:38:13 - tilt_change: deque([0, 1.0921605354864212, 1.6953516577661212, 0.12645285983540688, 4.409744347192685, 12.005833048895347, 3.4137445162716147, 3.3884539443045343, 2.5065050748659967, 0.5769368029970561, 0.5769368029970561, 0.20553957588240035, 0.09721236377099718, 0.048045171715284773, 0.028215874709604627, 0.07077965077142334, 0.05980447408435907, 0.05058130151873552, 0.014155930154284669, 0.050290398396370506, 21.612006490582115, 4.533963085247293, 4.533963085247293, 4.533963085247293, 4.385502881019111, 12.632778043989125, 5.329536679867145, 5.2410025551344175, 4.591995018554097, 2.16506082820179, 1.0991534922283608, 0.3277144580690192, 0.09962141844551758, 0.03206439418590734, 0.026210218421022585, 0.0213942440653535, 0.1239763399460164, 0.06003286391459106, 0.029651758191513278, 0.04500983391086133, 0.050749851262548495, 0.34371021040789623, 0.09548293336140412, 0.5156393174461497, 0.7047055288976897, 3.5668252301836287, 6.830283388475992, 12.119339346307875, 12.638096268643459, 6.5038601742283815, 5.137803496533183, 2.789421598289569, 1.5051937397275026, 0.31589872331099117, 0.36012537194749966, 0.8344350097925641, 0.8863771300149139, 1.3107887700260221], maxlen=1000), tilt_threshold: 5.0
2025-03-02 17:38:13 - tilt_change: deque([0, 1.0921605354864212, 1.6953516577661212, 0.12645285983540688, 4.409744347192685, 12.005833048895347, 3.4137445162716147, 3.3884539443045343, 2.5065050748659967, 0.5769368029970561, 0.5769368029970561, 0.20553957588240035, 0.09721236377099718, 0.048045171715284773, 0.028215874709604627, 0.07077965077142334, 0.05980447408435907, 0.05058130151873552, 0.014155930154284669, 0.050290398396370506, 21.612006490582115, 4.533963085247293, 4.533963085247293, 4.533963085247293, 4.385502881019111, 12.632778043989125, 5.329536679867145, 5.2410025551344175, 4.591995018554097, 2.16506082820179, 1.0991534922283608, 0.3277144580690192, 0.09962141844551758, 0.03206439418590734, 0.026210218421022585, 0.0213942440653535, 0.1239763399460164, 0.06003286391459106, 0.029651758191513278, 0.04500983391086133, 0.050749851262548495, 0.34371021040789623, 0.09548293336140412, 0.5156393174461497, 0.7047055288976897, 3.5668252301836287, 6.830283388475992, 12.119339346307875, 12.638096268643459, 6.5038601742283815, 5.137803496533183, 2.789421598289569, 1.5051937397275026, 0.31589872331099117, 0.36012537194749966, 0.8344350097925641, 0.8863771300149139, 1.3107887700260221], maxlen=1000), tilt_threshold: 5.0
2025-03-02 17:38:13 - tilt_change: deque([0, 1.0921605354864212, 1.6953516577661212, 0.12645285983540688, 4.409744347192685, 12.005833048895347, 3.4137445162716147, 3.3884539443045343, 2.5065050748659967, 0.5769368029970561, 0.5769368029970561, 0.20553957588240035, 0.09721236377099718, 0.048045171715284773, 0.028215874709604627, 0.07077965077142334, 0.05980447408435907, 0.05058130151873552, 0.014155930154284669, 0.050290398396370506, 21.612006490582115, 4.533963085247293, 4.533963085247293, 4.533963085247293, 4.385502881019111, 12.632778043989125, 5.329536679867145, 5.2410025551344175, 4.591995018554097, 2.16506082820179, 1.0991534922283608, 0.3277144580690192, 0.09962141844551758, 0.03206439418590734, 0.026210218421022585, 0.0213942440653535, 0.1239763399460164, 0.06003286391459106, 0.029651758191513278, 0.04500983391086133, 0.050749851262548495, 0.34371021040789623, 0.09548293336140412, 0.5156393174461497, 0.7047055288976897, 3.5668252301836287, 6.830283388475992, 12.119339346307875, 12.638096268643459, 6.5038601742283815, 5.137803496533183, 2.789421598289569, 1.5051937397275026, 0.31589872331099117, 0.36012537194749966, 0.8344350097925641, 0.8863771300149139, 1.3107887700260221], maxlen=1000), tilt_threshold: 5.0
2025-03-02 17:38:13 - tilt_change: deque([0, 1.0921605354864212, 1.6953516577661212, 0.12645285983540688, 4.409744347192685, 12.005833048895347, 3.4137445162716147, 3.3884539443045343, 2.5065050748659967, 0.5769368029970561, 0.5769368029970561, 0.20553957588240035, 0.09721236377099718, 0.048045171715284773, 0.028215874709604627, 0.07077965077142334, 0.05980447408435907, 0.05058130151873552, 0.014155930154284669, 0.050290398396370506, 21.612006490582115, 4.533963085247293, 4.533963085247293, 4.533963085247293, 4.385502881019111, 12.632778043989125, 5.329536679867145, 5.2410025551344175, 4.591995018554097, 2.16506082820179, 1.0991534922283608, 0.3277144580690192, 0.09962141844551758, 0.03206439418590734, 0.026210218421022585, 0.0213942440653535, 0.1239763399460164, 0.06003286391459106, 0.029651758191513278, 0.04500983391086133, 0.050749851262548495, 0.34371021040789623, 0.09548293336140412, 0.5156393174461497, 0.7047055288976897, 3.5668252301836287, 6.830283388475992, 12.119339346307875, 12.638096268643459, 6.5038601742283815, 5.137803496533183, 2.789421598289569, 1.5051937397275026, 0.31589872331099117, 0.36012537194749966, 0.8344350097925641, 0.8863771300149139, 1.3107887700260221], maxlen=1000), tilt_threshold: 5.0
2025-03-02 17:38:13 - tilt_change: deque([0, 1.0921605354864212, 1.6953516577661212, 0.12645285983540688, 4.409744347192685, 12.005833048895347, 3.4137445162716147, 3.3884539443045343, 2.5065050748659967, 0.5769368029970561, 0.5769368029970561, 0.20553957588240035, 0.09721236377099718, 0.048045171715284773, 0.028215874709604627, 0.07077965077142334, 0.05980447408435907, 0.05058130151873552, 0.014155930154284669, 0.050290398396370506, 21.612006490582115, 4.533963085247293, 4.533963085247293, 4.533963085247293, 4.385502881019111, 12.632778043989125, 5.329536679867145, 5.2410025551344175, 4.591995018554097, 2.16506082820179, 1.0991534922283608, 0.3277144580690192, 0.09962141844551758, 0.03206439418590734, 0.026210218421022585, 0.0213942440653535, 0.1239763399460164, 0.06003286391459106, 0.029651758191513278, 0.04500983391086133, 0.050749851262548495, 0.34371021040789623, 0.09548293336140412, 0.5156393174461497, 0.7047055288976897, 3.5668252301836287, 6.830283388475992, 12.119339346307875, 12.638096268643459, 6.5038601742283815, 5.137803496533183, 2.789421598289569, 1.5051937397275026, 0.31589872331099117, 0.36012537194749966, 0.8344350097925641, 0.8863771300149139, 1.3107887700260221], maxlen=1000), tilt_threshold: 5.0
2025-03-02 17:38:13 - tilt_change: deque([0, 1.0921605354864212, 1.6953516577661212, 0.12645285983540688, 4.409744347192685, 12.005833048895347, 3.4137445162716147, 3.3884539443045343, 2.5065050748659967, 0.5769368029970561, 0.5769368029970561, 0.20553957588240035, 0.09721236377099718, 0.048045171715284773, 0.028215874709604627, 0.07077965077142334, 0.05980447408435907, 0.05058130151873552, 0.014155930154284669, 0.050290398396370506, 21.612006490582115, 4.533963085247293, 4.533963085247293, 4.533963085247293, 4.385502881019111, 12.632778043989125, 5.329536679867145, 5.2410025551344175, 4.591995018554097, 2.16506082820179, 1.0991534922283608, 0.3277144580690192, 0.09962141844551758, 0.03206439418590734, 0.026210218421022585, 0.0213942440653535, 0.1239763399460164, 0.06003286391459106, 0.029651758191513278, 0.04500983391086133, 0.050749851262548495, 0.34371021040789623, 0.09548293336140412, 0.5156393174461497, 0.7047055288976897, 3.5668252301836287, 6.830283388475992, 12.119339346307875, 12.638096268643459, 6.5038601742283815, 5.137803496533183, 2.789421598289569, 1.5051937397275026, 0.31589872331099117, 0.36012537194749966, 0.8344350097925641, 0.8863771300149139, 1.3107887700260221], maxlen=1000), tilt_threshold: 5.0
2025-03-02 17:38:13 - tilt_change: deque([0, 1.0921605354864212, 1.6953516577661212, 0.12645285983540688, 4.409744347192685, 12.005833048895347, 3.4137445162716147, 3.3884539443045343, 2.5065050748659967, 0.5769368029970561, 0.5769368029970561, 0.20553957588240035, 0.09721236377099718, 0.048045171715284773, 0.028215874709604627, 0.07077965077142334, 0.05980447408435907, 0.05058130151873552, 0.014155930154284669, 0.050290398396370506, 21.612006490582115, 4.533963085247293, 4.533963085247293, 4.533963085247293, 4.385502881019111, 12.632778043989125, 5.329536679867145, 5.2410025551344175, 4.591995018554097, 2.16506082820179, 1.0991534922283608, 0.3277144580690192, 0.09962141844551758, 0.03206439418590734, 0.026210218421022585, 0.0213942440653535, 0.1239763399460164, 0.06003286391459106, 0.029651758191513278, 0.04500983391086133, 0.050749851262548495, 0.34371021040789623, 0.09548293336140412, 0.5156393174461497, 0.7047055288976897, 3.5668252301836287, 6.830283388475992, 12.119339346307875, 12.638096268643459, 6.5038601742283815, 5.137803496533183, 2.789421598289569, 1.5051937397275026, 0.31589872331099117, 0.36012537194749966, 0.8344350097925641, 0.8863771300149139, 1.3107887700260221], maxlen=1000), tilt_threshold: 5.0
2025-03-02 17:38:13 - tilt_change: deque([0, 1.0921605354864212, 1.6953516577661212, 0.12645285983540688, 4.409744347192685, 12.005833048895347, 3.4137445162716147, 3.3884539443045343, 2.5065050748659967, 0.5769368029970561, 0.5769368029970561, 0.20553957588240035, 0.09721236377099718, 0.048045171715284773, 0.028215874709604627, 0.07077965077142334, 0.05980447408435907, 0.05058130151873552, 0.014155930154284669, 0.050290398396370506, 21.612006490582115, 4.533963085247293, 4.533963085247293, 4.533963085247293, 4.385502881019111, 12.632778043989125, 5.329536679867145, 5.2410025551344175, 4.591995018554097, 2.16506082820179, 1.0991534922283608, 0.3277144580690192, 0.09962141844551758, 0.03206439418590734, 0.026210218421022585, 0.0213942440653535, 0.1239763399460164, 0.06003286391459106, 0.029651758191513278, 0.04500983391086133, 0.050749851262548495, 0.34371021040789623, 0.09548293336140412, 0.5156393174461497, 0.7047055288976897, 3.5668252301836287, 6.830283388475992, 12.119339346307875, 12.638096268643459, 6.5038601742283815, 5.137803496533183, 2.789421598289569, 1.5051937397275026, 0.31589872331099117, 0.36012537194749966, 0.8344350097925641, 0.8863771300149139, 1.3107887700260221], maxlen=1000), tilt_threshold: 5.0
2025-03-02 17:38:13 - tilt_change: deque([0, 1.0921605354864212, 1.6953516577661212, 0.12645285983540688, 4.409744347192685, 12.005833048895347, 3.4137445162716147, 3.3884539443045343, 2.5065050748659967, 0.5769368029970561, 0.5769368029970561, 0.20553957588240035, 0.09721236377099718, 0.048045171715284773, 0.028215874709604627, 0.07077965077142334, 0.05980447408435907, 0.05058130151873552, 0.014155930154284669, 0.050290398396370506, 21.612006490582115, 4.533963085247293, 4.533963085247293, 4.533963085247293, 4.385502881019111, 12.632778043989125, 5.329536679867145, 5.2410025551344175, 4.591995018554097, 2.16506082820179, 1.0991534922283608, 0.3277144580690192, 0.09962141844551758, 0.03206439418590734, 0.026210218421022585, 0.0213942440653535, 0.1239763399460164, 0.06003286391459106, 0.029651758191513278, 0.04500983391086133, 0.050749851262548495, 0.34371021040789623, 0.09548293336140412, 0.5156393174461497, 0.7047055288976897, 3.5668252301836287, 6.830283388475992, 12.119339346307875, 12.638096268643459, 6.5038601742283815, 5.137803496533183, 2.789421598289569, 1.5051937397275026, 0.31589872331099117, 0.36012537194749966, 0.8344350097925641, 0.8863771300149139, 1.3107887700260221], maxlen=1000), tilt_threshold: 5.0
2025-03-02 17:38:13 - tilt_change: deque([0, 1.0921605354864212, 1.6953516577661212, 0.12645285983540688, 4.409744347192685, 12.005833048895347, 3.4137445162716147, 3.3884539443045343, 2.5065050748659967, 0.5769368029970561, 0.5769368029970561, 0.20553957588240035, 0.09721236377099718, 0.048045171715284773, 0.028215874709604627, 0.07077965077142334, 0.05980447408435907, 0.05058130151873552, 0.014155930154284669, 0.050290398396370506, 21.612006490582115, 4.533963085247293, 4.533963085247293, 4.533963085247293, 4.385502881019111, 12.632778043989125, 5.329536679867145, 5.2410025551344175, 4.591995018554097, 2.16506082820179, 1.0991534922283608, 0.3277144580690192, 0.09962141844551758, 0.03206439418590734, 0.026210218421022585, 0.0213942440653535, 0.1239763399460164, 0.06003286391459106, 0.029651758191513278, 0.04500983391086133, 0.050749851262548495, 0.34371021040789623, 0.09548293336140412, 0.5156393174461497, 0.7047055288976897, 3.5668252301836287, 6.830283388475992, 12.119339346307875, 12.638096268643459, 6.5038601742283815, 5.137803496533183, 2.789421598289569, 1.5051937397275026, 0.31589872331099117, 0.36012537194749966, 0.8344350097925641, 0.8863771300149139, 1.3107887700260221], maxlen=1000), tilt_threshold: 5.0
2025-03-02 17:38:13 - tilt_change: deque([0, 1.0921605354864212, 1.6953516577661212, 0.12645285983540688, 4.409744347192685, 12.005833048895347, 3.4137445162716147, 3.3884539443045343, 2.5065050748659967, 0.5769368029970561, 0.5769368029970561, 0.20553957588240035, 0.09721236377099718, 0.048045171715284773, 0.028215874709604627, 0.07077965077142334, 0.05980447408435907, 0.05058130151873552, 0.014155930154284669, 0.050290398396370506, 21.612006490582115, 4.533963085247293, 4.533963085247293, 4.533963085247293, 4.385502881019111, 12.632778043989125, 5.329536679867145, 5.2410025551344175, 4.591995018554097, 2.16506082820179, 1.0991534922283608, 0.3277144580690192, 0.09962141844551758, 0.03206439418590734, 0.026210218421022585, 0.0213942440653535, 0.1239763399460164, 0.06003286391459106, 0.029651758191513278, 0.04500983391086133, 0.050749851262548495, 0.34371021040789623, 0.09548293336140412, 0.5156393174461497, 0.7047055288976897, 3.5668252301836287, 6.830283388475992, 12.119339346307875, 12.638096268643459, 6.5038601742283815, 5.137803496533183, 2.789421598289569, 1.5051937397275026, 0.31589872331099117, 0.36012537194749966, 0.8344350097925641, 0.8863771300149139, 1.3107887700260221], maxlen=1000), tilt_threshold: 5.0
2025-03-02 17:38:13 - tilt_change: deque([0, 1.0921605354864212, 1.6953516577661212, 0.12645285983540688, 4.409744347192685, 12.005833048895347, 3.4137445162716147, 3.3884539443045343, 2.5065050748659967, 0.5769368029970561, 0.5769368029970561, 0.20553957588240035, 0.09721236377099718, 0.048045171715284773, 0.028215874709604627, 0.07077965077142334, 0.05980447408435907, 0.05058130151873552, 0.014155930154284669, 0.050290398396370506, 21.612006490582115, 4.533963085247293, 4.533963085247293, 4.533963085247293, 4.385502881019111, 12.632778043989125, 5.329536679867145, 5.2410025551344175, 4.591995018554097, 2.16506082820179, 1.0991534922283608, 0.3277144580690192, 0.09962141844551758, 0.03206439418590734, 0.026210218421022585, 0.0213942440653535, 0.1239763399460164, 0.06003286391459106, 0.029651758191513278, 0.04500983391086133, 0.050749851262548495, 0.34371021040789623, 0.09548293336140412, 0.5156393174461497, 0.7047055288976897, 3.5668252301836287, 6.830283388475992, 12.119339346307875, 12.638096268643459, 6.5038601742283815, 5.137803496533183, 2.789421598289569, 1.5051937397275026, 0.31589872331099117, 0.36012537194749966, 0.8344350097925641, 0.8863771300149139, 1.3107887700260221], maxlen=1000), tilt_threshold: 5.0
2025-03-02 17:38:13 - tilt_change: deque([0, 1.0921605354864212, 1.6953516577661212, 0.12645285983540688, 4.409744347192685, 12.005833048895347, 3.4137445162716147, 3.3884539443045343, 2.5065050748659967, 0.5769368029970561, 0.5769368029970561, 0.20553957588240035, 0.09721236377099718, 0.048045171715284773, 0.028215874709604627, 0.07077965077142334, 0.05980447408435907, 0.05058130151873552, 0.014155930154284669, 0.050290398396370506, 21.612006490582115, 4.533963085247293, 4.533963085247293, 4.533963085247293, 4.385502881019111, 12.632778043989125, 5.329536679867145, 5.2410025551344175, 4.591995018554097, 2.16506082820179, 1.0991534922283608, 0.3277144580690192, 0.09962141844551758, 0.03206439418590734, 0.026210218421022585, 0.0213942440653535, 0.1239763399460164, 0.06003286391459106, 0.029651758191513278, 0.04500983391086133, 0.050749851262548495, 0.34371021040789623, 0.09548293336140412, 0.5156393174461497, 0.7047055288976897, 3.5668252301836287, 6.830283388475992, 12.119339346307875, 12.638096268643459, 6.5038601742283815, 5.137803496533183, 2.789421598289569, 1.5051937397275026, 0.31589872331099117, 0.36012537194749966, 0.8344350097925641, 0.8863771300149139, 1.3107887700260221], maxlen=1000), tilt_threshold: 5.0
2025-03-02 17:38:13 - tilt_change: deque([0, 1.0921605354864212, 1.6953516577661212, 0.12645285983540688, 4.409744347192685, 12.005833048895347, 3.4137445162716147, 3.3884539443045343, 2.5065050748659967, 0.5769368029970561, 0.5769368029970561, 0.20553957588240035, 0.09721236377099718, 0.048045171715284773, 0.028215874709604627, 0.07077965077142334, 0.05980447408435907, 0.05058130151873552, 0.014155930154284669, 0.050290398396370506, 21.612006490582115, 4.533963085247293, 4.533963085247293, 4.533963085247293, 4.385502881019111, 12.632778043989125, 5.329536679867145, 5.2410025551344175, 4.591995018554097, 2.16506082820179, 1.0991534922283608, 0.3277144580690192, 0.09962141844551758, 0.03206439418590734, 0.026210218421022585, 0.0213942440653535, 0.1239763399460164, 0.06003286391459106, 0.029651758191513278, 0.04500983391086133, 0.050749851262548495, 0.34371021040789623, 0.09548293336140412, 0.5156393174461497, 0.7047055288976897, 3.5668252301836287, 6.830283388475992, 12.119339346307875, 12.638096268643459, 6.5038601742283815, 5.137803496533183, 2.789421598289569, 1.5051937397275026, 0.31589872331099117, 0.36012537194749966, 0.8344350097925641, 0.8863771300149139, 1.3107887700260221], maxlen=1000), tilt_threshold: 5.0
2025-03-02 17:38:13 - tilt_change: deque([0, 1.0921605354864212, 1.6953516577661212, 0.12645285983540688, 4.409744347192685, 12.005833048895347, 3.4137445162716147, 3.3884539443045343, 2.5065050748659967, 0.5769368029970561, 0.5769368029970561, 0.20553957588240035, 0.09721236377099718, 0.048045171715284773, 0.028215874709604627, 0.07077965077142334, 0.05980447408435907, 0.05058130151873552, 0.014155930154284669, 0.050290398396370506, 21.612006490582115, 4.533963085247293, 4.533963085247293, 4.533963085247293, 4.385502881019111, 12.632778043989125, 5.329536679867145, 5.2410025551344175, 4.591995018554097, 2.16506082820179, 1.0991534922283608, 0.3277144580690192, 0.09962141844551758, 0.03206439418590734, 0.026210218421022585, 0.0213942440653535, 0.1239763399460164, 0.06003286391459106, 0.029651758191513278, 0.04500983391086133, 0.050749851262548495, 0.34371021040789623, 0.09548293336140412, 0.5156393174461497, 0.7047055288976897, 3.5668252301836287, 6.830283388475992, 12.119339346307875, 12.638096268643459, 6.5038601742283815, 5.137803496533183, 2.789421598289569, 1.5051937397275026, 0.31589872331099117, 0.36012537194749966, 0.8344350097925641, 0.8863771300149139, 1.3107887700260221], maxlen=1000), tilt_threshold: 5.0
2025-03-02 17:38:13 - tilt_change: deque([0, 1.0921605354864212, 1.6953516577661212, 0.12645285983540688, 4.409744347192685, 12.005833048895347, 3.4137445162716147, 3.3884539443045343, 2.5065050748659967, 0.5769368029970561, 0.5769368029970561, 0.20553957588240035, 0.09721236377099718, 0.048045171715284773, 0.028215874709604627, 0.07077965077142334, 0.05980447408435907, 0.05058130151873552, 0.014155930154284669, 0.050290398396370506, 21.612006490582115, 4.533963085247293, 4.533963085247293, 4.533963085247293, 4.385502881019111, 12.632778043989125, 5.329536679867145, 5.2410025551344175, 4.591995018554097, 2.16506082820179, 1.0991534922283608, 0.3277144580690192, 0.09962141844551758, 0.03206439418590734, 0.026210218421022585, 0.0213942440653535, 0.1239763399460164, 0.06003286391459106, 0.029651758191513278, 0.04500983391086133, 0.050749851262548495, 0.34371021040789623, 0.09548293336140412, 0.5156393174461497, 0.7047055288976897, 3.5668252301836287, 6.830283388475992, 12.119339346307875, 12.638096268643459, 6.5038601742283815, 5.137803496533183, 2.789421598289569, 1.5051937397275026, 0.31589872331099117, 0.36012537194749966, 0.8344350097925641, 0.8863771300149139, 1.3107887700260221], maxlen=1000), tilt_threshold: 5.0
2025-03-02 17:38:13 - tilt_change: deque([0, 1.0921605354864212, 1.6953516577661212, 0.12645285983540688, 4.409744347192685, 12.005833048895347, 3.4137445162716147, 3.3884539443045343, 2.5065050748659967, 0.5769368029970561, 0.5769368029970561, 0.20553957588240035, 0.09721236377099718, 0.048045171715284773, 0.028215874709604627, 0.07077965077142334, 0.05980447408435907, 0.05058130151873552, 0.014155930154284669, 0.050290398396370506, 21.612006490582115, 4.533963085247293, 4.533963085247293, 4.533963085247293, 4.385502881019111, 12.632778043989125, 5.329536679867145, 5.2410025551344175, 4.591995018554097, 2.16506082820179, 1.0991534922283608, 0.3277144580690192, 0.09962141844551758, 0.03206439418590734, 0.026210218421022585, 0.0213942440653535, 0.1239763399460164, 0.06003286391459106, 0.029651758191513278, 0.04500983391086133, 0.050749851262548495, 0.34371021040789623, 0.09548293336140412, 0.5156393174461497, 0.7047055288976897, 3.5668252301836287, 6.830283388475992, 12.119339346307875, 12.638096268643459, 6.5038601742283815, 5.137803496533183, 2.789421598289569, 1.5051937397275026, 0.31589872331099117, 0.36012537194749966, 0.8344350097925641, 0.8863771300149139, 1.3107887700260221], maxlen=1000), tilt_threshold: 5.0
2025-03-02 17:38:13 - tilt_change: deque([0, 1.0921605354864212, 1.6953516577661212, 0.12645285983540688, 4.409744347192685, 12.005833048895347, 3.4137445162716147, 3.3884539443045343, 2.5065050748659967, 0.5769368029970561, 0.5769368029970561, 0.20553957588240035, 0.09721236377099718, 0.048045171715284773, 0.028215874709604627, 0.07077965077142334, 0.05980447408435907, 0.05058130151873552, 0.014155930154284669, 0.050290398396370506, 21.612006490582115, 4.533963085247293, 4.533963085247293, 4.533963085247293, 4.385502881019111, 12.632778043989125, 5.329536679867145, 5.2410025551344175, 4.591995018554097, 2.16506082820179, 1.0991534922283608, 0.3277144580690192, 0.09962141844551758, 0.03206439418590734, 0.026210218421022585, 0.0213942440653535, 0.1239763399460164, 0.06003286391459106, 0.029651758191513278, 0.04500983391086133, 0.050749851262548495, 0.34371021040789623, 0.09548293336140412, 0.5156393174461497, 0.7047055288976897, 3.5668252301836287, 6.830283388475992, 12.119339346307875, 12.638096268643459, 6.5038601742283815, 5.137803496533183, 2.789421598289569, 1.5051937397275026, 0.31589872331099117, 0.36012537194749966, 0.8344350097925641, 0.8863771300149139, 1.3107887700260221], maxlen=1000), tilt_threshold: 5.0
2025-03-02 17:38:13 - tilt_change: deque([0, 1.0921605354864212, 1.6953516577661212, 0.12645285983540688, 4.409744347192685, 12.005833048895347, 3.4137445162716147, 3.3884539443045343, 2.5065050748659967, 0.5769368029970561, 0.5769368029970561, 0.20553957588240035, 0.09721236377099718, 0.048045171715284773, 0.028215874709604627, 0.07077965077142334, 0.05980447408435907, 0.05058130151873552, 0.014155930154284669, 0.050290398396370506, 21.612006490582115, 4.533963085247293, 4.533963085247293, 4.533963085247293, 4.385502881019111, 12.632778043989125, 5.329536679867145, 5.2410025551344175, 4.591995018554097, 2.16506082820179, 1.0991534922283608, 0.3277144580690192, 0.09962141844551758, 0.03206439418590734, 0.026210218421022585, 0.0213942440653535, 0.1239763399460164, 0.06003286391459106, 0.029651758191513278, 0.04500983391086133, 0.050749851262548495, 0.34371021040789623, 0.09548293336140412, 0.5156393174461497, 0.7047055288976897, 3.5668252301836287, 6.830283388475992, 12.119339346307875, 12.638096268643459, 6.5038601742283815, 5.137803496533183, 2.789421598289569, 1.5051937397275026, 0.31589872331099117, 0.36012537194749966, 0.8344350097925641, 0.8863771300149139, 1.3107887700260221], maxlen=1000), tilt_threshold: 5.0
2025-03-02 17:38:13 - tilt_change: deque([0, 1.0921605354864212, 1.6953516577661212, 0.12645285983540688, 4.409744347192685, 12.005833048895347, 3.4137445162716147, 3.3884539443045343, 2.5065050748659967, 0.5769368029970561, 0.5769368029970561, 0.20553957588240035, 0.09721236377099718, 0.048045171715284773, 0.028215874709604627, 0.07077965077142334, 0.05980447408435907, 0.05058130151873552, 0.014155930154284669, 0.050290398396370506, 21.612006490582115, 4.533963085247293, 4.533963085247293, 4.533963085247293, 4.385502881019111, 12.632778043989125, 5.329536679867145, 5.2410025551344175, 4.591995018554097, 2.16506082820179, 1.0991534922283608, 0.3277144580690192, 0.09962141844551758, 0.03206439418590734, 0.026210218421022585, 0.0213942440653535, 0.1239763399460164, 0.06003286391459106, 0.029651758191513278, 0.04500983391086133, 0.050749851262548495, 0.34371021040789623, 0.09548293336140412, 0.5156393174461497, 0.7047055288976897, 3.5668252301836287, 6.830283388475992, 12.119339346307875, 12.638096268643459, 6.5038601742283815, 5.137803496533183, 2.789421598289569, 1.5051937397275026, 0.31589872331099117, 0.36012537194749966, 0.8344350097925641, 0.8863771300149139, 1.3107887700260221], maxlen=1000), tilt_threshold: 5.0
2025-03-02 17:38:13 - tilt_change: deque([0, 1.0921605354864212, 1.6953516577661212, 0.12645285983540688, 4.409744347192685, 12.005833048895347, 3.4137445162716147, 3.3884539443045343, 2.5065050748659967, 0.5769368029970561, 0.5769368029970561, 0.20553957588240035, 0.09721236377099718, 0.048045171715284773, 0.028215874709604627, 0.07077965077142334, 0.05980447408435907, 0.05058130151873552, 0.014155930154284669, 0.050290398396370506, 21.612006490582115, 4.533963085247293, 4.533963085247293, 4.533963085247293, 4.385502881019111, 12.632778043989125, 5.329536679867145, 5.2410025551344175, 4.591995018554097, 2.16506082820179, 1.0991534922283608, 0.3277144580690192, 0.09962141844551758, 0.03206439418590734, 0.026210218421022585, 0.0213942440653535, 0.1239763399460164, 0.06003286391459106, 0.029651758191513278, 0.04500983391086133, 0.050749851262548495, 0.34371021040789623, 0.09548293336140412, 0.5156393174461497, 0.7047055288976897, 3.5668252301836287, 6.830283388475992, 12.119339346307875, 12.638096268643459, 6.5038601742283815, 5.137803496533183, 2.789421598289569, 1.5051937397275026, 0.31589872331099117, 0.36012537194749966, 0.8344350097925641, 0.8863771300149139, 1.3107887700260221], maxlen=1000), tilt_threshold: 5.0
2025-03-02 17:38:13 - tilt_change: deque([0, 1.0921605354864212, 1.6953516577661212, 0.12645285983540688, 4.409744347192685, 12.005833048895347, 3.4137445162716147, 3.3884539443045343, 2.5065050748659967, 0.5769368029970561, 0.5769368029970561, 0.20553957588240035, 0.09721236377099718, 0.048045171715284773, 0.028215874709604627, 0.07077965077142334, 0.05980447408435907, 0.05058130151873552, 0.014155930154284669, 0.050290398396370506, 21.612006490582115, 4.533963085247293, 4.533963085247293, 4.533963085247293, 4.385502881019111, 12.632778043989125, 5.329536679867145, 5.2410025551344175, 4.591995018554097, 2.16506082820179, 1.0991534922283608, 0.3277144580690192, 0.09962141844551758, 0.03206439418590734, 0.026210218421022585, 0.0213942440653535, 0.1239763399460164, 0.06003286391459106, 0.029651758191513278, 0.04500983391086133, 0.050749851262548495, 0.34371021040789623, 0.09548293336140412, 0.5156393174461497, 0.7047055288976897, 3.5668252301836287, 6.830283388475992, 12.119339346307875, 12.638096268643459, 6.5038601742283815, 5.137803496533183, 2.789421598289569, 1.5051937397275026, 0.31589872331099117, 0.36012537194749966, 0.8344350097925641, 0.8863771300149139, 1.3107887700260221], maxlen=1000), tilt_threshold: 5.0
2025-03-02 17:38:13 - tilt_change: deque([0, 1.0921605354864212, 1.6953516577661212, 0.12645285983540688, 4.409744347192685, 12.005833048895347, 3.4137445162716147, 3.3884539443045343, 2.5065050748659967, 0.5769368029970561, 0.5769368029970561, 0.20553957588240035, 0.09721236377099718, 0.048045171715284773, 0.028215874709604627, 0.07077965077142334, 0.05980447408435907, 0.05058130151873552, 0.014155930154284669, 0.050290398396370506, 21.612006490582115, 4.533963085247293, 4.533963085247293, 4.533963085247293, 4.385502881019111, 12.632778043989125, 5.329536679867145, 5.2410025551344175, 4.591995018554097, 2.16506082820179, 1.0991534922283608, 0.3277144580690192, 0.09962141844551758, 0.03206439418590734, 0.026210218421022585, 0.0213942440653535, 0.1239763399460164, 0.06003286391459106, 0.029651758191513278, 0.04500983391086133, 0.050749851262548495, 0.34371021040789623, 0.09548293336140412, 0.5156393174461497, 0.7047055288976897, 3.5668252301836287, 6.830283388475992, 12.119339346307875, 12.638096268643459, 6.5038601742283815, 5.137803496533183, 2.789421598289569, 1.5051937397275026, 0.31589872331099117, 0.36012537194749966, 0.8344350097925641, 0.8863771300149139, 1.3107887700260221], maxlen=1000), tilt_threshold: 5.0
2025-03-02 17:38:13 - tilt_change: deque([0, 1.0921605354864212, 1.6953516577661212, 0.12645285983540688, 4.409744347192685, 12.005833048895347, 3.4137445162716147, 3.3884539443045343, 2.5065050748659967, 0.5769368029970561, 0.5769368029970561, 0.20553957588240035, 0.09721236377099718, 0.048045171715284773, 0.028215874709604627, 0.07077965077142334, 0.05980447408435907, 0.05058130151873552, 0.014155930154284669, 0.050290398396370506, 21.612006490582115, 4.533963085247293, 4.533963085247293, 4.533963085247293, 4.385502881019111, 12.632778043989125, 5.329536679867145, 5.2410025551344175, 4.591995018554097, 2.16506082820179, 1.0991534922283608, 0.3277144580690192, 0.09962141844551758, 0.03206439418590734, 0.026210218421022585, 0.0213942440653535, 0.1239763399460164, 0.06003286391459106, 0.029651758191513278, 0.04500983391086133, 0.050749851262548495, 0.34371021040789623, 0.09548293336140412, 0.5156393174461497, 0.7047055288976897, 3.5668252301836287, 6.830283388475992, 12.119339346307875, 12.638096268643459, 6.5038601742283815, 5.137803496533183, 2.789421598289569, 1.5051937397275026, 0.31589872331099117, 0.36012537194749966, 0.8344350097925641, 0.8863771300149139, 1.3107887700260221], maxlen=1000), tilt_threshold: 5.0
2025-03-02 17:38:13 - tilt_change: deque([0, 1.0921605354864212, 1.6953516577661212, 0.12645285983540688, 4.409744347192685, 12.005833048895347, 3.4137445162716147, 3.3884539443045343, 2.5065050748659967, 0.5769368029970561, 0.5769368029970561, 0.20553957588240035, 0.09721236377099718, 0.048045171715284773, 0.028215874709604627, 0.07077965077142334, 0.05980447408435907, 0.05058130151873552, 0.014155930154284669, 0.050290398396370506, 21.612006490582115, 4.533963085247293, 4.533963085247293, 4.533963085247293, 4.385502881019111, 12.632778043989125, 5.329536679867145, 5.2410025551344175, 4.591995018554097, 2.16506082820179, 1.0991534922283608, 0.3277144580690192, 0.09962141844551758, 0.03206439418590734, 0.026210218421022585, 0.0213942440653535, 0.1239763399460164, 0.06003286391459106, 0.029651758191513278, 0.04500983391086133, 0.050749851262548495, 0.34371021040789623, 0.09548293336140412, 0.5156393174461497, 0.7047055288976897, 3.5668252301836287, 6.830283388475992, 12.119339346307875, 12.638096268643459, 6.5038601742283815, 5.137803496533183, 2.789421598289569, 1.5051937397275026, 0.31589872331099117, 0.36012537194749966, 0.8344350097925641, 0.8863771300149139, 1.3107887700260221], maxlen=1000), tilt_threshold: 5.0
2025-03-02 17:38:13 - tilt_change: deque([0, 1.0921605354864212, 1.6953516577661212, 0.12645285983540688, 4.409744347192685, 12.005833048895347, 3.4137445162716147, 3.3884539443045343, 2.5065050748659967, 0.5769368029970561, 0.5769368029970561, 0.20553957588240035, 0.09721236377099718, 0.048045171715284773, 0.028215874709604627, 0.07077965077142334, 0.05980447408435907, 0.05058130151873552, 0.014155930154284669, 0.050290398396370506, 21.612006490582115, 4.533963085247293, 4.533963085247293, 4.533963085247293, 4.385502881019111, 12.632778043989125, 5.329536679867145, 5.2410025551344175, 4.591995018554097, 2.16506082820179, 1.0991534922283608, 0.3277144580690192, 0.09962141844551758, 0.03206439418590734, 0.026210218421022585, 0.0213942440653535, 0.1239763399460164, 0.06003286391459106, 0.029651758191513278, 0.04500983391086133, 0.050749851262548495, 0.34371021040789623, 0.09548293336140412, 0.5156393174461497, 0.7047055288976897, 3.5668252301836287, 6.830283388475992, 12.119339346307875, 12.638096268643459, 6.5038601742283815, 5.137803496533183, 2.789421598289569, 1.5051937397275026, 0.31589872331099117, 0.36012537194749966, 0.8344350097925641, 0.8863771300149139, 1.3107887700260221], maxlen=1000), tilt_threshold: 5.0
2025-03-02 17:38:13 - tilt_change: deque([0, 1.0921605354864212, 1.6953516577661212, 0.12645285983540688, 4.409744347192685, 12.005833048895347, 3.4137445162716147, 3.3884539443045343, 2.5065050748659967, 0.5769368029970561, 0.5769368029970561, 0.20553957588240035, 0.09721236377099718, 0.048045171715284773, 0.028215874709604627, 0.07077965077142334, 0.05980447408435907, 0.05058130151873552, 0.014155930154284669, 0.050290398396370506, 21.612006490582115, 4.533963085247293, 4.533963085247293, 4.533963085247293, 4.385502881019111, 12.632778043989125, 5.329536679867145, 5.2410025551344175, 4.591995018554097, 2.16506082820179, 1.0991534922283608, 0.3277144580690192, 0.09962141844551758, 0.03206439418590734, 0.026210218421022585, 0.0213942440653535, 0.1239763399460164, 0.06003286391459106, 0.029651758191513278, 0.04500983391086133, 0.050749851262548495, 0.34371021040789623, 0.09548293336140412, 0.5156393174461497, 0.7047055288976897, 3.5668252301836287, 6.830283388475992, 12.119339346307875, 12.638096268643459, 6.5038601742283815, 5.137803496533183, 2.789421598289569, 1.5051937397275026, 0.31589872331099117, 0.36012537194749966, 0.8344350097925641, 0.8863771300149139, 1.3107887700260221], maxlen=1000), tilt_threshold: 5.0
2025-03-02 17:38:13 - tilt_change: deque([0, 1.0921605354864212, 1.6953516577661212, 0.12645285983540688, 4.409744347192685, 12.005833048895347, 3.4137445162716147, 3.3884539443045343, 2.5065050748659967, 0.5769368029970561, 0.5769368029970561, 0.20553957588240035, 0.09721236377099718, 0.048045171715284773, 0.028215874709604627, 0.07077965077142334, 0.05980447408435907, 0.05058130151873552, 0.014155930154284669, 0.050290398396370506, 21.612006490582115, 4.533963085247293, 4.533963085247293, 4.533963085247293, 4.385502881019111, 12.632778043989125, 5.329536679867145, 5.2410025551344175, 4.591995018554097, 2.16506082820179, 1.0991534922283608, 0.3277144580690192, 0.09962141844551758, 0.03206439418590734, 0.026210218421022585, 0.0213942440653535, 0.1239763399460164, 0.06003286391459106, 0.029651758191513278, 0.04500983391086133, 0.050749851262548495, 0.34371021040789623, 0.09548293336140412, 0.5156393174461497, 0.7047055288976897, 3.5668252301836287, 6.830283388475992, 12.119339346307875, 12.638096268643459, 6.5038601742283815, 5.137803496533183, 2.789421598289569, 1.5051937397275026, 0.31589872331099117, 0.36012537194749966, 0.8344350097925641, 0.8863771300149139, 1.3107887700260221], maxlen=1000), tilt_threshold: 5.0
2025-03-02 17:38:13 - tilt_change: deque([0, 1.0921605354864212, 1.6953516577661212, 0.12645285983540688, 4.409744347192685, 12.005833048895347, 3.4137445162716147, 3.3884539443045343, 2.5065050748659967, 0.5769368029970561, 0.5769368029970561, 0.20553957588240035, 0.09721236377099718, 0.048045171715284773, 0.028215874709604627, 0.07077965077142334, 0.05980447408435907, 0.05058130151873552, 0.014155930154284669, 0.050290398396370506, 21.612006490582115, 4.533963085247293, 4.533963085247293, 4.533963085247293, 4.385502881019111, 12.632778043989125, 5.329536679867145, 5.2410025551344175, 4.591995018554097, 2.16506082820179, 1.0991534922283608, 0.3277144580690192, 0.09962141844551758, 0.03206439418590734, 0.026210218421022585, 0.0213942440653535, 0.1239763399460164, 0.06003286391459106, 0.029651758191513278, 0.04500983391086133, 0.050749851262548495, 0.34371021040789623, 0.09548293336140412, 0.5156393174461497, 0.7047055288976897, 3.5668252301836287, 6.830283388475992, 12.119339346307875, 12.638096268643459, 6.5038601742283815, 5.137803496533183, 2.789421598289569, 1.5051937397275026, 0.31589872331099117, 0.36012537194749966, 0.8344350097925641, 0.8863771300149139, 1.3107887700260221], maxlen=1000), tilt_threshold: 5.0
2025-03-02 17:38:13 - tilt_change: deque([0, 1.0921605354864212, 1.6953516577661212, 0.12645285983540688, 4.409744347192685, 12.005833048895347, 3.4137445162716147, 3.3884539443045343, 2.5065050748659967, 0.5769368029970561, 0.5769368029970561, 0.20553957588240035, 0.09721236377099718, 0.048045171715284773, 0.028215874709604627, 0.07077965077142334, 0.05980447408435907, 0.05058130151873552, 0.014155930154284669, 0.050290398396370506, 21.612006490582115, 4.533963085247293, 4.533963085247293, 4.533963085247293, 4.385502881019111, 12.632778043989125, 5.329536679867145, 5.2410025551344175, 4.591995018554097, 2.16506082820179, 1.0991534922283608, 0.3277144580690192, 0.09962141844551758, 0.03206439418590734, 0.026210218421022585, 0.0213942440653535, 0.1239763399460164, 0.06003286391459106, 0.029651758191513278, 0.04500983391086133, 0.050749851262548495, 0.34371021040789623, 0.09548293336140412, 0.5156393174461497, 0.7047055288976897, 3.5668252301836287, 6.830283388475992, 12.119339346307875, 12.638096268643459, 6.5038601742283815, 5.137803496533183, 2.789421598289569, 1.5051937397275026, 0.31589872331099117, 0.36012537194749966, 0.8344350097925641, 0.8863771300149139, 1.3107887700260221], maxlen=1000), tilt_threshold: 5.0
2025-03-02 17:38:13 - tilt_change: deque([0, 1.0921605354864212, 1.6953516577661212, 0.12645285983540688, 4.409744347192685, 12.005833048895347, 3.4137445162716147, 3.3884539443045343, 2.5065050748659967, 0.5769368029970561, 0.5769368029970561, 0.20553957588240035, 0.09721236377099718, 0.048045171715284773, 0.028215874709604627, 0.07077965077142334, 0.05980447408435907, 0.05058130151873552, 0.014155930154284669, 0.050290398396370506, 21.612006490582115, 4.533963085247293, 4.533963085247293, 4.533963085247293, 4.385502881019111, 12.632778043989125, 5.329536679867145, 5.2410025551344175, 4.591995018554097, 2.16506082820179, 1.0991534922283608, 0.3277144580690192, 0.09962141844551758, 0.03206439418590734, 0.026210218421022585, 0.0213942440653535, 0.1239763399460164, 0.06003286391459106, 0.029651758191513278, 0.04500983391086133, 0.050749851262548495, 0.34371021040789623, 0.09548293336140412, 0.5156393174461497, 0.7047055288976897, 3.5668252301836287, 6.830283388475992, 12.119339346307875, 12.638096268643459, 6.5038601742283815, 5.137803496533183, 2.789421598289569, 1.5051937397275026, 0.31589872331099117, 0.36012537194749966, 0.8344350097925641, 0.8863771300149139, 1.3107887700260221], maxlen=1000), tilt_threshold: 5.0
2025-03-02 17:38:13 - 
!!! PILL EVENT DETECTED !!!
Pill Event: Time 29015618m 8.9s
  - Within Pick-Place window: 1740937088.4s to 1740937093.9s
  - 3D Tilt: 12.64
  - Orientation: Roll=28.14°, Pitch=1.11°, Yaw=61.53°
  - Pressure: 467 at 1740937092.4s
  - Light: 74.17 lux at 1740937091.9s
  - Awaiting swallow confirmation (press and hold pressure sensor within 10s)
2025-03-02 17:38:13 - PILL EVENT DETECTED
Pill Event: Time 29015618m 8.9s
  - Within Pick-Place window: 1740937088.4s to 1740937093.9s
  - 3D Tilt: 12.64
  - Orientation: Roll=28.14°, Pitch=1.11°, Yaw=61.53°
  - Pressure: 467 at 1740937092.4s
  - Light: 74.17 lux at 1740937091.9s
  - Awaiting swallow confirmation (press and hold pressure sensor within 10s)
2025-03-02 17:38:13 - Actual time of event: 2025-03-02 17:38:13
2025-03-02 17:38:13 - Potential swallow confirmation started at 1740937093.9s
2025-03-02 17:38:13 - PICK-PLACE EVENT DETECTED: 2 total
2025-03-02 17:38:13 - PILL EVENT DETECTED: 2 total at t=1740937088.9s
2025-03-02 17:38:13 - INFO - PILL EVENT 2:
  Time: 1740937088.9s
  Tilt: 12.64
  Orientation: r=28.1, p=1.1, y=61.5
  Pressure: 467.0
  Light: 74.2
  Pick-Place: 1740937088.4s - 1740937093.9s
2025-03-02 17:38:13 - PILL EVENT 2:
  Time: 1740937088.9s
  Tilt: 12.64
  Orientation: r=28.1, p=1.1, y=61.5
  Pressure: 467.0
  Light: 74.2
  Pick-Place: 1740937088.4s - 1740937093.9s
2025-03-02 17:38:14 - Significant tilt change detected: 5.74 degrees
2025-03-02 17:38:14 - Pick up detected at 1740937094.9s (trigger: tilt)
2025-03-02 17:38:14 - Significant tilt change detected: 8.26 degrees
2025-03-02 17:38:14 - Progress: IMU 4.0%, PL 4.3% at t=20.0s
2025-03-02 17:38:15 - Significant tilt change detected: 13.46 degrees
2025-03-02 17:38:15 - 
✓✓✓ SWALLOW CONFIRMED ✓✓✓
PILL SWALLOW CONFIRMED: Time 29015618m 15.4s
  - Pill taken at: 1740937088.9s
  - Confirmation delay: 6.5s
2025-03-02 17:38:15 - SWALLOW CONFIRMED
PILL SWALLOW CONFIRMED: Time 29015618m 15.4s
  - Pill taken at: 1740937088.9s
  - Confirmation delay: 6.5s
2025-03-02 17:38:15 - Actual time of swallow confirmation: 2025-03-02 17:38:15
2025-03-02 17:38:15 - Significant tilt change detected: 6.68 degrees
2025-03-02 17:38:16 - Significant tilt change detected: 5.76 degrees
2025-03-02 17:38:19 - Progress: IMU 5.0%, PL 5.3% at t=25.0s
2025-03-02 17:38:20 - Place down detected (timeout) at 1740937100.4s
2025-03-02 17:38:20 - Place down detected at 1740937100.4s (duration: 5.5s, trigger: timeout)
2025-03-02 17:38:20 - tilt_change: deque([0, 1.0921605354864212, 1.6953516577661212, 0.12645285983540688, 4.409744347192685, 12.005833048895347, 3.4137445162716147, 3.3884539443045343, 2.5065050748659967, 0.5769368029970561, 0.5769368029970561, 0.20553957588240035, 0.09721236377099718, 0.048045171715284773, 0.028215874709604627, 0.07077965077142334, 0.05980447408435907, 0.05058130151873552, 0.014155930154284669, 0.050290398396370506, 21.612006490582115, 4.533963085247293, 4.533963085247293, 4.533963085247293, 4.385502881019111, 12.632778043989125, 5.329536679867145, 5.2410025551344175, 4.591995018554097, 2.16506082820179, 1.0991534922283608, 0.3277144580690192, 0.09962141844551758, 0.03206439418590734, 0.026210218421022585, 0.0213942440653535, 0.1239763399460164, 0.06003286391459106, 0.029651758191513278, 0.04500983391086133, 0.050749851262548495, 0.34371021040789623, 0.09548293336140412, 0.5156393174461497, 0.7047055288976897, 3.5668252301836287, 6.830283388475992, 12.119339346307875, 12.638096268643459, 6.5038601742283815, 5.137803496533183, 2.789421598289569, 1.5051937397275026, 0.31589872331099117, 0.36012537194749966, 0.8344350097925641, 0.8863771300149139, 1.3107887700260221, 0.3441624279614956, 5.736532450545742, 8.261272637779093, 13.460615279731124, 6.683831531891457, 5.756933592818013, 4.104679065262195, 1.4470239186607388, 0.25487646038047324, 0.06141149213495821, 0.22402851268213747, 0.15888835922687822, 0.112820236814], maxlen=1000), tilt_threshold: 5.0
2025-03-02 17:38:20 - tilt_change: deque([0, 1.0921605354864212, 1.6953516577661212, 0.12645285983540688, 4.409744347192685, 12.005833048895347, 3.4137445162716147, 3.3884539443045343, 2.5065050748659967, 0.5769368029970561, 0.5769368029970561, 0.20553957588240035, 0.09721236377099718, 0.048045171715284773, 0.028215874709604627, 0.07077965077142334, 0.05980447408435907, 0.05058130151873552, 0.014155930154284669, 0.050290398396370506, 21.612006490582115, 4.533963085247293, 4.533963085247293, 4.533963085247293, 4.385502881019111, 12.632778043989125, 5.329536679867145, 5.2410025551344175, 4.591995018554097, 2.16506082820179, 1.0991534922283608, 0.3277144580690192, 0.09962141844551758, 0.03206439418590734, 0.026210218421022585, 0.0213942440653535, 0.1239763399460164, 0.06003286391459106, 0.029651758191513278, 0.04500983391086133, 0.050749851262548495, 0.34371021040789623, 0.09548293336140412, 0.5156393174461497, 0.7047055288976897, 3.5668252301836287, 6.830283388475992, 12.119339346307875, 12.638096268643459, 6.5038601742283815, 5.137803496533183, 2.789421598289569, 1.5051937397275026, 0.31589872331099117, 0.36012537194749966, 0.8344350097925641, 0.8863771300149139, 1.3107887700260221, 0.3441624279614956, 5.736532450545742, 8.261272637779093, 13.460615279731124, 6.683831531891457, 5.756933592818013, 4.104679065262195, 1.4470239186607388, 0.25487646038047324, 0.06141149213495821, 0.22402851268213747, 0.15888835922687822, 0.112820236814], maxlen=1000), tilt_threshold: 5.0
2025-03-02 17:38:20 - tilt_change: deque([0, 1.0921605354864212, 1.6953516577661212, 0.12645285983540688, 4.409744347192685, 12.005833048895347, 3.4137445162716147, 3.3884539443045343, 2.5065050748659967, 0.5769368029970561, 0.5769368029970561, 0.20553957588240035, 0.09721236377099718, 0.048045171715284773, 0.028215874709604627, 0.07077965077142334, 0.05980447408435907, 0.05058130151873552, 0.014155930154284669, 0.050290398396370506, 21.612006490582115, 4.533963085247293, 4.533963085247293, 4.533963085247293, 4.385502881019111, 12.632778043989125, 5.329536679867145, 5.2410025551344175, 4.591995018554097, 2.16506082820179, 1.0991534922283608, 0.3277144580690192, 0.09962141844551758, 0.03206439418590734, 0.026210218421022585, 0.0213942440653535, 0.1239763399460164, 0.06003286391459106, 0.029651758191513278, 0.04500983391086133, 0.050749851262548495, 0.34371021040789623, 0.09548293336140412, 0.5156393174461497, 0.7047055288976897, 3.5668252301836287, 6.830283388475992, 12.119339346307875, 12.638096268643459, 6.5038601742283815, 5.137803496533183, 2.789421598289569, 1.5051937397275026, 0.31589872331099117, 0.36012537194749966, 0.8344350097925641, 0.8863771300149139, 1.3107887700260221, 0.3441624279614956, 5.736532450545742, 8.261272637779093, 13.460615279731124, 6.683831531891457, 5.756933592818013, 4.104679065262195, 1.4470239186607388, 0.25487646038047324, 0.06141149213495821, 0.22402851268213747, 0.15888835922687822, 0.112820236814], maxlen=1000), tilt_threshold: 5.0
2025-03-02 17:38:20 - tilt_change: deque([0, 1.0921605354864212, 1.6953516577661212, 0.12645285983540688, 4.409744347192685, 12.005833048895347, 3.4137445162716147, 3.3884539443045343, 2.5065050748659967, 0.5769368029970561, 0.5769368029970561, 0.20553957588240035, 0.09721236377099718, 0.048045171715284773, 0.028215874709604627, 0.07077965077142334, 0.05980447408435907, 0.05058130151873552, 0.014155930154284669, 0.050290398396370506, 21.612006490582115, 4.533963085247293, 4.533963085247293, 4.533963085247293, 4.385502881019111, 12.632778043989125, 5.329536679867145, 5.2410025551344175, 4.591995018554097, 2.16506082820179, 1.0991534922283608, 0.3277144580690192, 0.09962141844551758, 0.03206439418590734, 0.026210218421022585, 0.0213942440653535, 0.1239763399460164, 0.06003286391459106, 0.029651758191513278, 0.04500983391086133, 0.050749851262548495, 0.34371021040789623, 0.09548293336140412, 0.5156393174461497, 0.7047055288976897, 3.5668252301836287, 6.830283388475992, 12.119339346307875, 12.638096268643459, 6.5038601742283815, 5.137803496533183, 2.789421598289569, 1.5051937397275026, 0.31589872331099117, 0.36012537194749966, 0.8344350097925641, 0.8863771300149139, 1.3107887700260221, 0.3441624279614956, 5.736532450545742, 8.261272637779093, 13.460615279731124, 6.683831531891457, 5.756933592818013, 4.104679065262195, 1.4470239186607388, 0.25487646038047324, 0.06141149213495821, 0.22402851268213747, 0.15888835922687822, 0.112820236814], maxlen=1000), tilt_threshold: 5.0
2025-03-02 17:38:20 - tilt_change: deque([0, 1.0921605354864212, 1.6953516577661212, 0.12645285983540688, 4.409744347192685, 12.005833048895347, 3.4137445162716147, 3.3884539443045343, 2.5065050748659967, 0.5769368029970561, 0.5769368029970561, 0.20553957588240035, 0.09721236377099718, 0.048045171715284773, 0.028215874709604627, 0.07077965077142334, 0.05980447408435907, 0.05058130151873552, 0.014155930154284669, 0.050290398396370506, 21.612006490582115, 4.533963085247293, 4.533963085247293, 4.533963085247293, 4.385502881019111, 12.632778043989125, 5.329536679867145, 5.2410025551344175, 4.591995018554097, 2.16506082820179, 1.0991534922283608, 0.3277144580690192, 0.09962141844551758, 0.03206439418590734, 0.026210218421022585, 0.0213942440653535, 0.1239763399460164, 0.06003286391459106, 0.029651758191513278, 0.04500983391086133, 0.050749851262548495, 0.34371021040789623, 0.09548293336140412, 0.5156393174461497, 0.7047055288976897, 3.5668252301836287, 6.830283388475992, 12.119339346307875, 12.638096268643459, 6.5038601742283815, 5.137803496533183, 2.789421598289569, 1.5051937397275026, 0.31589872331099117, 0.36012537194749966, 0.8344350097925641, 0.8863771300149139, 1.3107887700260221, 0.3441624279614956, 5.736532450545742, 8.261272637779093, 13.460615279731124, 6.683831531891457, 5.756933592818013, 4.104679065262195, 1.4470239186607388, 0.25487646038047324, 0.06141149213495821, 0.22402851268213747, 0.15888835922687822, 0.112820236814], maxlen=1000), tilt_threshold: 5.0
2025-03-02 17:38:20 - tilt_change: deque([0, 1.0921605354864212, 1.6953516577661212, 0.12645285983540688, 4.409744347192685, 12.005833048895347, 3.4137445162716147, 3.3884539443045343, 2.5065050748659967, 0.5769368029970561, 0.5769368029970561, 0.20553957588240035, 0.09721236377099718, 0.048045171715284773, 0.028215874709604627, 0.07077965077142334, 0.05980447408435907, 0.05058130151873552, 0.014155930154284669, 0.050290398396370506, 21.612006490582115, 4.533963085247293, 4.533963085247293, 4.533963085247293, 4.385502881019111, 12.632778043989125, 5.329536679867145, 5.2410025551344175, 4.591995018554097, 2.16506082820179, 1.0991534922283608, 0.3277144580690192, 0.09962141844551758, 0.03206439418590734, 0.026210218421022585, 0.0213942440653535, 0.1239763399460164, 0.06003286391459106, 0.029651758191513278, 0.04500983391086133, 0.050749851262548495, 0.34371021040789623, 0.09548293336140412, 0.5156393174461497, 0.7047055288976897, 3.5668252301836287, 6.830283388475992, 12.119339346307875, 12.638096268643459, 6.5038601742283815, 5.137803496533183, 2.789421598289569, 1.5051937397275026, 0.31589872331099117, 0.36012537194749966, 0.8344350097925641, 0.8863771300149139, 1.3107887700260221, 0.3441624279614956, 5.736532450545742, 8.261272637779093, 13.460615279731124, 6.683831531891457, 5.756933592818013, 4.104679065262195, 1.4470239186607388, 0.25487646038047324, 0.06141149213495821, 0.22402851268213747, 0.15888835922687822, 0.112820236814], maxlen=1000), tilt_threshold: 5.0
2025-03-02 17:38:20 - tilt_change: deque([0, 1.0921605354864212, 1.6953516577661212, 0.12645285983540688, 4.409744347192685, 12.005833048895347, 3.4137445162716147, 3.3884539443045343, 2.5065050748659967, 0.5769368029970561, 0.5769368029970561, 0.20553957588240035, 0.09721236377099718, 0.048045171715284773, 0.028215874709604627, 0.07077965077142334, 0.05980447408435907, 0.05058130151873552, 0.014155930154284669, 0.050290398396370506, 21.612006490582115, 4.533963085247293, 4.533963085247293, 4.533963085247293, 4.385502881019111, 12.632778043989125, 5.329536679867145, 5.2410025551344175, 4.591995018554097, 2.16506082820179, 1.0991534922283608, 0.3277144580690192, 0.09962141844551758, 0.03206439418590734, 0.026210218421022585, 0.0213942440653535, 0.1239763399460164, 0.06003286391459106, 0.029651758191513278, 0.04500983391086133, 0.050749851262548495, 0.34371021040789623, 0.09548293336140412, 0.5156393174461497, 0.7047055288976897, 3.5668252301836287, 6.830283388475992, 12.119339346307875, 12.638096268643459, 6.5038601742283815, 5.137803496533183, 2.789421598289569, 1.5051937397275026, 0.31589872331099117, 0.36012537194749966, 0.8344350097925641, 0.8863771300149139, 1.3107887700260221, 0.3441624279614956, 5.736532450545742, 8.261272637779093, 13.460615279731124, 6.683831531891457, 5.756933592818013, 4.104679065262195, 1.4470239186607388, 0.25487646038047324, 0.06141149213495821, 0.22402851268213747, 0.15888835922687822, 0.112820236814], maxlen=1000), tilt_threshold: 5.0
2025-03-02 17:38:20 - tilt_change: deque([0, 1.0921605354864212, 1.6953516577661212, 0.12645285983540688, 4.409744347192685, 12.005833048895347, 3.4137445162716147, 3.3884539443045343, 2.5065050748659967, 0.5769368029970561, 0.5769368029970561, 0.20553957588240035, 0.09721236377099718, 0.048045171715284773, 0.028215874709604627, 0.07077965077142334, 0.05980447408435907, 0.05058130151873552, 0.014155930154284669, 0.050290398396370506, 21.612006490582115, 4.533963085247293, 4.533963085247293, 4.533963085247293, 4.385502881019111, 12.632778043989125, 5.329536679867145, 5.2410025551344175, 4.591995018554097, 2.16506082820179, 1.0991534922283608, 0.3277144580690192, 0.09962141844551758, 0.03206439418590734, 0.026210218421022585, 0.0213942440653535, 0.1239763399460164, 0.06003286391459106, 0.029651758191513278, 0.04500983391086133, 0.050749851262548495, 0.34371021040789623, 0.09548293336140412, 0.5156393174461497, 0.7047055288976897, 3.5668252301836287, 6.830283388475992, 12.119339346307875, 12.638096268643459, 6.5038601742283815, 5.137803496533183, 2.789421598289569, 1.5051937397275026, 0.31589872331099117, 0.36012537194749966, 0.8344350097925641, 0.8863771300149139, 1.3107887700260221, 0.3441624279614956, 5.736532450545742, 8.261272637779093, 13.460615279731124, 6.683831531891457, 5.756933592818013, 4.104679065262195, 1.4470239186607388, 0.25487646038047324, 0.06141149213495821, 0.22402851268213747, 0.15888835922687822, 0.112820236814], maxlen=1000), tilt_threshold: 5.0
2025-03-02 17:38:20 - tilt_change: deque([0, 1.0921605354864212, 1.6953516577661212, 0.12645285983540688, 4.409744347192685, 12.005833048895347, 3.4137445162716147, 3.3884539443045343, 2.5065050748659967, 0.5769368029970561, 0.5769368029970561, 0.20553957588240035, 0.09721236377099718, 0.048045171715284773, 0.028215874709604627, 0.07077965077142334, 0.05980447408435907, 0.05058130151873552, 0.014155930154284669, 0.050290398396370506, 21.612006490582115, 4.533963085247293, 4.533963085247293, 4.533963085247293, 4.385502881019111, 12.632778043989125, 5.329536679867145, 5.2410025551344175, 4.591995018554097, 2.16506082820179, 1.0991534922283608, 0.3277144580690192, 0.09962141844551758, 0.03206439418590734, 0.026210218421022585, 0.0213942440653535, 0.1239763399460164, 0.06003286391459106, 0.029651758191513278, 0.04500983391086133, 0.050749851262548495, 0.34371021040789623, 0.09548293336140412, 0.5156393174461497, 0.7047055288976897, 3.5668252301836287, 6.830283388475992, 12.119339346307875, 12.638096268643459, 6.5038601742283815, 5.137803496533183, 2.789421598289569, 1.5051937397275026, 0.31589872331099117, 0.36012537194749966, 0.8344350097925641, 0.8863771300149139, 1.3107887700260221, 0.3441624279614956, 5.736532450545742, 8.261272637779093, 13.460615279731124, 6.683831531891457, 5.756933592818013, 4.104679065262195, 1.4470239186607388, 0.25487646038047324, 0.06141149213495821, 0.22402851268213747, 0.15888835922687822, 0.112820236814], maxlen=1000), tilt_threshold: 5.0
2025-03-02 17:38:20 - tilt_change: deque([0, 1.0921605354864212, 1.6953516577661212, 0.12645285983540688, 4.409744347192685, 12.005833048895347, 3.4137445162716147, 3.3884539443045343, 2.5065050748659967, 0.5769368029970561, 0.5769368029970561, 0.20553957588240035, 0.09721236377099718, 0.048045171715284773, 0.028215874709604627, 0.07077965077142334, 0.05980447408435907, 0.05058130151873552, 0.014155930154284669, 0.050290398396370506, 21.612006490582115, 4.533963085247293, 4.533963085247293, 4.533963085247293, 4.385502881019111, 12.632778043989125, 5.329536679867145, 5.2410025551344175, 4.591995018554097, 2.16506082820179, 1.0991534922283608, 0.3277144580690192, 0.09962141844551758, 0.03206439418590734, 0.026210218421022585, 0.0213942440653535, 0.1239763399460164, 0.06003286391459106, 0.029651758191513278, 0.04500983391086133, 0.050749851262548495, 0.34371021040789623, 0.09548293336140412, 0.5156393174461497, 0.7047055288976897, 3.5668252301836287, 6.830283388475992, 12.119339346307875, 12.638096268643459, 6.5038601742283815, 5.137803496533183, 2.789421598289569, 1.5051937397275026, 0.31589872331099117, 0.36012537194749966, 0.8344350097925641, 0.8863771300149139, 1.3107887700260221, 0.3441624279614956, 5.736532450545742, 8.261272637779093, 13.460615279731124, 6.683831531891457, 5.756933592818013, 4.104679065262195, 1.4470239186607388, 0.25487646038047324, 0.06141149213495821, 0.22402851268213747, 0.15888835922687822, 0.112820236814], maxlen=1000), tilt_threshold: 5.0
2025-03-02 17:38:20 - tilt_change: deque([0, 1.0921605354864212, 1.6953516577661212, 0.12645285983540688, 4.409744347192685, 12.005833048895347, 3.4137445162716147, 3.3884539443045343, 2.5065050748659967, 0.5769368029970561, 0.5769368029970561, 0.20553957588240035, 0.09721236377099718, 0.048045171715284773, 0.028215874709604627, 0.07077965077142334, 0.05980447408435907, 0.05058130151873552, 0.014155930154284669, 0.050290398396370506, 21.612006490582115, 4.533963085247293, 4.533963085247293, 4.533963085247293, 4.385502881019111, 12.632778043989125, 5.329536679867145, 5.2410025551344175, 4.591995018554097, 2.16506082820179, 1.0991534922283608, 0.3277144580690192, 0.09962141844551758, 0.03206439418590734, 0.026210218421022585, 0.0213942440653535, 0.1239763399460164, 0.06003286391459106, 0.029651758191513278, 0.04500983391086133, 0.050749851262548495, 0.34371021040789623, 0.09548293336140412, 0.5156393174461497, 0.7047055288976897, 3.5668252301836287, 6.830283388475992, 12.119339346307875, 12.638096268643459, 6.5038601742283815, 5.137803496533183, 2.789421598289569, 1.5051937397275026, 0.31589872331099117, 0.36012537194749966, 0.8344350097925641, 0.8863771300149139, 1.3107887700260221, 0.3441624279614956, 5.736532450545742, 8.261272637779093, 13.460615279731124, 6.683831531891457, 5.756933592818013, 4.104679065262195, 1.4470239186607388, 0.25487646038047324, 0.06141149213495821, 0.22402851268213747, 0.15888835922687822, 0.112820236814], maxlen=1000), tilt_threshold: 5.0
2025-03-02 17:38:20 - tilt_change: deque([0, 1.0921605354864212, 1.6953516577661212, 0.12645285983540688, 4.409744347192685, 12.005833048895347, 3.4137445162716147, 3.3884539443045343, 2.5065050748659967, 0.5769368029970561, 0.5769368029970561, 0.20553957588240035, 0.09721236377099718, 0.048045171715284773, 0.028215874709604627, 0.07077965077142334, 0.05980447408435907, 0.05058130151873552, 0.014155930154284669, 0.050290398396370506, 21.612006490582115, 4.533963085247293, 4.533963085247293, 4.533963085247293, 4.385502881019111, 12.632778043989125, 5.329536679867145, 5.2410025551344175, 4.591995018554097, 2.16506082820179, 1.0991534922283608, 0.3277144580690192, 0.09962141844551758, 0.03206439418590734, 0.026210218421022585, 0.0213942440653535, 0.1239763399460164, 0.06003286391459106, 0.029651758191513278, 0.04500983391086133, 0.050749851262548495, 0.34371021040789623, 0.09548293336140412, 0.5156393174461497, 0.7047055288976897, 3.5668252301836287, 6.830283388475992, 12.119339346307875, 12.638096268643459, 6.5038601742283815, 5.137803496533183, 2.789421598289569, 1.5051937397275026, 0.31589872331099117, 0.36012537194749966, 0.8344350097925641, 0.8863771300149139, 1.3107887700260221, 0.3441624279614956, 5.736532450545742, 8.261272637779093, 13.460615279731124, 6.683831531891457, 5.756933592818013, 4.104679065262195, 1.4470239186607388, 0.25487646038047324, 0.06141149213495821, 0.22402851268213747, 0.15888835922687822, 0.112820236814], maxlen=1000), tilt_threshold: 5.0
2025-03-02 17:38:20 - tilt_change: deque([0, 1.0921605354864212, 1.6953516577661212, 0.12645285983540688, 4.409744347192685, 12.005833048895347, 3.4137445162716147, 3.3884539443045343, 2.5065050748659967, 0.5769368029970561, 0.5769368029970561, 0.20553957588240035, 0.09721236377099718, 0.048045171715284773, 0.028215874709604627, 0.07077965077142334, 0.05980447408435907, 0.05058130151873552, 0.014155930154284669, 0.050290398396370506, 21.612006490582115, 4.533963085247293, 4.533963085247293, 4.533963085247293, 4.385502881019111, 12.632778043989125, 5.329536679867145, 5.2410025551344175, 4.591995018554097, 2.16506082820179, 1.0991534922283608, 0.3277144580690192, 0.09962141844551758, 0.03206439418590734, 0.026210218421022585, 0.0213942440653535, 0.1239763399460164, 0.06003286391459106, 0.029651758191513278, 0.04500983391086133, 0.050749851262548495, 0.34371021040789623, 0.09548293336140412, 0.5156393174461497, 0.7047055288976897, 3.5668252301836287, 6.830283388475992, 12.119339346307875, 12.638096268643459, 6.5038601742283815, 5.137803496533183, 2.789421598289569, 1.5051937397275026, 0.31589872331099117, 0.36012537194749966, 0.8344350097925641, 0.8863771300149139, 1.3107887700260221, 0.3441624279614956, 5.736532450545742, 8.261272637779093, 13.460615279731124, 6.683831531891457, 5.756933592818013, 4.104679065262195, 1.4470239186607388, 0.25487646038047324, 0.06141149213495821, 0.22402851268213747, 0.15888835922687822, 0.112820236814], maxlen=1000), tilt_threshold: 5.0
2025-03-02 17:38:20 - tilt_change: deque([0, 1.0921605354864212, 1.6953516577661212, 0.12645285983540688, 4.409744347192685, 12.005833048895347, 3.4137445162716147, 3.3884539443045343, 2.5065050748659967, 0.5769368029970561, 0.5769368029970561, 0.20553957588240035, 0.09721236377099718, 0.048045171715284773, 0.028215874709604627, 0.07077965077142334, 0.05980447408435907, 0.05058130151873552, 0.014155930154284669, 0.050290398396370506, 21.612006490582115, 4.533963085247293, 4.533963085247293, 4.533963085247293, 4.385502881019111, 12.632778043989125, 5.329536679867145, 5.2410025551344175, 4.591995018554097, 2.16506082820179, 1.0991534922283608, 0.3277144580690192, 0.09962141844551758, 0.03206439418590734, 0.026210218421022585, 0.0213942440653535, 0.1239763399460164, 0.06003286391459106, 0.029651758191513278, 0.04500983391086133, 0.050749851262548495, 0.34371021040789623, 0.09548293336140412, 0.5156393174461497, 0.7047055288976897, 3.5668252301836287, 6.830283388475992, 12.119339346307875, 12.638096268643459, 6.5038601742283815, 5.137803496533183, 2.789421598289569, 1.5051937397275026, 0.31589872331099117, 0.36012537194749966, 0.8344350097925641, 0.8863771300149139, 1.3107887700260221, 0.3441624279614956, 5.736532450545742, 8.261272637779093, 13.460615279731124, 6.683831531891457, 5.756933592818013, 4.104679065262195, 1.4470239186607388, 0.25487646038047324, 0.06141149213495821, 0.22402851268213747, 0.15888835922687822, 0.112820236814], maxlen=1000), tilt_threshold: 5.0
2025-03-02 17:38:20 - tilt_change: deque([0, 1.0921605354864212, 1.6953516577661212, 0.12645285983540688, 4.409744347192685, 12.005833048895347, 3.4137445162716147, 3.3884539443045343, 2.5065050748659967, 0.5769368029970561, 0.5769368029970561, 0.20553957588240035, 0.09721236377099718, 0.048045171715284773, 0.028215874709604627, 0.07077965077142334, 0.05980447408435907, 0.05058130151873552, 0.014155930154284669, 0.050290398396370506, 21.612006490582115, 4.533963085247293, 4.533963085247293, 4.533963085247293, 4.385502881019111, 12.632778043989125, 5.329536679867145, 5.2410025551344175, 4.591995018554097, 2.16506082820179, 1.0991534922283608, 0.3277144580690192, 0.09962141844551758, 0.03206439418590734, 0.026210218421022585, 0.0213942440653535, 0.1239763399460164, 0.06003286391459106, 0.029651758191513278, 0.04500983391086133, 0.050749851262548495, 0.34371021040789623, 0.09548293336140412, 0.5156393174461497, 0.7047055288976897, 3.5668252301836287, 6.830283388475992, 12.119339346307875, 12.638096268643459, 6.5038601742283815, 5.137803496533183, 2.789421598289569, 1.5051937397275026, 0.31589872331099117, 0.36012537194749966, 0.8344350097925641, 0.8863771300149139, 1.3107887700260221, 0.3441624279614956, 5.736532450545742, 8.261272637779093, 13.460615279731124, 6.683831531891457, 5.756933592818013, 4.104679065262195, 1.4470239186607388, 0.25487646038047324, 0.06141149213495821, 0.22402851268213747, 0.15888835922687822, 0.112820236814], maxlen=1000), tilt_threshold: 5.0
2025-03-02 17:38:20 - tilt_change: deque([0, 1.0921605354864212, 1.6953516577661212, 0.12645285983540688, 4.409744347192685, 12.005833048895347, 3.4137445162716147, 3.3884539443045343, 2.5065050748659967, 0.5769368029970561, 0.5769368029970561, 0.20553957588240035, 0.09721236377099718, 0.048045171715284773, 0.028215874709604627, 0.07077965077142334, 0.05980447408435907, 0.05058130151873552, 0.014155930154284669, 0.050290398396370506, 21.612006490582115, 4.533963085247293, 4.533963085247293, 4.533963085247293, 4.385502881019111, 12.632778043989125, 5.329536679867145, 5.2410025551344175, 4.591995018554097, 2.16506082820179, 1.0991534922283608, 0.3277144580690192, 0.09962141844551758, 0.03206439418590734, 0.026210218421022585, 0.0213942440653535, 0.1239763399460164, 0.06003286391459106, 0.029651758191513278, 0.04500983391086133, 0.050749851262548495, 0.34371021040789623, 0.09548293336140412, 0.5156393174461497, 0.7047055288976897, 3.5668252301836287, 6.830283388475992, 12.119339346307875, 12.638096268643459, 6.5038601742283815, 5.137803496533183, 2.789421598289569, 1.5051937397275026, 0.31589872331099117, 0.36012537194749966, 0.8344350097925641, 0.8863771300149139, 1.3107887700260221, 0.3441624279614956, 5.736532450545742, 8.261272637779093, 13.460615279731124, 6.683831531891457, 5.756933592818013, 4.104679065262195, 1.4470239186607388, 0.25487646038047324, 0.06141149213495821, 0.22402851268213747, 0.15888835922687822, 0.112820236814], maxlen=1000), tilt_threshold: 5.0
2025-03-02 17:38:20 - tilt_change: deque([0, 1.0921605354864212, 1.6953516577661212, 0.12645285983540688, 4.409744347192685, 12.005833048895347, 3.4137445162716147, 3.3884539443045343, 2.5065050748659967, 0.5769368029970561, 0.5769368029970561, 0.20553957588240035, 0.09721236377099718, 0.048045171715284773, 0.028215874709604627, 0.07077965077142334, 0.05980447408435907, 0.05058130151873552, 0.014155930154284669, 0.050290398396370506, 21.612006490582115, 4.533963085247293, 4.533963085247293, 4.533963085247293, 4.385502881019111, 12.632778043989125, 5.329536679867145, 5.2410025551344175, 4.591995018554097, 2.16506082820179, 1.0991534922283608, 0.3277144580690192, 0.09962141844551758, 0.03206439418590734, 0.026210218421022585, 0.0213942440653535, 0.1239763399460164, 0.06003286391459106, 0.029651758191513278, 0.04500983391086133, 0.050749851262548495, 0.34371021040789623, 0.09548293336140412, 0.5156393174461497, 0.7047055288976897, 3.5668252301836287, 6.830283388475992, 12.119339346307875, 12.638096268643459, 6.5038601742283815, 5.137803496533183, 2.789421598289569, 1.5051937397275026, 0.31589872331099117, 0.36012537194749966, 0.8344350097925641, 0.8863771300149139, 1.3107887700260221, 0.3441624279614956, 5.736532450545742, 8.261272637779093, 13.460615279731124, 6.683831531891457, 5.756933592818013, 4.104679065262195, 1.4470239186607388, 0.25487646038047324, 0.06141149213495821, 0.22402851268213747, 0.15888835922687822, 0.112820236814], maxlen=1000), tilt_threshold: 5.0
2025-03-02 17:38:20 - tilt_change: deque([0, 1.0921605354864212, 1.6953516577661212, 0.12645285983540688, 4.409744347192685, 12.005833048895347, 3.4137445162716147, 3.3884539443045343, 2.5065050748659967, 0.5769368029970561, 0.5769368029970561, 0.20553957588240035, 0.09721236377099718, 0.048045171715284773, 0.028215874709604627, 0.07077965077142334, 0.05980447408435907, 0.05058130151873552, 0.014155930154284669, 0.050290398396370506, 21.612006490582115, 4.533963085247293, 4.533963085247293, 4.533963085247293, 4.385502881019111, 12.632778043989125, 5.329536679867145, 5.2410025551344175, 4.591995018554097, 2.16506082820179, 1.0991534922283608, 0.3277144580690192, 0.09962141844551758, 0.03206439418590734, 0.026210218421022585, 0.0213942440653535, 0.1239763399460164, 0.06003286391459106, 0.029651758191513278, 0.04500983391086133, 0.050749851262548495, 0.34371021040789623, 0.09548293336140412, 0.5156393174461497, 0.7047055288976897, 3.5668252301836287, 6.830283388475992, 12.119339346307875, 12.638096268643459, 6.5038601742283815, 5.137803496533183, 2.789421598289569, 1.5051937397275026, 0.31589872331099117, 0.36012537194749966, 0.8344350097925641, 0.8863771300149139, 1.3107887700260221, 0.3441624279614956, 5.736532450545742, 8.261272637779093, 13.460615279731124, 6.683831531891457, 5.756933592818013, 4.104679065262195, 1.4470239186607388, 0.25487646038047324, 0.06141149213495821, 0.22402851268213747, 0.15888835922687822, 0.112820236814], maxlen=1000), tilt_threshold: 5.0
2025-03-02 17:38:20 - tilt_change: deque([0, 1.0921605354864212, 1.6953516577661212, 0.12645285983540688, 4.409744347192685, 12.005833048895347, 3.4137445162716147, 3.3884539443045343, 2.5065050748659967, 0.5769368029970561, 0.5769368029970561, 0.20553957588240035, 0.09721236377099718, 0.048045171715284773, 0.028215874709604627, 0.07077965077142334, 0.05980447408435907, 0.05058130151873552, 0.014155930154284669, 0.050290398396370506, 21.612006490582115, 4.533963085247293, 4.533963085247293, 4.533963085247293, 4.385502881019111, 12.632778043989125, 5.329536679867145, 5.2410025551344175, 4.591995018554097, 2.16506082820179, 1.0991534922283608, 0.3277144580690192, 0.09962141844551758, 0.03206439418590734, 0.026210218421022585, 0.0213942440653535, 0.1239763399460164, 0.06003286391459106, 0.029651758191513278, 0.04500983391086133, 0.050749851262548495, 0.34371021040789623, 0.09548293336140412, 0.5156393174461497, 0.7047055288976897, 3.5668252301836287, 6.830283388475992, 12.119339346307875, 12.638096268643459, 6.5038601742283815, 5.137803496533183, 2.789421598289569, 1.5051937397275026, 0.31589872331099117, 0.36012537194749966, 0.8344350097925641, 0.8863771300149139, 1.3107887700260221, 0.3441624279614956, 5.736532450545742, 8.261272637779093, 13.460615279731124, 6.683831531891457, 5.756933592818013, 4.104679065262195, 1.4470239186607388, 0.25487646038047324, 0.06141149213495821, 0.22402851268213747, 0.15888835922687822, 0.112820236814], maxlen=1000), tilt_threshold: 5.0
2025-03-02 17:38:20 - tilt_change: deque([0, 1.0921605354864212, 1.6953516577661212, 0.12645285983540688, 4.409744347192685, 12.005833048895347, 3.4137445162716147, 3.3884539443045343, 2.5065050748659967, 0.5769368029970561, 0.5769368029970561, 0.20553957588240035, 0.09721236377099718, 0.048045171715284773, 0.028215874709604627, 0.07077965077142334, 0.05980447408435907, 0.05058130151873552, 0.014155930154284669, 0.050290398396370506, 21.612006490582115, 4.533963085247293, 4.533963085247293, 4.533963085247293, 4.385502881019111, 12.632778043989125, 5.329536679867145, 5.2410025551344175, 4.591995018554097, 2.16506082820179, 1.0991534922283608, 0.3277144580690192, 0.09962141844551758, 0.03206439418590734, 0.026210218421022585, 0.0213942440653535, 0.1239763399460164, 0.06003286391459106, 0.029651758191513278, 0.04500983391086133, 0.050749851262548495, 0.34371021040789623, 0.09548293336140412, 0.5156393174461497, 0.7047055288976897, 3.5668252301836287, 6.830283388475992, 12.119339346307875, 12.638096268643459, 6.5038601742283815, 5.137803496533183, 2.789421598289569, 1.5051937397275026, 0.31589872331099117, 0.36012537194749966, 0.8344350097925641, 0.8863771300149139, 1.3107887700260221, 0.3441624279614956, 5.736532450545742, 8.261272637779093, 13.460615279731124, 6.683831531891457, 5.756933592818013, 4.104679065262195, 1.4470239186607388, 0.25487646038047324, 0.06141149213495821, 0.22402851268213747, 0.15888835922687822, 0.112820236814], maxlen=1000), tilt_threshold: 5.0
2025-03-02 17:38:20 - tilt_change: deque([0, 1.0921605354864212, 1.6953516577661212, 0.12645285983540688, 4.409744347192685, 12.005833048895347, 3.4137445162716147, 3.3884539443045343, 2.5065050748659967, 0.5769368029970561, 0.5769368029970561, 0.20553957588240035, 0.09721236377099718, 0.048045171715284773, 0.028215874709604627, 0.07077965077142334, 0.05980447408435907, 0.05058130151873552, 0.014155930154284669, 0.050290398396370506, 21.612006490582115, 4.533963085247293, 4.533963085247293, 4.533963085247293, 4.385502881019111, 12.632778043989125, 5.329536679867145, 5.2410025551344175, 4.591995018554097, 2.16506082820179, 1.0991534922283608, 0.3277144580690192, 0.09962141844551758, 0.03206439418590734, 0.026210218421022585, 0.0213942440653535, 0.1239763399460164, 0.06003286391459106, 0.029651758191513278, 0.04500983391086133, 0.050749851262548495, 0.34371021040789623, 0.09548293336140412, 0.5156393174461497, 0.7047055288976897, 3.5668252301836287, 6.830283388475992, 12.119339346307875, 12.638096268643459, 6.5038601742283815, 5.137803496533183, 2.789421598289569, 1.5051937397275026, 0.31589872331099117, 0.36012537194749966, 0.8344350097925641, 0.8863771300149139, 1.3107887700260221, 0.3441624279614956, 5.736532450545742, 8.261272637779093, 13.460615279731124, 6.683831531891457, 5.756933592818013, 4.104679065262195, 1.4470239186607388, 0.25487646038047324, 0.06141149213495821, 0.22402851268213747, 0.15888835922687822, 0.112820236814], maxlen=1000), tilt_threshold: 5.0
2025-03-02 17:38:20 - tilt_change: deque([0, 1.0921605354864212, 1.6953516577661212, 0.12645285983540688, 4.409744347192685, 12.005833048895347, 3.4137445162716147, 3.3884539443045343, 2.5065050748659967, 0.5769368029970561, 0.5769368029970561, 0.20553957588240035, 0.09721236377099718, 0.048045171715284773, 0.028215874709604627, 0.07077965077142334, 0.05980447408435907, 0.05058130151873552, 0.014155930154284669, 0.050290398396370506, 21.612006490582115, 4.533963085247293, 4.533963085247293, 4.533963085247293, 4.385502881019111, 12.632778043989125, 5.329536679867145, 5.2410025551344175, 4.591995018554097, 2.16506082820179, 1.0991534922283608, 0.3277144580690192, 0.09962141844551758, 0.03206439418590734, 0.026210218421022585, 0.0213942440653535, 0.1239763399460164, 0.06003286391459106, 0.029651758191513278, 0.04500983391086133, 0.050749851262548495, 0.34371021040789623, 0.09548293336140412, 0.5156393174461497, 0.7047055288976897, 3.5668252301836287, 6.830283388475992, 12.119339346307875, 12.638096268643459, 6.5038601742283815, 5.137803496533183, 2.789421598289569, 1.5051937397275026, 0.31589872331099117, 0.36012537194749966, 0.8344350097925641, 0.8863771300149139, 1.3107887700260221, 0.3441624279614956, 5.736532450545742, 8.261272637779093, 13.460615279731124, 6.683831531891457, 5.756933592818013, 4.104679065262195, 1.4470239186607388, 0.25487646038047324, 0.06141149213495821, 0.22402851268213747, 0.15888835922687822, 0.112820236814], maxlen=1000), tilt_threshold: 5.0
2025-03-02 17:38:20 - tilt_change: deque([0, 1.0921605354864212, 1.6953516577661212, 0.12645285983540688, 4.409744347192685, 12.005833048895347, 3.4137445162716147, 3.3884539443045343, 2.5065050748659967, 0.5769368029970561, 0.5769368029970561, 0.20553957588240035, 0.09721236377099718, 0.048045171715284773, 0.028215874709604627, 0.07077965077142334, 0.05980447408435907, 0.05058130151873552, 0.014155930154284669, 0.050290398396370506, 21.612006490582115, 4.533963085247293, 4.533963085247293, 4.533963085247293, 4.385502881019111, 12.632778043989125, 5.329536679867145, 5.2410025551344175, 4.591995018554097, 2.16506082820179, 1.0991534922283608, 0.3277144580690192, 0.09962141844551758, 0.03206439418590734, 0.026210218421022585, 0.0213942440653535, 0.1239763399460164, 0.06003286391459106, 0.029651758191513278, 0.04500983391086133, 0.050749851262548495, 0.34371021040789623, 0.09548293336140412, 0.5156393174461497, 0.7047055288976897, 3.5668252301836287, 6.830283388475992, 12.119339346307875, 12.638096268643459, 6.5038601742283815, 5.137803496533183, 2.789421598289569, 1.5051937397275026, 0.31589872331099117, 0.36012537194749966, 0.8344350097925641, 0.8863771300149139, 1.3107887700260221, 0.3441624279614956, 5.736532450545742, 8.261272637779093, 13.460615279731124, 6.683831531891457, 5.756933592818013, 4.104679065262195, 1.4470239186607388, 0.25487646038047324, 0.06141149213495821, 0.22402851268213747, 0.15888835922687822, 0.112820236814], maxlen=1000), tilt_threshold: 5.0
2025-03-02 17:38:20 - tilt_change: deque([0, 1.0921605354864212, 1.6953516577661212, 0.12645285983540688, 4.409744347192685, 12.005833048895347, 3.4137445162716147, 3.3884539443045343, 2.5065050748659967, 0.5769368029970561, 0.5769368029970561, 0.20553957588240035, 0.09721236377099718, 0.048045171715284773, 0.028215874709604627, 0.07077965077142334, 0.05980447408435907, 0.05058130151873552, 0.014155930154284669, 0.050290398396370506, 21.612006490582115, 4.533963085247293, 4.533963085247293, 4.533963085247293, 4.385502881019111, 12.632778043989125, 5.329536679867145, 5.2410025551344175, 4.591995018554097, 2.16506082820179, 1.0991534922283608, 0.3277144580690192, 0.09962141844551758, 0.03206439418590734, 0.026210218421022585, 0.0213942440653535, 0.1239763399460164, 0.06003286391459106, 0.029651758191513278, 0.04500983391086133, 0.050749851262548495, 0.34371021040789623, 0.09548293336140412, 0.5156393174461497, 0.7047055288976897, 3.5668252301836287, 6.830283388475992, 12.119339346307875, 12.638096268643459, 6.5038601742283815, 5.137803496533183, 2.789421598289569, 1.5051937397275026, 0.31589872331099117, 0.36012537194749966, 0.8344350097925641, 0.8863771300149139, 1.3107887700260221, 0.3441624279614956, 5.736532450545742, 8.261272637779093, 13.460615279731124, 6.683831531891457, 5.756933592818013, 4.104679065262195, 1.4470239186607388, 0.25487646038047324, 0.06141149213495821, 0.22402851268213747, 0.15888835922687822, 0.112820236814], maxlen=1000), tilt_threshold: 5.0
2025-03-02 17:38:20 - tilt_change: deque([0, 1.0921605354864212, 1.6953516577661212, 0.12645285983540688, 4.409744347192685, 12.005833048895347, 3.4137445162716147, 3.3884539443045343, 2.5065050748659967, 0.5769368029970561, 0.5769368029970561, 0.20553957588240035, 0.09721236377099718, 0.048045171715284773, 0.028215874709604627, 0.07077965077142334, 0.05980447408435907, 0.05058130151873552, 0.014155930154284669, 0.050290398396370506, 21.612006490582115, 4.533963085247293, 4.533963085247293, 4.533963085247293, 4.385502881019111, 12.632778043989125, 5.329536679867145, 5.2410025551344175, 4.591995018554097, 2.16506082820179, 1.0991534922283608, 0.3277144580690192, 0.09962141844551758, 0.03206439418590734, 0.026210218421022585, 0.0213942440653535, 0.1239763399460164, 0.06003286391459106, 0.029651758191513278, 0.04500983391086133, 0.050749851262548495, 0.34371021040789623, 0.09548293336140412, 0.5156393174461497, 0.7047055288976897, 3.5668252301836287, 6.830283388475992, 12.119339346307875, 12.638096268643459, 6.5038601742283815, 5.137803496533183, 2.789421598289569, 1.5051937397275026, 0.31589872331099117, 0.36012537194749966, 0.8344350097925641, 0.8863771300149139, 1.3107887700260221, 0.3441624279614956, 5.736532450545742, 8.261272637779093, 13.460615279731124, 6.683831531891457, 5.756933592818013, 4.104679065262195, 1.4470239186607388, 0.25487646038047324, 0.06141149213495821, 0.22402851268213747, 0.15888835922687822, 0.112820236814], maxlen=1000), tilt_threshold: 5.0
2025-03-02 17:38:20 - tilt_change: deque([0, 1.0921605354864212, 1.6953516577661212, 0.12645285983540688, 4.409744347192685, 12.005833048895347, 3.4137445162716147, 3.3884539443045343, 2.5065050748659967, 0.5769368029970561, 0.5769368029970561, 0.20553957588240035, 0.09721236377099718, 0.048045171715284773, 0.028215874709604627, 0.07077965077142334, 0.05980447408435907, 0.05058130151873552, 0.014155930154284669, 0.050290398396370506, 21.612006490582115, 4.533963085247293, 4.533963085247293, 4.533963085247293, 4.385502881019111, 12.632778043989125, 5.329536679867145, 5.2410025551344175, 4.591995018554097, 2.16506082820179, 1.0991534922283608, 0.3277144580690192, 0.09962141844551758, 0.03206439418590734, 0.026210218421022585, 0.0213942440653535, 0.1239763399460164, 0.06003286391459106, 0.029651758191513278, 0.04500983391086133, 0.050749851262548495, 0.34371021040789623, 0.09548293336140412, 0.5156393174461497, 0.7047055288976897, 3.5668252301836287, 6.830283388475992, 12.119339346307875, 12.638096268643459, 6.5038601742283815, 5.137803496533183, 2.789421598289569, 1.5051937397275026, 0.31589872331099117, 0.36012537194749966, 0.8344350097925641, 0.8863771300149139, 1.3107887700260221, 0.3441624279614956, 5.736532450545742, 8.261272637779093, 13.460615279731124, 6.683831531891457, 5.756933592818013, 4.104679065262195, 1.4470239186607388, 0.25487646038047324, 0.06141149213495821, 0.22402851268213747, 0.15888835922687822, 0.112820236814], maxlen=1000), tilt_threshold: 5.0
2025-03-02 17:38:20 - tilt_change: deque([0, 1.0921605354864212, 1.6953516577661212, 0.12645285983540688, 4.409744347192685, 12.005833048895347, 3.4137445162716147, 3.3884539443045343, 2.5065050748659967, 0.5769368029970561, 0.5769368029970561, 0.20553957588240035, 0.09721236377099718, 0.048045171715284773, 0.028215874709604627, 0.07077965077142334, 0.05980447408435907, 0.05058130151873552, 0.014155930154284669, 0.050290398396370506, 21.612006490582115, 4.533963085247293, 4.533963085247293, 4.533963085247293, 4.385502881019111, 12.632778043989125, 5.329536679867145, 5.2410025551344175, 4.591995018554097, 2.16506082820179, 1.0991534922283608, 0.3277144580690192, 0.09962141844551758, 0.03206439418590734, 0.026210218421022585, 0.0213942440653535, 0.1239763399460164, 0.06003286391459106, 0.029651758191513278, 0.04500983391086133, 0.050749851262548495, 0.34371021040789623, 0.09548293336140412, 0.5156393174461497, 0.7047055288976897, 3.5668252301836287, 6.830283388475992, 12.119339346307875, 12.638096268643459, 6.5038601742283815, 5.137803496533183, 2.789421598289569, 1.5051937397275026, 0.31589872331099117, 0.36012537194749966, 0.8344350097925641, 0.8863771300149139, 1.3107887700260221, 0.3441624279614956, 5.736532450545742, 8.261272637779093, 13.460615279731124, 6.683831531891457, 5.756933592818013, 4.104679065262195, 1.4470239186607388, 0.25487646038047324, 0.06141149213495821, 0.22402851268213747, 0.15888835922687822, 0.112820236814], maxlen=1000), tilt_threshold: 5.0
2025-03-02 17:38:20 - tilt_change: deque([0, 1.0921605354864212, 1.6953516577661212, 0.12645285983540688, 4.409744347192685, 12.005833048895347, 3.4137445162716147, 3.3884539443045343, 2.5065050748659967, 0.5769368029970561, 0.5769368029970561, 0.20553957588240035, 0.09721236377099718, 0.048045171715284773, 0.028215874709604627, 0.07077965077142334, 0.05980447408435907, 0.05058130151873552, 0.014155930154284669, 0.050290398396370506, 21.612006490582115, 4.533963085247293, 4.533963085247293, 4.533963085247293, 4.385502881019111, 12.632778043989125, 5.329536679867145, 5.2410025551344175, 4.591995018554097, 2.16506082820179, 1.0991534922283608, 0.3277144580690192, 0.09962141844551758, 0.03206439418590734, 0.026210218421022585, 0.0213942440653535, 0.1239763399460164, 0.06003286391459106, 0.029651758191513278, 0.04500983391086133, 0.050749851262548495, 0.34371021040789623, 0.09548293336140412, 0.5156393174461497, 0.7047055288976897, 3.5668252301836287, 6.830283388475992, 12.119339346307875, 12.638096268643459, 6.5038601742283815, 5.137803496533183, 2.789421598289569, 1.5051937397275026, 0.31589872331099117, 0.36012537194749966, 0.8344350097925641, 0.8863771300149139, 1.3107887700260221, 0.3441624279614956, 5.736532450545742, 8.261272637779093, 13.460615279731124, 6.683831531891457, 5.756933592818013, 4.104679065262195, 1.4470239186607388, 0.25487646038047324, 0.06141149213495821, 0.22402851268213747, 0.15888835922687822, 0.112820236814], maxlen=1000), tilt_threshold: 5.0
2025-03-02 17:38:20 - tilt_change: deque([0, 1.0921605354864212, 1.6953516577661212, 0.12645285983540688, 4.409744347192685, 12.005833048895347, 3.4137445162716147, 3.3884539443045343, 2.5065050748659967, 0.5769368029970561, 0.5769368029970561, 0.20553957588240035, 0.09721236377099718, 0.048045171715284773, 0.028215874709604627, 0.07077965077142334, 0.05980447408435907, 0.05058130151873552, 0.014155930154284669, 0.050290398396370506, 21.612006490582115, 4.533963085247293, 4.533963085247293, 4.533963085247293, 4.385502881019111, 12.632778043989125, 5.329536679867145, 5.2410025551344175, 4.591995018554097, 2.16506082820179, 1.0991534922283608, 0.3277144580690192, 0.09962141844551758, 0.03206439418590734, 0.026210218421022585, 0.0213942440653535, 0.1239763399460164, 0.06003286391459106, 0.029651758191513278, 0.04500983391086133, 0.050749851262548495, 0.34371021040789623, 0.09548293336140412, 0.5156393174461497, 0.7047055288976897, 3.5668252301836287, 6.830283388475992, 12.119339346307875, 12.638096268643459, 6.5038601742283815, 5.137803496533183, 2.789421598289569, 1.5051937397275026, 0.31589872331099117, 0.36012537194749966, 0.8344350097925641, 0.8863771300149139, 1.3107887700260221, 0.3441624279614956, 5.736532450545742, 8.261272637779093, 13.460615279731124, 6.683831531891457, 5.756933592818013, 4.104679065262195, 1.4470239186607388, 0.25487646038047324, 0.06141149213495821, 0.22402851268213747, 0.15888835922687822, 0.112820236814], maxlen=1000), tilt_threshold: 5.0
2025-03-02 17:38:20 - tilt_change: deque([0, 1.0921605354864212, 1.6953516577661212, 0.12645285983540688, 4.409744347192685, 12.005833048895347, 3.4137445162716147, 3.3884539443045343, 2.5065050748659967, 0.5769368029970561, 0.5769368029970561, 0.20553957588240035, 0.09721236377099718, 0.048045171715284773, 0.028215874709604627, 0.07077965077142334, 0.05980447408435907, 0.05058130151873552, 0.014155930154284669, 0.050290398396370506, 21.612006490582115, 4.533963085247293, 4.533963085247293, 4.533963085247293, 4.385502881019111, 12.632778043989125, 5.329536679867145, 5.2410025551344175, 4.591995018554097, 2.16506082820179, 1.0991534922283608, 0.3277144580690192, 0.09962141844551758, 0.03206439418590734, 0.026210218421022585, 0.0213942440653535, 0.1239763399460164, 0.06003286391459106, 0.029651758191513278, 0.04500983391086133, 0.050749851262548495, 0.34371021040789623, 0.09548293336140412, 0.5156393174461497, 0.7047055288976897, 3.5668252301836287, 6.830283388475992, 12.119339346307875, 12.638096268643459, 6.5038601742283815, 5.137803496533183, 2.789421598289569, 1.5051937397275026, 0.31589872331099117, 0.36012537194749966, 0.8344350097925641, 0.8863771300149139, 1.3107887700260221, 0.3441624279614956, 5.736532450545742, 8.261272637779093, 13.460615279731124, 6.683831531891457, 5.756933592818013, 4.104679065262195, 1.4470239186607388, 0.25487646038047324, 0.06141149213495821, 0.22402851268213747, 0.15888835922687822, 0.112820236814], maxlen=1000), tilt_threshold: 5.0
2025-03-02 17:38:20 - tilt_change: deque([0, 1.0921605354864212, 1.6953516577661212, 0.12645285983540688, 4.409744347192685, 12.005833048895347, 3.4137445162716147, 3.3884539443045343, 2.5065050748659967, 0.5769368029970561, 0.5769368029970561, 0.20553957588240035, 0.09721236377099718, 0.048045171715284773, 0.028215874709604627, 0.07077965077142334, 0.05980447408435907, 0.05058130151873552, 0.014155930154284669, 0.050290398396370506, 21.612006490582115, 4.533963085247293, 4.533963085247293, 4.533963085247293, 4.385502881019111, 12.632778043989125, 5.329536679867145, 5.2410025551344175, 4.591995018554097, 2.16506082820179, 1.0991534922283608, 0.3277144580690192, 0.09962141844551758, 0.03206439418590734, 0.026210218421022585, 0.0213942440653535, 0.1239763399460164, 0.06003286391459106, 0.029651758191513278, 0.04500983391086133, 0.050749851262548495, 0.34371021040789623, 0.09548293336140412, 0.5156393174461497, 0.7047055288976897, 3.5668252301836287, 6.830283388475992, 12.119339346307875, 12.638096268643459, 6.5038601742283815, 5.137803496533183, 2.789421598289569, 1.5051937397275026, 0.31589872331099117, 0.36012537194749966, 0.8344350097925641, 0.8863771300149139, 1.3107887700260221, 0.3441624279614956, 5.736532450545742, 8.261272637779093, 13.460615279731124, 6.683831531891457, 5.756933592818013, 4.104679065262195, 1.4470239186607388, 0.25487646038047324, 0.06141149213495821, 0.22402851268213747, 0.15888835922687822, 0.112820236814], maxlen=1000), tilt_threshold: 5.0
2025-03-02 17:38:20 - tilt_change: deque([0, 1.0921605354864212, 1.6953516577661212, 0.12645285983540688, 4.409744347192685, 12.005833048895347, 3.4137445162716147, 3.3884539443045343, 2.5065050748659967, 0.5769368029970561, 0.5769368029970561, 0.20553957588240035, 0.09721236377099718, 0.048045171715284773, 0.028215874709604627, 0.07077965077142334, 0.05980447408435907, 0.05058130151873552, 0.014155930154284669, 0.050290398396370506, 21.612006490582115, 4.533963085247293, 4.533963085247293, 4.533963085247293, 4.385502881019111, 12.632778043989125, 5.329536679867145, 5.2410025551344175, 4.591995018554097, 2.16506082820179, 1.0991534922283608, 0.3277144580690192, 0.09962141844551758, 0.03206439418590734, 0.026210218421022585, 0.0213942440653535, 0.1239763399460164, 0.06003286391459106, 0.029651758191513278, 0.04500983391086133, 0.050749851262548495, 0.34371021040789623, 0.09548293336140412, 0.5156393174461497, 0.7047055288976897, 3.5668252301836287, 6.830283388475992, 12.119339346307875, 12.638096268643459, 6.5038601742283815, 5.137803496533183, 2.789421598289569, 1.5051937397275026, 0.31589872331099117, 0.36012537194749966, 0.8344350097925641, 0.8863771300149139, 1.3107887700260221, 0.3441624279614956, 5.736532450545742, 8.261272637779093, 13.460615279731124, 6.683831531891457, 5.756933592818013, 4.104679065262195, 1.4470239186607388, 0.25487646038047324, 0.06141149213495821, 0.22402851268213747, 0.15888835922687822, 0.112820236814], maxlen=1000), tilt_threshold: 5.0
2025-03-02 17:38:20 - tilt_change: deque([0, 1.0921605354864212, 1.6953516577661212, 0.12645285983540688, 4.409744347192685, 12.005833048895347, 3.4137445162716147, 3.3884539443045343, 2.5065050748659967, 0.5769368029970561, 0.5769368029970561, 0.20553957588240035, 0.09721236377099718, 0.048045171715284773, 0.028215874709604627, 0.07077965077142334, 0.05980447408435907, 0.05058130151873552, 0.014155930154284669, 0.050290398396370506, 21.612006490582115, 4.533963085247293, 4.533963085247293, 4.533963085247293, 4.385502881019111, 12.632778043989125, 5.329536679867145, 5.2410025551344175, 4.591995018554097, 2.16506082820179, 1.0991534922283608, 0.3277144580690192, 0.09962141844551758, 0.03206439418590734, 0.026210218421022585, 0.0213942440653535, 0.1239763399460164, 0.06003286391459106, 0.029651758191513278, 0.04500983391086133, 0.050749851262548495, 0.34371021040789623, 0.09548293336140412, 0.5156393174461497, 0.7047055288976897, 3.5668252301836287, 6.830283388475992, 12.119339346307875, 12.638096268643459, 6.5038601742283815, 5.137803496533183, 2.789421598289569, 1.5051937397275026, 0.31589872331099117, 0.36012537194749966, 0.8344350097925641, 0.8863771300149139, 1.3107887700260221, 0.3441624279614956, 5.736532450545742, 8.261272637779093, 13.460615279731124, 6.683831531891457, 5.756933592818013, 4.104679065262195, 1.4470239186607388, 0.25487646038047324, 0.06141149213495821, 0.22402851268213747, 0.15888835922687822, 0.112820236814], maxlen=1000), tilt_threshold: 5.0
2025-03-02 17:38:20 - tilt_change: deque([0, 1.0921605354864212, 1.6953516577661212, 0.12645285983540688, 4.409744347192685, 12.005833048895347, 3.4137445162716147, 3.3884539443045343, 2.5065050748659967, 0.5769368029970561, 0.5769368029970561, 0.20553957588240035, 0.09721236377099718, 0.048045171715284773, 0.028215874709604627, 0.07077965077142334, 0.05980447408435907, 0.05058130151873552, 0.014155930154284669, 0.050290398396370506, 21.612006490582115, 4.533963085247293, 4.533963085247293, 4.533963085247293, 4.385502881019111, 12.632778043989125, 5.329536679867145, 5.2410025551344175, 4.591995018554097, 2.16506082820179, 1.0991534922283608, 0.3277144580690192, 0.09962141844551758, 0.03206439418590734, 0.026210218421022585, 0.0213942440653535, 0.1239763399460164, 0.06003286391459106, 0.029651758191513278, 0.04500983391086133, 0.050749851262548495, 0.34371021040789623, 0.09548293336140412, 0.5156393174461497, 0.7047055288976897, 3.5668252301836287, 6.830283388475992, 12.119339346307875, 12.638096268643459, 6.5038601742283815, 5.137803496533183, 2.789421598289569, 1.5051937397275026, 0.31589872331099117, 0.36012537194749966, 0.8344350097925641, 0.8863771300149139, 1.3107887700260221, 0.3441624279614956, 5.736532450545742, 8.261272637779093, 13.460615279731124, 6.683831531891457, 5.756933592818013, 4.104679065262195, 1.4470239186607388, 0.25487646038047324, 0.06141149213495821, 0.22402851268213747, 0.15888835922687822, 0.112820236814], maxlen=1000), tilt_threshold: 5.0
2025-03-02 17:38:20 - tilt_change: deque([0, 1.0921605354864212, 1.6953516577661212, 0.12645285983540688, 4.409744347192685, 12.005833048895347, 3.4137445162716147, 3.3884539443045343, 2.5065050748659967, 0.5769368029970561, 0.5769368029970561, 0.20553957588240035, 0.09721236377099718, 0.048045171715284773, 0.028215874709604627, 0.07077965077142334, 0.05980447408435907, 0.05058130151873552, 0.014155930154284669, 0.050290398396370506, 21.612006490582115, 4.533963085247293, 4.533963085247293, 4.533963085247293, 4.385502881019111, 12.632778043989125, 5.329536679867145, 5.2410025551344175, 4.591995018554097, 2.16506082820179, 1.0991534922283608, 0.3277144580690192, 0.09962141844551758, 0.03206439418590734, 0.026210218421022585, 0.0213942440653535, 0.1239763399460164, 0.06003286391459106, 0.029651758191513278, 0.04500983391086133, 0.050749851262548495, 0.34371021040789623, 0.09548293336140412, 0.5156393174461497, 0.7047055288976897, 3.5668252301836287, 6.830283388475992, 12.119339346307875, 12.638096268643459, 6.5038601742283815, 5.137803496533183, 2.789421598289569, 1.5051937397275026, 0.31589872331099117, 0.36012537194749966, 0.8344350097925641, 0.8863771300149139, 1.3107887700260221, 0.3441624279614956, 5.736532450545742, 8.261272637779093, 13.460615279731124, 6.683831531891457, 5.756933592818013, 4.104679065262195, 1.4470239186607388, 0.25487646038047324, 0.06141149213495821, 0.22402851268213747, 0.15888835922687822, 0.112820236814], maxlen=1000), tilt_threshold: 5.0
2025-03-02 17:38:20 - tilt_change: deque([0, 1.0921605354864212, 1.6953516577661212, 0.12645285983540688, 4.409744347192685, 12.005833048895347, 3.4137445162716147, 3.3884539443045343, 2.5065050748659967, 0.5769368029970561, 0.5769368029970561, 0.20553957588240035, 0.09721236377099718, 0.048045171715284773, 0.028215874709604627, 0.07077965077142334, 0.05980447408435907, 0.05058130151873552, 0.014155930154284669, 0.050290398396370506, 21.612006490582115, 4.533963085247293, 4.533963085247293, 4.533963085247293, 4.385502881019111, 12.632778043989125, 5.329536679867145, 5.2410025551344175, 4.591995018554097, 2.16506082820179, 1.0991534922283608, 0.3277144580690192, 0.09962141844551758, 0.03206439418590734, 0.026210218421022585, 0.0213942440653535, 0.1239763399460164, 0.06003286391459106, 0.029651758191513278, 0.04500983391086133, 0.050749851262548495, 0.34371021040789623, 0.09548293336140412, 0.5156393174461497, 0.7047055288976897, 3.5668252301836287, 6.830283388475992, 12.119339346307875, 12.638096268643459, 6.5038601742283815, 5.137803496533183, 2.789421598289569, 1.5051937397275026, 0.31589872331099117, 0.36012537194749966, 0.8344350097925641, 0.8863771300149139, 1.3107887700260221, 0.3441624279614956, 5.736532450545742, 8.261272637779093, 13.460615279731124, 6.683831531891457, 5.756933592818013, 4.104679065262195, 1.4470239186607388, 0.25487646038047324, 0.06141149213495821, 0.22402851268213747, 0.15888835922687822, 0.112820236814], maxlen=1000), tilt_threshold: 5.0
2025-03-02 17:38:20 - tilt_change: deque([0, 1.0921605354864212, 1.6953516577661212, 0.12645285983540688, 4.409744347192685, 12.005833048895347, 3.4137445162716147, 3.3884539443045343, 2.5065050748659967, 0.5769368029970561, 0.5769368029970561, 0.20553957588240035, 0.09721236377099718, 0.048045171715284773, 0.028215874709604627, 0.07077965077142334, 0.05980447408435907, 0.05058130151873552, 0.014155930154284669, 0.050290398396370506, 21.612006490582115, 4.533963085247293, 4.533963085247293, 4.533963085247293, 4.385502881019111, 12.632778043989125, 5.329536679867145, 5.2410025551344175, 4.591995018554097, 2.16506082820179, 1.0991534922283608, 0.3277144580690192, 0.09962141844551758, 0.03206439418590734, 0.026210218421022585, 0.0213942440653535, 0.1239763399460164, 0.06003286391459106, 0.029651758191513278, 0.04500983391086133, 0.050749851262548495, 0.34371021040789623, 0.09548293336140412, 0.5156393174461497, 0.7047055288976897, 3.5668252301836287, 6.830283388475992, 12.119339346307875, 12.638096268643459, 6.5038601742283815, 5.137803496533183, 2.789421598289569, 1.5051937397275026, 0.31589872331099117, 0.36012537194749966, 0.8344350097925641, 0.8863771300149139, 1.3107887700260221, 0.3441624279614956, 5.736532450545742, 8.261272637779093, 13.460615279731124, 6.683831531891457, 5.756933592818013, 4.104679065262195, 1.4470239186607388, 0.25487646038047324, 0.06141149213495821, 0.22402851268213747, 0.15888835922687822, 0.112820236814], maxlen=1000), tilt_threshold: 5.0
2025-03-02 17:38:20 - tilt_change: deque([0, 1.0921605354864212, 1.6953516577661212, 0.12645285983540688, 4.409744347192685, 12.005833048895347, 3.4137445162716147, 3.3884539443045343, 2.5065050748659967, 0.5769368029970561, 0.5769368029970561, 0.20553957588240035, 0.09721236377099718, 0.048045171715284773, 0.028215874709604627, 0.07077965077142334, 0.05980447408435907, 0.05058130151873552, 0.014155930154284669, 0.050290398396370506, 21.612006490582115, 4.533963085247293, 4.533963085247293, 4.533963085247293, 4.385502881019111, 12.632778043989125, 5.329536679867145, 5.2410025551344175, 4.591995018554097, 2.16506082820179, 1.0991534922283608, 0.3277144580690192, 0.09962141844551758, 0.03206439418590734, 0.026210218421022585, 0.0213942440653535, 0.1239763399460164, 0.06003286391459106, 0.029651758191513278, 0.04500983391086133, 0.050749851262548495, 0.34371021040789623, 0.09548293336140412, 0.5156393174461497, 0.7047055288976897, 3.5668252301836287, 6.830283388475992, 12.119339346307875, 12.638096268643459, 6.5038601742283815, 5.137803496533183, 2.789421598289569, 1.5051937397275026, 0.31589872331099117, 0.36012537194749966, 0.8344350097925641, 0.8863771300149139, 1.3107887700260221, 0.3441624279614956, 5.736532450545742, 8.261272637779093, 13.460615279731124, 6.683831531891457, 5.756933592818013, 4.104679065262195, 1.4470239186607388, 0.25487646038047324, 0.06141149213495821, 0.22402851268213747, 0.15888835922687822, 0.112820236814], maxlen=1000), tilt_threshold: 5.0
2025-03-02 17:38:20 - tilt_change: deque([0, 1.0921605354864212, 1.6953516577661212, 0.12645285983540688, 4.409744347192685, 12.005833048895347, 3.4137445162716147, 3.3884539443045343, 2.5065050748659967, 0.5769368029970561, 0.5769368029970561, 0.20553957588240035, 0.09721236377099718, 0.048045171715284773, 0.028215874709604627, 0.07077965077142334, 0.05980447408435907, 0.05058130151873552, 0.014155930154284669, 0.050290398396370506, 21.612006490582115, 4.533963085247293, 4.533963085247293, 4.533963085247293, 4.385502881019111, 12.632778043989125, 5.329536679867145, 5.2410025551344175, 4.591995018554097, 2.16506082820179, 1.0991534922283608, 0.3277144580690192, 0.09962141844551758, 0.03206439418590734, 0.026210218421022585, 0.0213942440653535, 0.1239763399460164, 0.06003286391459106, 0.029651758191513278, 0.04500983391086133, 0.050749851262548495, 0.34371021040789623, 0.09548293336140412, 0.5156393174461497, 0.7047055288976897, 3.5668252301836287, 6.830283388475992, 12.119339346307875, 12.638096268643459, 6.5038601742283815, 5.137803496533183, 2.789421598289569, 1.5051937397275026, 0.31589872331099117, 0.36012537194749966, 0.8344350097925641, 0.8863771300149139, 1.3107887700260221, 0.3441624279614956, 5.736532450545742, 8.261272637779093, 13.460615279731124, 6.683831531891457, 5.756933592818013, 4.104679065262195, 1.4470239186607388, 0.25487646038047324, 0.06141149213495821, 0.22402851268213747, 0.15888835922687822, 0.112820236814], maxlen=1000), tilt_threshold: 5.0
2025-03-02 17:38:20 - tilt_change: deque([0, 1.0921605354864212, 1.6953516577661212, 0.12645285983540688, 4.409744347192685, 12.005833048895347, 3.4137445162716147, 3.3884539443045343, 2.5065050748659967, 0.5769368029970561, 0.5769368029970561, 0.20553957588240035, 0.09721236377099718, 0.048045171715284773, 0.028215874709604627, 0.07077965077142334, 0.05980447408435907, 0.05058130151873552, 0.014155930154284669, 0.050290398396370506, 21.612006490582115, 4.533963085247293, 4.533963085247293, 4.533963085247293, 4.385502881019111, 12.632778043989125, 5.329536679867145, 5.2410025551344175, 4.591995018554097, 2.16506082820179, 1.0991534922283608, 0.3277144580690192, 0.09962141844551758, 0.03206439418590734, 0.026210218421022585, 0.0213942440653535, 0.1239763399460164, 0.06003286391459106, 0.029651758191513278, 0.04500983391086133, 0.050749851262548495, 0.34371021040789623, 0.09548293336140412, 0.5156393174461497, 0.7047055288976897, 3.5668252301836287, 6.830283388475992, 12.119339346307875, 12.638096268643459, 6.5038601742283815, 5.137803496533183, 2.789421598289569, 1.5051937397275026, 0.31589872331099117, 0.36012537194749966, 0.8344350097925641, 0.8863771300149139, 1.3107887700260221, 0.3441624279614956, 5.736532450545742, 8.261272637779093, 13.460615279731124, 6.683831531891457, 5.756933592818013, 4.104679065262195, 1.4470239186607388, 0.25487646038047324, 0.06141149213495821, 0.22402851268213747, 0.15888835922687822, 0.112820236814], maxlen=1000), tilt_threshold: 5.0
2025-03-02 17:38:20 - tilt_change: deque([0, 1.0921605354864212, 1.6953516577661212, 0.12645285983540688, 4.409744347192685, 12.005833048895347, 3.4137445162716147, 3.3884539443045343, 2.5065050748659967, 0.5769368029970561, 0.5769368029970561, 0.20553957588240035, 0.09721236377099718, 0.048045171715284773, 0.028215874709604627, 0.07077965077142334, 0.05980447408435907, 0.05058130151873552, 0.014155930154284669, 0.050290398396370506, 21.612006490582115, 4.533963085247293, 4.533963085247293, 4.533963085247293, 4.385502881019111, 12.632778043989125, 5.329536679867145, 5.2410025551344175, 4.591995018554097, 2.16506082820179, 1.0991534922283608, 0.3277144580690192, 0.09962141844551758, 0.03206439418590734, 0.026210218421022585, 0.0213942440653535, 0.1239763399460164, 0.06003286391459106, 0.029651758191513278, 0.04500983391086133, 0.050749851262548495, 0.34371021040789623, 0.09548293336140412, 0.5156393174461497, 0.7047055288976897, 3.5668252301836287, 6.830283388475992, 12.119339346307875, 12.638096268643459, 6.5038601742283815, 5.137803496533183, 2.789421598289569, 1.5051937397275026, 0.31589872331099117, 0.36012537194749966, 0.8344350097925641, 0.8863771300149139, 1.3107887700260221, 0.3441624279614956, 5.736532450545742, 8.261272637779093, 13.460615279731124, 6.683831531891457, 5.756933592818013, 4.104679065262195, 1.4470239186607388, 0.25487646038047324, 0.06141149213495821, 0.22402851268213747, 0.15888835922687822, 0.112820236814], maxlen=1000), tilt_threshold: 5.0
2025-03-02 17:38:20 - tilt_change: deque([0, 1.0921605354864212, 1.6953516577661212, 0.12645285983540688, 4.409744347192685, 12.005833048895347, 3.4137445162716147, 3.3884539443045343, 2.5065050748659967, 0.5769368029970561, 0.5769368029970561, 0.20553957588240035, 0.09721236377099718, 0.048045171715284773, 0.028215874709604627, 0.07077965077142334, 0.05980447408435907, 0.05058130151873552, 0.014155930154284669, 0.050290398396370506, 21.612006490582115, 4.533963085247293, 4.533963085247293, 4.533963085247293, 4.385502881019111, 12.632778043989125, 5.329536679867145, 5.2410025551344175, 4.591995018554097, 2.16506082820179, 1.0991534922283608, 0.3277144580690192, 0.09962141844551758, 0.03206439418590734, 0.026210218421022585, 0.0213942440653535, 0.1239763399460164, 0.06003286391459106, 0.029651758191513278, 0.04500983391086133, 0.050749851262548495, 0.34371021040789623, 0.09548293336140412, 0.5156393174461497, 0.7047055288976897, 3.5668252301836287, 6.830283388475992, 12.119339346307875, 12.638096268643459, 6.5038601742283815, 5.137803496533183, 2.789421598289569, 1.5051937397275026, 0.31589872331099117, 0.36012537194749966, 0.8344350097925641, 0.8863771300149139, 1.3107887700260221, 0.3441624279614956, 5.736532450545742, 8.261272637779093, 13.460615279731124, 6.683831531891457, 5.756933592818013, 4.104679065262195, 1.4470239186607388, 0.25487646038047324, 0.06141149213495821, 0.22402851268213747, 0.15888835922687822, 0.112820236814], maxlen=1000), tilt_threshold: 5.0
2025-03-02 17:38:20 - tilt_change: deque([0, 1.0921605354864212, 1.6953516577661212, 0.12645285983540688, 4.409744347192685, 12.005833048895347, 3.4137445162716147, 3.3884539443045343, 2.5065050748659967, 0.5769368029970561, 0.5769368029970561, 0.20553957588240035, 0.09721236377099718, 0.048045171715284773, 0.028215874709604627, 0.07077965077142334, 0.05980447408435907, 0.05058130151873552, 0.014155930154284669, 0.050290398396370506, 21.612006490582115, 4.533963085247293, 4.533963085247293, 4.533963085247293, 4.385502881019111, 12.632778043989125, 5.329536679867145, 5.2410025551344175, 4.591995018554097, 2.16506082820179, 1.0991534922283608, 0.3277144580690192, 0.09962141844551758, 0.03206439418590734, 0.026210218421022585, 0.0213942440653535, 0.1239763399460164, 0.06003286391459106, 0.029651758191513278, 0.04500983391086133, 0.050749851262548495, 0.34371021040789623, 0.09548293336140412, 0.5156393174461497, 0.7047055288976897, 3.5668252301836287, 6.830283388475992, 12.119339346307875, 12.638096268643459, 6.5038601742283815, 5.137803496533183, 2.789421598289569, 1.5051937397275026, 0.31589872331099117, 0.36012537194749966, 0.8344350097925641, 0.8863771300149139, 1.3107887700260221, 0.3441624279614956, 5.736532450545742, 8.261272637779093, 13.460615279731124, 6.683831531891457, 5.756933592818013, 4.104679065262195, 1.4470239186607388, 0.25487646038047324, 0.06141149213495821, 0.22402851268213747, 0.15888835922687822, 0.112820236814], maxlen=1000), tilt_threshold: 5.0
2025-03-02 17:38:20 - tilt_change: deque([0, 1.0921605354864212, 1.6953516577661212, 0.12645285983540688, 4.409744347192685, 12.005833048895347, 3.4137445162716147, 3.3884539443045343, 2.5065050748659967, 0.5769368029970561, 0.5769368029970561, 0.20553957588240035, 0.09721236377099718, 0.048045171715284773, 0.028215874709604627, 0.07077965077142334, 0.05980447408435907, 0.05058130151873552, 0.014155930154284669, 0.050290398396370506, 21.612006490582115, 4.533963085247293, 4.533963085247293, 4.533963085247293, 4.385502881019111, 12.632778043989125, 5.329536679867145, 5.2410025551344175, 4.591995018554097, 2.16506082820179, 1.0991534922283608, 0.3277144580690192, 0.09962141844551758, 0.03206439418590734, 0.026210218421022585, 0.0213942440653535, 0.1239763399460164, 0.06003286391459106, 0.029651758191513278, 0.04500983391086133, 0.050749851262548495, 0.34371021040789623, 0.09548293336140412, 0.5156393174461497, 0.7047055288976897, 3.5668252301836287, 6.830283388475992, 12.119339346307875, 12.638096268643459, 6.5038601742283815, 5.137803496533183, 2.789421598289569, 1.5051937397275026, 0.31589872331099117, 0.36012537194749966, 0.8344350097925641, 0.8863771300149139, 1.3107887700260221, 0.3441624279614956, 5.736532450545742, 8.261272637779093, 13.460615279731124, 6.683831531891457, 5.756933592818013, 4.104679065262195, 1.4470239186607388, 0.25487646038047324, 0.06141149213495821, 0.22402851268213747, 0.15888835922687822, 0.112820236814], maxlen=1000), tilt_threshold: 5.0
2025-03-02 17:38:20 - tilt_change: deque([0, 1.0921605354864212, 1.6953516577661212, 0.12645285983540688, 4.409744347192685, 12.005833048895347, 3.4137445162716147, 3.3884539443045343, 2.5065050748659967, 0.5769368029970561, 0.5769368029970561, 0.20553957588240035, 0.09721236377099718, 0.048045171715284773, 0.028215874709604627, 0.07077965077142334, 0.05980447408435907, 0.05058130151873552, 0.014155930154284669, 0.050290398396370506, 21.612006490582115, 4.533963085247293, 4.533963085247293, 4.533963085247293, 4.385502881019111, 12.632778043989125, 5.329536679867145, 5.2410025551344175, 4.591995018554097, 2.16506082820179, 1.0991534922283608, 0.3277144580690192, 0.09962141844551758, 0.03206439418590734, 0.026210218421022585, 0.0213942440653535, 0.1239763399460164, 0.06003286391459106, 0.029651758191513278, 0.04500983391086133, 0.050749851262548495, 0.34371021040789623, 0.09548293336140412, 0.5156393174461497, 0.7047055288976897, 3.5668252301836287, 6.830283388475992, 12.119339346307875, 12.638096268643459, 6.5038601742283815, 5.137803496533183, 2.789421598289569, 1.5051937397275026, 0.31589872331099117, 0.36012537194749966, 0.8344350097925641, 0.8863771300149139, 1.3107887700260221, 0.3441624279614956, 5.736532450545742, 8.261272637779093, 13.460615279731124, 6.683831531891457, 5.756933592818013, 4.104679065262195, 1.4470239186607388, 0.25487646038047324, 0.06141149213495821, 0.22402851268213747, 0.15888835922687822, 0.112820236814], maxlen=1000), tilt_threshold: 5.0
2025-03-02 17:38:20 - tilt_change: deque([0, 1.0921605354864212, 1.6953516577661212, 0.12645285983540688, 4.409744347192685, 12.005833048895347, 3.4137445162716147, 3.3884539443045343, 2.5065050748659967, 0.5769368029970561, 0.5769368029970561, 0.20553957588240035, 0.09721236377099718, 0.048045171715284773, 0.028215874709604627, 0.07077965077142334, 0.05980447408435907, 0.05058130151873552, 0.014155930154284669, 0.050290398396370506, 21.612006490582115, 4.533963085247293, 4.533963085247293, 4.533963085247293, 4.385502881019111, 12.632778043989125, 5.329536679867145, 5.2410025551344175, 4.591995018554097, 2.16506082820179, 1.0991534922283608, 0.3277144580690192, 0.09962141844551758, 0.03206439418590734, 0.026210218421022585, 0.0213942440653535, 0.1239763399460164, 0.06003286391459106, 0.029651758191513278, 0.04500983391086133, 0.050749851262548495, 0.34371021040789623, 0.09548293336140412, 0.5156393174461497, 0.7047055288976897, 3.5668252301836287, 6.830283388475992, 12.119339346307875, 12.638096268643459, 6.5038601742283815, 5.137803496533183, 2.789421598289569, 1.5051937397275026, 0.31589872331099117, 0.36012537194749966, 0.8344350097925641, 0.8863771300149139, 1.3107887700260221, 0.3441624279614956, 5.736532450545742, 8.261272637779093, 13.460615279731124, 6.683831531891457, 5.756933592818013, 4.104679065262195, 1.4470239186607388, 0.25487646038047324, 0.06141149213495821, 0.22402851268213747, 0.15888835922687822, 0.112820236814], maxlen=1000), tilt_threshold: 5.0
2025-03-02 17:38:20 - tilt_change: deque([0, 1.0921605354864212, 1.6953516577661212, 0.12645285983540688, 4.409744347192685, 12.005833048895347, 3.4137445162716147, 3.3884539443045343, 2.5065050748659967, 0.5769368029970561, 0.5769368029970561, 0.20553957588240035, 0.09721236377099718, 0.048045171715284773, 0.028215874709604627, 0.07077965077142334, 0.05980447408435907, 0.05058130151873552, 0.014155930154284669, 0.050290398396370506, 21.612006490582115, 4.533963085247293, 4.533963085247293, 4.533963085247293, 4.385502881019111, 12.632778043989125, 5.329536679867145, 5.2410025551344175, 4.591995018554097, 2.16506082820179, 1.0991534922283608, 0.3277144580690192, 0.09962141844551758, 0.03206439418590734, 0.026210218421022585, 0.0213942440653535, 0.1239763399460164, 0.06003286391459106, 0.029651758191513278, 0.04500983391086133, 0.050749851262548495, 0.34371021040789623, 0.09548293336140412, 0.5156393174461497, 0.7047055288976897, 3.5668252301836287, 6.830283388475992, 12.119339346307875, 12.638096268643459, 6.5038601742283815, 5.137803496533183, 2.789421598289569, 1.5051937397275026, 0.31589872331099117, 0.36012537194749966, 0.8344350097925641, 0.8863771300149139, 1.3107887700260221, 0.3441624279614956, 5.736532450545742, 8.261272637779093, 13.460615279731124, 6.683831531891457, 5.756933592818013, 4.104679065262195, 1.4470239186607388, 0.25487646038047324, 0.06141149213495821, 0.22402851268213747, 0.15888835922687822, 0.112820236814], maxlen=1000), tilt_threshold: 5.0
2025-03-02 17:38:20 - tilt_change: deque([0, 1.0921605354864212, 1.6953516577661212, 0.12645285983540688, 4.409744347192685, 12.005833048895347, 3.4137445162716147, 3.3884539443045343, 2.5065050748659967, 0.5769368029970561, 0.5769368029970561, 0.20553957588240035, 0.09721236377099718, 0.048045171715284773, 0.028215874709604627, 0.07077965077142334, 0.05980447408435907, 0.05058130151873552, 0.014155930154284669, 0.050290398396370506, 21.612006490582115, 4.533963085247293, 4.533963085247293, 4.533963085247293, 4.385502881019111, 12.632778043989125, 5.329536679867145, 5.2410025551344175, 4.591995018554097, 2.16506082820179, 1.0991534922283608, 0.3277144580690192, 0.09962141844551758, 0.03206439418590734, 0.026210218421022585, 0.0213942440653535, 0.1239763399460164, 0.06003286391459106, 0.029651758191513278, 0.04500983391086133, 0.050749851262548495, 0.34371021040789623, 0.09548293336140412, 0.5156393174461497, 0.7047055288976897, 3.5668252301836287, 6.830283388475992, 12.119339346307875, 12.638096268643459, 6.5038601742283815, 5.137803496533183, 2.789421598289569, 1.5051937397275026, 0.31589872331099117, 0.36012537194749966, 0.8344350097925641, 0.8863771300149139, 1.3107887700260221, 0.3441624279614956, 5.736532450545742, 8.261272637779093, 13.460615279731124, 6.683831531891457, 5.756933592818013, 4.104679065262195, 1.4470239186607388, 0.25487646038047324, 0.06141149213495821, 0.22402851268213747, 0.15888835922687822, 0.112820236814], maxlen=1000), tilt_threshold: 5.0
2025-03-02 17:38:20 - tilt_change: deque([0, 1.0921605354864212, 1.6953516577661212, 0.12645285983540688, 4.409744347192685, 12.005833048895347, 3.4137445162716147, 3.3884539443045343, 2.5065050748659967, 0.5769368029970561, 0.5769368029970561, 0.20553957588240035, 0.09721236377099718, 0.048045171715284773, 0.028215874709604627, 0.07077965077142334, 0.05980447408435907, 0.05058130151873552, 0.014155930154284669, 0.050290398396370506, 21.612006490582115, 4.533963085247293, 4.533963085247293, 4.533963085247293, 4.385502881019111, 12.632778043989125, 5.329536679867145, 5.2410025551344175, 4.591995018554097, 2.16506082820179, 1.0991534922283608, 0.3277144580690192, 0.09962141844551758, 0.03206439418590734, 0.026210218421022585, 0.0213942440653535, 0.1239763399460164, 0.06003286391459106, 0.029651758191513278, 0.04500983391086133, 0.050749851262548495, 0.34371021040789623, 0.09548293336140412, 0.5156393174461497, 0.7047055288976897, 3.5668252301836287, 6.830283388475992, 12.119339346307875, 12.638096268643459, 6.5038601742283815, 5.137803496533183, 2.789421598289569, 1.5051937397275026, 0.31589872331099117, 0.36012537194749966, 0.8344350097925641, 0.8863771300149139, 1.3107887700260221, 0.3441624279614956, 5.736532450545742, 8.261272637779093, 13.460615279731124, 6.683831531891457, 5.756933592818013, 4.104679065262195, 1.4470239186607388, 0.25487646038047324, 0.06141149213495821, 0.22402851268213747, 0.15888835922687822, 0.112820236814], maxlen=1000), tilt_threshold: 5.0
2025-03-02 17:38:20 - tilt_change: deque([0, 1.0921605354864212, 1.6953516577661212, 0.12645285983540688, 4.409744347192685, 12.005833048895347, 3.4137445162716147, 3.3884539443045343, 2.5065050748659967, 0.5769368029970561, 0.5769368029970561, 0.20553957588240035, 0.09721236377099718, 0.048045171715284773, 0.028215874709604627, 0.07077965077142334, 0.05980447408435907, 0.05058130151873552, 0.014155930154284669, 0.050290398396370506, 21.612006490582115, 4.533963085247293, 4.533963085247293, 4.533963085247293, 4.385502881019111, 12.632778043989125, 5.329536679867145, 5.2410025551344175, 4.591995018554097, 2.16506082820179, 1.0991534922283608, 0.3277144580690192, 0.09962141844551758, 0.03206439418590734, 0.026210218421022585, 0.0213942440653535, 0.1239763399460164, 0.06003286391459106, 0.029651758191513278, 0.04500983391086133, 0.050749851262548495, 0.34371021040789623, 0.09548293336140412, 0.5156393174461497, 0.7047055288976897, 3.5668252301836287, 6.830283388475992, 12.119339346307875, 12.638096268643459, 6.5038601742283815, 5.137803496533183, 2.789421598289569, 1.5051937397275026, 0.31589872331099117, 0.36012537194749966, 0.8344350097925641, 0.8863771300149139, 1.3107887700260221, 0.3441624279614956, 5.736532450545742, 8.261272637779093, 13.460615279731124, 6.683831531891457, 5.756933592818013, 4.104679065262195, 1.4470239186607388, 0.25487646038047324, 0.06141149213495821, 0.22402851268213747, 0.15888835922687822, 0.112820236814], maxlen=1000), tilt_threshold: 5.0
2025-03-02 17:38:20 - tilt_change: deque([0, 1.0921605354864212, 1.6953516577661212, 0.12645285983540688, 4.409744347192685, 12.005833048895347, 3.4137445162716147, 3.3884539443045343, 2.5065050748659967, 0.5769368029970561, 0.5769368029970561, 0.20553957588240035, 0.09721236377099718, 0.048045171715284773, 0.028215874709604627, 0.07077965077142334, 0.05980447408435907, 0.05058130151873552, 0.014155930154284669, 0.050290398396370506, 21.612006490582115, 4.533963085247293, 4.533963085247293, 4.533963085247293, 4.385502881019111, 12.632778043989125, 5.329536679867145, 5.2410025551344175, 4.591995018554097, 2.16506082820179, 1.0991534922283608, 0.3277144580690192, 0.09962141844551758, 0.03206439418590734, 0.026210218421022585, 0.0213942440653535, 0.1239763399460164, 0.06003286391459106, 0.029651758191513278, 0.04500983391086133, 0.050749851262548495, 0.34371021040789623, 0.09548293336140412, 0.5156393174461497, 0.7047055288976897, 3.5668252301836287, 6.830283388475992, 12.119339346307875, 12.638096268643459, 6.5038601742283815, 5.137803496533183, 2.789421598289569, 1.5051937397275026, 0.31589872331099117, 0.36012537194749966, 0.8344350097925641, 0.8863771300149139, 1.3107887700260221, 0.3441624279614956, 5.736532450545742, 8.261272637779093, 13.460615279731124, 6.683831531891457, 5.756933592818013, 4.104679065262195, 1.4470239186607388, 0.25487646038047324, 0.06141149213495821, 0.22402851268213747, 0.15888835922687822, 0.112820236814], maxlen=1000), tilt_threshold: 5.0
2025-03-02 17:38:20 - tilt_change: deque([0, 1.0921605354864212, 1.6953516577661212, 0.12645285983540688, 4.409744347192685, 12.005833048895347, 3.4137445162716147, 3.3884539443045343, 2.5065050748659967, 0.5769368029970561, 0.5769368029970561, 0.20553957588240035, 0.09721236377099718, 0.048045171715284773, 0.028215874709604627, 0.07077965077142334, 0.05980447408435907, 0.05058130151873552, 0.014155930154284669, 0.050290398396370506, 21.612006490582115, 4.533963085247293, 4.533963085247293, 4.533963085247293, 4.385502881019111, 12.632778043989125, 5.329536679867145, 5.2410025551344175, 4.591995018554097, 2.16506082820179, 1.0991534922283608, 0.3277144580690192, 0.09962141844551758, 0.03206439418590734, 0.026210218421022585, 0.0213942440653535, 0.1239763399460164, 0.06003286391459106, 0.029651758191513278, 0.04500983391086133, 0.050749851262548495, 0.34371021040789623, 0.09548293336140412, 0.5156393174461497, 0.7047055288976897, 3.5668252301836287, 6.830283388475992, 12.119339346307875, 12.638096268643459, 6.5038601742283815, 5.137803496533183, 2.789421598289569, 1.5051937397275026, 0.31589872331099117, 0.36012537194749966, 0.8344350097925641, 0.8863771300149139, 1.3107887700260221, 0.3441624279614956, 5.736532450545742, 8.261272637779093, 13.460615279731124, 6.683831531891457, 5.756933592818013, 4.104679065262195, 1.4470239186607388, 0.25487646038047324, 0.06141149213495821, 0.22402851268213747, 0.15888835922687822, 0.112820236814], maxlen=1000), tilt_threshold: 5.0
2025-03-02 17:38:20 - tilt_change: deque([0, 1.0921605354864212, 1.6953516577661212, 0.12645285983540688, 4.409744347192685, 12.005833048895347, 3.4137445162716147, 3.3884539443045343, 2.5065050748659967, 0.5769368029970561, 0.5769368029970561, 0.20553957588240035, 0.09721236377099718, 0.048045171715284773, 0.028215874709604627, 0.07077965077142334, 0.05980447408435907, 0.05058130151873552, 0.014155930154284669, 0.050290398396370506, 21.612006490582115, 4.533963085247293, 4.533963085247293, 4.533963085247293, 4.385502881019111, 12.632778043989125, 5.329536679867145, 5.2410025551344175, 4.591995018554097, 2.16506082820179, 1.0991534922283608, 0.3277144580690192, 0.09962141844551758, 0.03206439418590734, 0.026210218421022585, 0.0213942440653535, 0.1239763399460164, 0.06003286391459106, 0.029651758191513278, 0.04500983391086133, 0.050749851262548495, 0.34371021040789623, 0.09548293336140412, 0.5156393174461497, 0.7047055288976897, 3.5668252301836287, 6.830283388475992, 12.119339346307875, 12.638096268643459, 6.5038601742283815, 5.137803496533183, 2.789421598289569, 1.5051937397275026, 0.31589872331099117, 0.36012537194749966, 0.8344350097925641, 0.8863771300149139, 1.3107887700260221, 0.3441624279614956, 5.736532450545742, 8.261272637779093, 13.460615279731124, 6.683831531891457, 5.756933592818013, 4.104679065262195, 1.4470239186607388, 0.25487646038047324, 0.06141149213495821, 0.22402851268213747, 0.15888835922687822, 0.112820236814], maxlen=1000), tilt_threshold: 5.0
2025-03-02 17:38:20 - tilt_change: deque([0, 1.0921605354864212, 1.6953516577661212, 0.12645285983540688, 4.409744347192685, 12.005833048895347, 3.4137445162716147, 3.3884539443045343, 2.5065050748659967, 0.5769368029970561, 0.5769368029970561, 0.20553957588240035, 0.09721236377099718, 0.048045171715284773, 0.028215874709604627, 0.07077965077142334, 0.05980447408435907, 0.05058130151873552, 0.014155930154284669, 0.050290398396370506, 21.612006490582115, 4.533963085247293, 4.533963085247293, 4.533963085247293, 4.385502881019111, 12.632778043989125, 5.329536679867145, 5.2410025551344175, 4.591995018554097, 2.16506082820179, 1.0991534922283608, 0.3277144580690192, 0.09962141844551758, 0.03206439418590734, 0.026210218421022585, 0.0213942440653535, 0.1239763399460164, 0.06003286391459106, 0.029651758191513278, 0.04500983391086133, 0.050749851262548495, 0.34371021040789623, 0.09548293336140412, 0.5156393174461497, 0.7047055288976897, 3.5668252301836287, 6.830283388475992, 12.119339346307875, 12.638096268643459, 6.5038601742283815, 5.137803496533183, 2.789421598289569, 1.5051937397275026, 0.31589872331099117, 0.36012537194749966, 0.8344350097925641, 0.8863771300149139, 1.3107887700260221, 0.3441624279614956, 5.736532450545742, 8.261272637779093, 13.460615279731124, 6.683831531891457, 5.756933592818013, 4.104679065262195, 1.4470239186607388, 0.25487646038047324, 0.06141149213495821, 0.22402851268213747, 0.15888835922687822, 0.112820236814], maxlen=1000), tilt_threshold: 5.0
2025-03-02 17:38:20 - tilt_change: deque([0, 1.0921605354864212, 1.6953516577661212, 0.12645285983540688, 4.409744347192685, 12.005833048895347, 3.4137445162716147, 3.3884539443045343, 2.5065050748659967, 0.5769368029970561, 0.5769368029970561, 0.20553957588240035, 0.09721236377099718, 0.048045171715284773, 0.028215874709604627, 0.07077965077142334, 0.05980447408435907, 0.05058130151873552, 0.014155930154284669, 0.050290398396370506, 21.612006490582115, 4.533963085247293, 4.533963085247293, 4.533963085247293, 4.385502881019111, 12.632778043989125, 5.329536679867145, 5.2410025551344175, 4.591995018554097, 2.16506082820179, 1.0991534922283608, 0.3277144580690192, 0.09962141844551758, 0.03206439418590734, 0.026210218421022585, 0.0213942440653535, 0.1239763399460164, 0.06003286391459106, 0.029651758191513278, 0.04500983391086133, 0.050749851262548495, 0.34371021040789623, 0.09548293336140412, 0.5156393174461497, 0.7047055288976897, 3.5668252301836287, 6.830283388475992, 12.119339346307875, 12.638096268643459, 6.5038601742283815, 5.137803496533183, 2.789421598289569, 1.5051937397275026, 0.31589872331099117, 0.36012537194749966, 0.8344350097925641, 0.8863771300149139, 1.3107887700260221, 0.3441624279614956, 5.736532450545742, 8.261272637779093, 13.460615279731124, 6.683831531891457, 5.756933592818013, 4.104679065262195, 1.4470239186607388, 0.25487646038047324, 0.06141149213495821, 0.22402851268213747, 0.15888835922687822, 0.112820236814], maxlen=1000), tilt_threshold: 5.0
2025-03-02 17:38:20 - tilt_change: deque([0, 1.0921605354864212, 1.6953516577661212, 0.12645285983540688, 4.409744347192685, 12.005833048895347, 3.4137445162716147, 3.3884539443045343, 2.5065050748659967, 0.5769368029970561, 0.5769368029970561, 0.20553957588240035, 0.09721236377099718, 0.048045171715284773, 0.028215874709604627, 0.07077965077142334, 0.05980447408435907, 0.05058130151873552, 0.014155930154284669, 0.050290398396370506, 21.612006490582115, 4.533963085247293, 4.533963085247293, 4.533963085247293, 4.385502881019111, 12.632778043989125, 5.329536679867145, 5.2410025551344175, 4.591995018554097, 2.16506082820179, 1.0991534922283608, 0.3277144580690192, 0.09962141844551758, 0.03206439418590734, 0.026210218421022585, 0.0213942440653535, 0.1239763399460164, 0.06003286391459106, 0.029651758191513278, 0.04500983391086133, 0.050749851262548495, 0.34371021040789623, 0.09548293336140412, 0.5156393174461497, 0.7047055288976897, 3.5668252301836287, 6.830283388475992, 12.119339346307875, 12.638096268643459, 6.5038601742283815, 5.137803496533183, 2.789421598289569, 1.5051937397275026, 0.31589872331099117, 0.36012537194749966, 0.8344350097925641, 0.8863771300149139, 1.3107887700260221, 0.3441624279614956, 5.736532450545742, 8.261272637779093, 13.460615279731124, 6.683831531891457, 5.756933592818013, 4.104679065262195, 1.4470239186607388, 0.25487646038047324, 0.06141149213495821, 0.22402851268213747, 0.15888835922687822, 0.112820236814], maxlen=1000), tilt_threshold: 5.0
2025-03-02 17:38:20 - tilt_change: deque([0, 1.0921605354864212, 1.6953516577661212, 0.12645285983540688, 4.409744347192685, 12.005833048895347, 3.4137445162716147, 3.3884539443045343, 2.5065050748659967, 0.5769368029970561, 0.5769368029970561, 0.20553957588240035, 0.09721236377099718, 0.048045171715284773, 0.028215874709604627, 0.07077965077142334, 0.05980447408435907, 0.05058130151873552, 0.014155930154284669, 0.050290398396370506, 21.612006490582115, 4.533963085247293, 4.533963085247293, 4.533963085247293, 4.385502881019111, 12.632778043989125, 5.329536679867145, 5.2410025551344175, 4.591995018554097, 2.16506082820179, 1.0991534922283608, 0.3277144580690192, 0.09962141844551758, 0.03206439418590734, 0.026210218421022585, 0.0213942440653535, 0.1239763399460164, 0.06003286391459106, 0.029651758191513278, 0.04500983391086133, 0.050749851262548495, 0.34371021040789623, 0.09548293336140412, 0.5156393174461497, 0.7047055288976897, 3.5668252301836287, 6.830283388475992, 12.119339346307875, 12.638096268643459, 6.5038601742283815, 5.137803496533183, 2.789421598289569, 1.5051937397275026, 0.31589872331099117, 0.36012537194749966, 0.8344350097925641, 0.8863771300149139, 1.3107887700260221, 0.3441624279614956, 5.736532450545742, 8.261272637779093, 13.460615279731124, 6.683831531891457, 5.756933592818013, 4.104679065262195, 1.4470239186607388, 0.25487646038047324, 0.06141149213495821, 0.22402851268213747, 0.15888835922687822, 0.112820236814], maxlen=1000), tilt_threshold: 5.0
2025-03-02 17:38:20 - tilt_change: deque([0, 1.0921605354864212, 1.6953516577661212, 0.12645285983540688, 4.409744347192685, 12.005833048895347, 3.4137445162716147, 3.3884539443045343, 2.5065050748659967, 0.5769368029970561, 0.5769368029970561, 0.20553957588240035, 0.09721236377099718, 0.048045171715284773, 0.028215874709604627, 0.07077965077142334, 0.05980447408435907, 0.05058130151873552, 0.014155930154284669, 0.050290398396370506, 21.612006490582115, 4.533963085247293, 4.533963085247293, 4.533963085247293, 4.385502881019111, 12.632778043989125, 5.329536679867145, 5.2410025551344175, 4.591995018554097, 2.16506082820179, 1.0991534922283608, 0.3277144580690192, 0.09962141844551758, 0.03206439418590734, 0.026210218421022585, 0.0213942440653535, 0.1239763399460164, 0.06003286391459106, 0.029651758191513278, 0.04500983391086133, 0.050749851262548495, 0.34371021040789623, 0.09548293336140412, 0.5156393174461497, 0.7047055288976897, 3.5668252301836287, 6.830283388475992, 12.119339346307875, 12.638096268643459, 6.5038601742283815, 5.137803496533183, 2.789421598289569, 1.5051937397275026, 0.31589872331099117, 0.36012537194749966, 0.8344350097925641, 0.8863771300149139, 1.3107887700260221, 0.3441624279614956, 5.736532450545742, 8.261272637779093, 13.460615279731124, 6.683831531891457, 5.756933592818013, 4.104679065262195, 1.4470239186607388, 0.25487646038047324, 0.06141149213495821, 0.22402851268213747, 0.15888835922687822, 0.112820236814], maxlen=1000), tilt_threshold: 5.0
2025-03-02 17:38:20 - tilt_change: deque([0, 1.0921605354864212, 1.6953516577661212, 0.12645285983540688, 4.409744347192685, 12.005833048895347, 3.4137445162716147, 3.3884539443045343, 2.5065050748659967, 0.5769368029970561, 0.5769368029970561, 0.20553957588240035, 0.09721236377099718, 0.048045171715284773, 0.028215874709604627, 0.07077965077142334, 0.05980447408435907, 0.05058130151873552, 0.014155930154284669, 0.050290398396370506, 21.612006490582115, 4.533963085247293, 4.533963085247293, 4.533963085247293, 4.385502881019111, 12.632778043989125, 5.329536679867145, 5.2410025551344175, 4.591995018554097, 2.16506082820179, 1.0991534922283608, 0.3277144580690192, 0.09962141844551758, 0.03206439418590734, 0.026210218421022585, 0.0213942440653535, 0.1239763399460164, 0.06003286391459106, 0.029651758191513278, 0.04500983391086133, 0.050749851262548495, 0.34371021040789623, 0.09548293336140412, 0.5156393174461497, 0.7047055288976897, 3.5668252301836287, 6.830283388475992, 12.119339346307875, 12.638096268643459, 6.5038601742283815, 5.137803496533183, 2.789421598289569, 1.5051937397275026, 0.31589872331099117, 0.36012537194749966, 0.8344350097925641, 0.8863771300149139, 1.3107887700260221, 0.3441624279614956, 5.736532450545742, 8.261272637779093, 13.460615279731124, 6.683831531891457, 5.756933592818013, 4.104679065262195, 1.4470239186607388, 0.25487646038047324, 0.06141149213495821, 0.22402851268213747, 0.15888835922687822, 0.112820236814], maxlen=1000), tilt_threshold: 5.0
2025-03-02 17:38:20 - tilt_change: deque([0, 1.0921605354864212, 1.6953516577661212, 0.12645285983540688, 4.409744347192685, 12.005833048895347, 3.4137445162716147, 3.3884539443045343, 2.5065050748659967, 0.5769368029970561, 0.5769368029970561, 0.20553957588240035, 0.09721236377099718, 0.048045171715284773, 0.028215874709604627, 0.07077965077142334, 0.05980447408435907, 0.05058130151873552, 0.014155930154284669, 0.050290398396370506, 21.612006490582115, 4.533963085247293, 4.533963085247293, 4.533963085247293, 4.385502881019111, 12.632778043989125, 5.329536679867145, 5.2410025551344175, 4.591995018554097, 2.16506082820179, 1.0991534922283608, 0.3277144580690192, 0.09962141844551758, 0.03206439418590734, 0.026210218421022585, 0.0213942440653535, 0.1239763399460164, 0.06003286391459106, 0.029651758191513278, 0.04500983391086133, 0.050749851262548495, 0.34371021040789623, 0.09548293336140412, 0.5156393174461497, 0.7047055288976897, 3.5668252301836287, 6.830283388475992, 12.119339346307875, 12.638096268643459, 6.5038601742283815, 5.137803496533183, 2.789421598289569, 1.5051937397275026, 0.31589872331099117, 0.36012537194749966, 0.8344350097925641, 0.8863771300149139, 1.3107887700260221, 0.3441624279614956, 5.736532450545742, 8.261272637779093, 13.460615279731124, 6.683831531891457, 5.756933592818013, 4.104679065262195, 1.4470239186607388, 0.25487646038047324, 0.06141149213495821, 0.22402851268213747, 0.15888835922687822, 0.112820236814], maxlen=1000), tilt_threshold: 5.0
2025-03-02 17:38:20 - tilt_change: deque([0, 1.0921605354864212, 1.6953516577661212, 0.12645285983540688, 4.409744347192685, 12.005833048895347, 3.4137445162716147, 3.3884539443045343, 2.5065050748659967, 0.5769368029970561, 0.5769368029970561, 0.20553957588240035, 0.09721236377099718, 0.048045171715284773, 0.028215874709604627, 0.07077965077142334, 0.05980447408435907, 0.05058130151873552, 0.014155930154284669, 0.050290398396370506, 21.612006490582115, 4.533963085247293, 4.533963085247293, 4.533963085247293, 4.385502881019111, 12.632778043989125, 5.329536679867145, 5.2410025551344175, 4.591995018554097, 2.16506082820179, 1.0991534922283608, 0.3277144580690192, 0.09962141844551758, 0.03206439418590734, 0.026210218421022585, 0.0213942440653535, 0.1239763399460164, 0.06003286391459106, 0.029651758191513278, 0.04500983391086133, 0.050749851262548495, 0.34371021040789623, 0.09548293336140412, 0.5156393174461497, 0.7047055288976897, 3.5668252301836287, 6.830283388475992, 12.119339346307875, 12.638096268643459, 6.5038601742283815, 5.137803496533183, 2.789421598289569, 1.5051937397275026, 0.31589872331099117, 0.36012537194749966, 0.8344350097925641, 0.8863771300149139, 1.3107887700260221, 0.3441624279614956, 5.736532450545742, 8.261272637779093, 13.460615279731124, 6.683831531891457, 5.756933592818013, 4.104679065262195, 1.4470239186607388, 0.25487646038047324, 0.06141149213495821, 0.22402851268213747, 0.15888835922687822, 0.112820236814], maxlen=1000), tilt_threshold: 5.0
2025-03-02 17:38:20 - tilt_change: deque([0, 1.0921605354864212, 1.6953516577661212, 0.12645285983540688, 4.409744347192685, 12.005833048895347, 3.4137445162716147, 3.3884539443045343, 2.5065050748659967, 0.5769368029970561, 0.5769368029970561, 0.20553957588240035, 0.09721236377099718, 0.048045171715284773, 0.028215874709604627, 0.07077965077142334, 0.05980447408435907, 0.05058130151873552, 0.014155930154284669, 0.050290398396370506, 21.612006490582115, 4.533963085247293, 4.533963085247293, 4.533963085247293, 4.385502881019111, 12.632778043989125, 5.329536679867145, 5.2410025551344175, 4.591995018554097, 2.16506082820179, 1.0991534922283608, 0.3277144580690192, 0.09962141844551758, 0.03206439418590734, 0.026210218421022585, 0.0213942440653535, 0.1239763399460164, 0.06003286391459106, 0.029651758191513278, 0.04500983391086133, 0.050749851262548495, 0.34371021040789623, 0.09548293336140412, 0.5156393174461497, 0.7047055288976897, 3.5668252301836287, 6.830283388475992, 12.119339346307875, 12.638096268643459, 6.5038601742283815, 5.137803496533183, 2.789421598289569, 1.5051937397275026, 0.31589872331099117, 0.36012537194749966, 0.8344350097925641, 0.8863771300149139, 1.3107887700260221, 0.3441624279614956, 5.736532450545742, 8.261272637779093, 13.460615279731124, 6.683831531891457, 5.756933592818013, 4.104679065262195, 1.4470239186607388, 0.25487646038047324, 0.06141149213495821, 0.22402851268213747, 0.15888835922687822, 0.112820236814], maxlen=1000), tilt_threshold: 5.0
2025-03-02 17:38:20 - tilt_change: deque([0, 1.0921605354864212, 1.6953516577661212, 0.12645285983540688, 4.409744347192685, 12.005833048895347, 3.4137445162716147, 3.3884539443045343, 2.5065050748659967, 0.5769368029970561, 0.5769368029970561, 0.20553957588240035, 0.09721236377099718, 0.048045171715284773, 0.028215874709604627, 0.07077965077142334, 0.05980447408435907, 0.05058130151873552, 0.014155930154284669, 0.050290398396370506, 21.612006490582115, 4.533963085247293, 4.533963085247293, 4.533963085247293, 4.385502881019111, 12.632778043989125, 5.329536679867145, 5.2410025551344175, 4.591995018554097, 2.16506082820179, 1.0991534922283608, 0.3277144580690192, 0.09962141844551758, 0.03206439418590734, 0.026210218421022585, 0.0213942440653535, 0.1239763399460164, 0.06003286391459106, 0.029651758191513278, 0.04500983391086133, 0.050749851262548495, 0.34371021040789623, 0.09548293336140412, 0.5156393174461497, 0.7047055288976897, 3.5668252301836287, 6.830283388475992, 12.119339346307875, 12.638096268643459, 6.5038601742283815, 5.137803496533183, 2.789421598289569, 1.5051937397275026, 0.31589872331099117, 0.36012537194749966, 0.8344350097925641, 0.8863771300149139, 1.3107887700260221, 0.3441624279614956, 5.736532450545742, 8.261272637779093, 13.460615279731124, 6.683831531891457, 5.756933592818013, 4.104679065262195, 1.4470239186607388, 0.25487646038047324, 0.06141149213495821, 0.22402851268213747, 0.15888835922687822, 0.112820236814], maxlen=1000), tilt_threshold: 5.0
2025-03-02 17:38:20 - tilt_change: deque([0, 1.0921605354864212, 1.6953516577661212, 0.12645285983540688, 4.409744347192685, 12.005833048895347, 3.4137445162716147, 3.3884539443045343, 2.5065050748659967, 0.5769368029970561, 0.5769368029970561, 0.20553957588240035, 0.09721236377099718, 0.048045171715284773, 0.028215874709604627, 0.07077965077142334, 0.05980447408435907, 0.05058130151873552, 0.014155930154284669, 0.050290398396370506, 21.612006490582115, 4.533963085247293, 4.533963085247293, 4.533963085247293, 4.385502881019111, 12.632778043989125, 5.329536679867145, 5.2410025551344175, 4.591995018554097, 2.16506082820179, 1.0991534922283608, 0.3277144580690192, 0.09962141844551758, 0.03206439418590734, 0.026210218421022585, 0.0213942440653535, 0.1239763399460164, 0.06003286391459106, 0.029651758191513278, 0.04500983391086133, 0.050749851262548495, 0.34371021040789623, 0.09548293336140412, 0.5156393174461497, 0.7047055288976897, 3.5668252301836287, 6.830283388475992, 12.119339346307875, 12.638096268643459, 6.5038601742283815, 5.137803496533183, 2.789421598289569, 1.5051937397275026, 0.31589872331099117, 0.36012537194749966, 0.8344350097925641, 0.8863771300149139, 1.3107887700260221, 0.3441624279614956, 5.736532450545742, 8.261272637779093, 13.460615279731124, 6.683831531891457, 5.756933592818013, 4.104679065262195, 1.4470239186607388, 0.25487646038047324, 0.06141149213495821, 0.22402851268213747, 0.15888835922687822, 0.112820236814], maxlen=1000), tilt_threshold: 5.0
2025-03-02 17:38:20 - tilt_change: deque([0, 1.0921605354864212, 1.6953516577661212, 0.12645285983540688, 4.409744347192685, 12.005833048895347, 3.4137445162716147, 3.3884539443045343, 2.5065050748659967, 0.5769368029970561, 0.5769368029970561, 0.20553957588240035, 0.09721236377099718, 0.048045171715284773, 0.028215874709604627, 0.07077965077142334, 0.05980447408435907, 0.05058130151873552, 0.014155930154284669, 0.050290398396370506, 21.612006490582115, 4.533963085247293, 4.533963085247293, 4.533963085247293, 4.385502881019111, 12.632778043989125, 5.329536679867145, 5.2410025551344175, 4.591995018554097, 2.16506082820179, 1.0991534922283608, 0.3277144580690192, 0.09962141844551758, 0.03206439418590734, 0.026210218421022585, 0.0213942440653535, 0.1239763399460164, 0.06003286391459106, 0.029651758191513278, 0.04500983391086133, 0.050749851262548495, 0.34371021040789623, 0.09548293336140412, 0.5156393174461497, 0.7047055288976897, 3.5668252301836287, 6.830283388475992, 12.119339346307875, 12.638096268643459, 6.5038601742283815, 5.137803496533183, 2.789421598289569, 1.5051937397275026, 0.31589872331099117, 0.36012537194749966, 0.8344350097925641, 0.8863771300149139, 1.3107887700260221, 0.3441624279614956, 5.736532450545742, 8.261272637779093, 13.460615279731124, 6.683831531891457, 5.756933592818013, 4.104679065262195, 1.4470239186607388, 0.25487646038047324, 0.06141149213495821, 0.22402851268213747, 0.15888835922687822, 0.112820236814], maxlen=1000), tilt_threshold: 5.0
2025-03-02 17:38:20 - tilt_change: deque([0, 1.0921605354864212, 1.6953516577661212, 0.12645285983540688, 4.409744347192685, 12.005833048895347, 3.4137445162716147, 3.3884539443045343, 2.5065050748659967, 0.5769368029970561, 0.5769368029970561, 0.20553957588240035, 0.09721236377099718, 0.048045171715284773, 0.028215874709604627, 0.07077965077142334, 0.05980447408435907, 0.05058130151873552, 0.014155930154284669, 0.050290398396370506, 21.612006490582115, 4.533963085247293, 4.533963085247293, 4.533963085247293, 4.385502881019111, 12.632778043989125, 5.329536679867145, 5.2410025551344175, 4.591995018554097, 2.16506082820179, 1.0991534922283608, 0.3277144580690192, 0.09962141844551758, 0.03206439418590734, 0.026210218421022585, 0.0213942440653535, 0.1239763399460164, 0.06003286391459106, 0.029651758191513278, 0.04500983391086133, 0.050749851262548495, 0.34371021040789623, 0.09548293336140412, 0.5156393174461497, 0.7047055288976897, 3.5668252301836287, 6.830283388475992, 12.119339346307875, 12.638096268643459, 6.5038601742283815, 5.137803496533183, 2.789421598289569, 1.5051937397275026, 0.31589872331099117, 0.36012537194749966, 0.8344350097925641, 0.8863771300149139, 1.3107887700260221, 0.3441624279614956, 5.736532450545742, 8.261272637779093, 13.460615279731124, 6.683831531891457, 5.756933592818013, 4.104679065262195, 1.4470239186607388, 0.25487646038047324, 0.06141149213495821, 0.22402851268213747, 0.15888835922687822, 0.112820236814], maxlen=1000), tilt_threshold: 5.0
2025-03-02 17:38:20 - tilt_change: deque([0, 1.0921605354864212, 1.6953516577661212, 0.12645285983540688, 4.409744347192685, 12.005833048895347, 3.4137445162716147, 3.3884539443045343, 2.5065050748659967, 0.5769368029970561, 0.5769368029970561, 0.20553957588240035, 0.09721236377099718, 0.048045171715284773, 0.028215874709604627, 0.07077965077142334, 0.05980447408435907, 0.05058130151873552, 0.014155930154284669, 0.050290398396370506, 21.612006490582115, 4.533963085247293, 4.533963085247293, 4.533963085247293, 4.385502881019111, 12.632778043989125, 5.329536679867145, 5.2410025551344175, 4.591995018554097, 2.16506082820179, 1.0991534922283608, 0.3277144580690192, 0.09962141844551758, 0.03206439418590734, 0.026210218421022585, 0.0213942440653535, 0.1239763399460164, 0.06003286391459106, 0.029651758191513278, 0.04500983391086133, 0.050749851262548495, 0.34371021040789623, 0.09548293336140412, 0.5156393174461497, 0.7047055288976897, 3.5668252301836287, 6.830283388475992, 12.119339346307875, 12.638096268643459, 6.5038601742283815, 5.137803496533183, 2.789421598289569, 1.5051937397275026, 0.31589872331099117, 0.36012537194749966, 0.8344350097925641, 0.8863771300149139, 1.3107887700260221, 0.3441624279614956, 5.736532450545742, 8.261272637779093, 13.460615279731124, 6.683831531891457, 5.756933592818013, 4.104679065262195, 1.4470239186607388, 0.25487646038047324, 0.06141149213495821, 0.22402851268213747, 0.15888835922687822, 0.112820236814], maxlen=1000), tilt_threshold: 5.0
2025-03-02 17:38:20 - tilt_change: deque([0, 1.0921605354864212, 1.6953516577661212, 0.12645285983540688, 4.409744347192685, 12.005833048895347, 3.4137445162716147, 3.3884539443045343, 2.5065050748659967, 0.5769368029970561, 0.5769368029970561, 0.20553957588240035, 0.09721236377099718, 0.048045171715284773, 0.028215874709604627, 0.07077965077142334, 0.05980447408435907, 0.05058130151873552, 0.014155930154284669, 0.050290398396370506, 21.612006490582115, 4.533963085247293, 4.533963085247293, 4.533963085247293, 4.385502881019111, 12.632778043989125, 5.329536679867145, 5.2410025551344175, 4.591995018554097, 2.16506082820179, 1.0991534922283608, 0.3277144580690192, 0.09962141844551758, 0.03206439418590734, 0.026210218421022585, 0.0213942440653535, 0.1239763399460164, 0.06003286391459106, 0.029651758191513278, 0.04500983391086133, 0.050749851262548495, 0.34371021040789623, 0.09548293336140412, 0.5156393174461497, 0.7047055288976897, 3.5668252301836287, 6.830283388475992, 12.119339346307875, 12.638096268643459, 6.5038601742283815, 5.137803496533183, 2.789421598289569, 1.5051937397275026, 0.31589872331099117, 0.36012537194749966, 0.8344350097925641, 0.8863771300149139, 1.3107887700260221, 0.3441624279614956, 5.736532450545742, 8.261272637779093, 13.460615279731124, 6.683831531891457, 5.756933592818013, 4.104679065262195, 1.4470239186607388, 0.25487646038047324, 0.06141149213495821, 0.22402851268213747, 0.15888835922687822, 0.112820236814], maxlen=1000), tilt_threshold: 5.0
2025-03-02 17:38:20 - tilt_change: deque([0, 1.0921605354864212, 1.6953516577661212, 0.12645285983540688, 4.409744347192685, 12.005833048895347, 3.4137445162716147, 3.3884539443045343, 2.5065050748659967, 0.5769368029970561, 0.5769368029970561, 0.20553957588240035, 0.09721236377099718, 0.048045171715284773, 0.028215874709604627, 0.07077965077142334, 0.05980447408435907, 0.05058130151873552, 0.014155930154284669, 0.050290398396370506, 21.612006490582115, 4.533963085247293, 4.533963085247293, 4.533963085247293, 4.385502881019111, 12.632778043989125, 5.329536679867145, 5.2410025551344175, 4.591995018554097, 2.16506082820179, 1.0991534922283608, 0.3277144580690192, 0.09962141844551758, 0.03206439418590734, 0.026210218421022585, 0.0213942440653535, 0.1239763399460164, 0.06003286391459106, 0.029651758191513278, 0.04500983391086133, 0.050749851262548495, 0.34371021040789623, 0.09548293336140412, 0.5156393174461497, 0.7047055288976897, 3.5668252301836287, 6.830283388475992, 12.119339346307875, 12.638096268643459, 6.5038601742283815, 5.137803496533183, 2.789421598289569, 1.5051937397275026, 0.31589872331099117, 0.36012537194749966, 0.8344350097925641, 0.8863771300149139, 1.3107887700260221, 0.3441624279614956, 5.736532450545742, 8.261272637779093, 13.460615279731124, 6.683831531891457, 5.756933592818013, 4.104679065262195, 1.4470239186607388, 0.25487646038047324, 0.06141149213495821, 0.22402851268213747, 0.15888835922687822, 0.112820236814], maxlen=1000), tilt_threshold: 5.0
2025-03-02 17:38:20 - tilt_change: deque([0, 1.0921605354864212, 1.6953516577661212, 0.12645285983540688, 4.409744347192685, 12.005833048895347, 3.4137445162716147, 3.3884539443045343, 2.5065050748659967, 0.5769368029970561, 0.5769368029970561, 0.20553957588240035, 0.09721236377099718, 0.048045171715284773, 0.028215874709604627, 0.07077965077142334, 0.05980447408435907, 0.05058130151873552, 0.014155930154284669, 0.050290398396370506, 21.612006490582115, 4.533963085247293, 4.533963085247293, 4.533963085247293, 4.385502881019111, 12.632778043989125, 5.329536679867145, 5.2410025551344175, 4.591995018554097, 2.16506082820179, 1.0991534922283608, 0.3277144580690192, 0.09962141844551758, 0.03206439418590734, 0.026210218421022585, 0.0213942440653535, 0.1239763399460164, 0.06003286391459106, 0.029651758191513278, 0.04500983391086133, 0.050749851262548495, 0.34371021040789623, 0.09548293336140412, 0.5156393174461497, 0.7047055288976897, 3.5668252301836287, 6.830283388475992, 12.119339346307875, 12.638096268643459, 6.5038601742283815, 5.137803496533183, 2.789421598289569, 1.5051937397275026, 0.31589872331099117, 0.36012537194749966, 0.8344350097925641, 0.8863771300149139, 1.3107887700260221, 0.3441624279614956, 5.736532450545742, 8.261272637779093, 13.460615279731124, 6.683831531891457, 5.756933592818013, 4.104679065262195, 1.4470239186607388, 0.25487646038047324, 0.06141149213495821, 0.22402851268213747, 0.15888835922687822, 0.112820236814], maxlen=1000), tilt_threshold: 5.0
2025-03-02 17:38:20 - tilt_change: deque([0, 1.0921605354864212, 1.6953516577661212, 0.12645285983540688, 4.409744347192685, 12.005833048895347, 3.4137445162716147, 3.3884539443045343, 2.5065050748659967, 0.5769368029970561, 0.5769368029970561, 0.20553957588240035, 0.09721236377099718, 0.048045171715284773, 0.028215874709604627, 0.07077965077142334, 0.05980447408435907, 0.05058130151873552, 0.014155930154284669, 0.050290398396370506, 21.612006490582115, 4.533963085247293, 4.533963085247293, 4.533963085247293, 4.385502881019111, 12.632778043989125, 5.329536679867145, 5.2410025551344175, 4.591995018554097, 2.16506082820179, 1.0991534922283608, 0.3277144580690192, 0.09962141844551758, 0.03206439418590734, 0.026210218421022585, 0.0213942440653535, 0.1239763399460164, 0.06003286391459106, 0.029651758191513278, 0.04500983391086133, 0.050749851262548495, 0.34371021040789623, 0.09548293336140412, 0.5156393174461497, 0.7047055288976897, 3.5668252301836287, 6.830283388475992, 12.119339346307875, 12.638096268643459, 6.5038601742283815, 5.137803496533183, 2.789421598289569, 1.5051937397275026, 0.31589872331099117, 0.36012537194749966, 0.8344350097925641, 0.8863771300149139, 1.3107887700260221, 0.3441624279614956, 5.736532450545742, 8.261272637779093, 13.460615279731124, 6.683831531891457, 5.756933592818013, 4.104679065262195, 1.4470239186607388, 0.25487646038047324, 0.06141149213495821, 0.22402851268213747, 0.15888835922687822, 0.112820236814], maxlen=1000), tilt_threshold: 5.0
2025-03-02 17:38:20 - tilt_change: deque([0, 1.0921605354864212, 1.6953516577661212, 0.12645285983540688, 4.409744347192685, 12.005833048895347, 3.4137445162716147, 3.3884539443045343, 2.5065050748659967, 0.5769368029970561, 0.5769368029970561, 0.20553957588240035, 0.09721236377099718, 0.048045171715284773, 0.028215874709604627, 0.07077965077142334, 0.05980447408435907, 0.05058130151873552, 0.014155930154284669, 0.050290398396370506, 21.612006490582115, 4.533963085247293, 4.533963085247293, 4.533963085247293, 4.385502881019111, 12.632778043989125, 5.329536679867145, 5.2410025551344175, 4.591995018554097, 2.16506082820179, 1.0991534922283608, 0.3277144580690192, 0.09962141844551758, 0.03206439418590734, 0.026210218421022585, 0.0213942440653535, 0.1239763399460164, 0.06003286391459106, 0.029651758191513278, 0.04500983391086133, 0.050749851262548495, 0.34371021040789623, 0.09548293336140412, 0.5156393174461497, 0.7047055288976897, 3.5668252301836287, 6.830283388475992, 12.119339346307875, 12.638096268643459, 6.5038601742283815, 5.137803496533183, 2.789421598289569, 1.5051937397275026, 0.31589872331099117, 0.36012537194749966, 0.8344350097925641, 0.8863771300149139, 1.3107887700260221, 0.3441624279614956, 5.736532450545742, 8.261272637779093, 13.460615279731124, 6.683831531891457, 5.756933592818013, 4.104679065262195, 1.4470239186607388, 0.25487646038047324, 0.06141149213495821, 0.22402851268213747, 0.15888835922687822, 0.112820236814], maxlen=1000), tilt_threshold: 5.0
2025-03-02 17:38:20 - 
!!! PILL EVENT DETECTED !!!
Pill Event: Time 29015618m 15.4s
  - Within Pick-Place window: 1740937094.9s to 1740937100.4s
  - 3D Tilt: 13.46
  - Orientation: Roll=0.49°, Pitch=1.43°, Yaw=75.96°
  - Pressure: 481 at 1740937096.4s
  - Light: 76.67 lux at 1740937098.9s
  - Awaiting swallow confirmation (press and hold pressure sensor within 10s)
2025-03-02 17:38:20 - PILL EVENT DETECTED
Pill Event: Time 29015618m 15.4s
  - Within Pick-Place window: 1740937094.9s to 1740937100.4s
  - 3D Tilt: 13.46
  - Orientation: Roll=0.49°, Pitch=1.43°, Yaw=75.96°
  - Pressure: 481 at 1740937096.4s
  - Light: 76.67 lux at 1740937098.9s
  - Awaiting swallow confirmation (press and hold pressure sensor within 10s)
2025-03-02 17:38:20 - Actual time of event: 2025-03-02 17:38:20
2025-03-02 17:38:20 - PICK-PLACE EVENT DETECTED: 3 total
2025-03-02 17:38:20 - PILL EVENT DETECTED: 3 total at t=1740937095.4s
2025-03-02 17:38:20 - INFO - PILL EVENT 3:
  Time: 1740937095.4s
  Tilt: 13.46
  Orientation: r=0.5, p=1.4, y=76.0
  Pressure: 481.0
  Light: 76.7
  Pick-Place: 1740937094.9s - 1740937100.4s
2025-03-02 17:38:20 - PILL EVENT 3:
  Time: 1740937095.4s
  Tilt: 13.46
  Orientation: r=0.5, p=1.4, y=76.0
  Pressure: 481.0
  Light: 76.7
  Pick-Place: 1740937094.9s - 1740937100.4s
2025-03-02 17:38:24 - Progress: IMU 6.0%, PL 6.4% at t=30.0s
2025-03-02 17:38:25 - 
!!! POSSIBLE FORGOTTEN PILL !!!
POSSIBLE FORGOTTEN PILL: Time 29015618m 25.4s
  - Pill taken at: 1740937095.4s
  - No swallow confirmation received within 10.0s window
2025-03-02 17:38:25 - POSSIBLE FORGOTTEN PILL
POSSIBLE FORGOTTEN PILL: Time 29015618m 25.4s
  - Pill taken at: 1740937095.4s
  - No swallow confirmation received within 10.0s window
2025-03-02 17:38:25 - Actual time of forget event: 2025-03-02 17:38:25
2025-03-02 17:38:26 - Significant tilt change detected: 5.23 degrees
2025-03-02 17:38:27 - Pick up detected at 1740937107.4s (trigger: tilt)
2025-03-02 17:38:27 - Significant tilt change detected: 12.98 degrees
2025-03-02 17:38:27 - Significant tilt change detected: 6.39 degrees
2025-03-02 17:38:28 - Significant tilt change detected: 5.43 degrees
2025-03-02 17:38:28 - Significant tilt change detected: 5.18 degrees
2025-03-02 17:38:29 - Progress: IMU 7.0%, PL 7.4% at t=35.1s
2025-03-02 17:38:31 - Place down detected at 1740937111.4s (duration: 4.0s, trigger: acceleration)
2025-03-02 17:38:31 - tilt_change: deque([0, 1.0921605354864212, 1.6953516577661212, 0.12645285983540688, 4.409744347192685, 12.005833048895347, 3.4137445162716147, 3.3884539443045343, 2.5065050748659967, 0.5769368029970561, 0.5769368029970561, 0.20553957588240035, 0.09721236377099718, 0.048045171715284773, 0.028215874709604627, 0.07077965077142334, 0.05980447408435907, 0.05058130151873552, 0.014155930154284669, 0.050290398396370506, 21.612006490582115, 4.533963085247293, 4.533963085247293, 4.533963085247293, 4.385502881019111, 12.632778043989125, 5.329536679867145, 5.2410025551344175, 4.591995018554097, 2.16506082820179, 1.0991534922283608, 0.3277144580690192, 0.09962141844551758, 0.03206439418590734, 0.026210218421022585, 0.0213942440653535, 0.1239763399460164, 0.06003286391459106, 0.029651758191513278, 0.04500983391086133, 0.050749851262548495, 0.34371021040789623, 0.09548293336140412, 0.5156393174461497, 0.7047055288976897, 3.5668252301836287, 6.830283388475992, 12.119339346307875, 12.638096268643459, 6.5038601742283815, 5.137803496533183, 2.789421598289569, 1.5051937397275026, 0.31589872331099117, 0.36012537194749966, 0.8344350097925641, 0.8863771300149139, 1.3107887700260221, 0.3441624279614956, 5.736532450545742, 8.261272637779093, 13.460615279731124, 6.683831531891457, 5.756933592818013, 4.104679065262195, 1.4470239186607388, 0.25487646038047324, 0.06141149213495821, 0.22402851268213747, 0.15888835922687822, 0.112820236814, 0.185463331562985, 0.13989516444655448, 0.09115757349008224, 0.037092666312597, 0.06795747680884545, 0.021176392352019624, 0.017186464068038143, 0.07040484053803309, 0.09975902988509966, 0.024154230288311318, 0.09622173982447502, 0.07415517433655006, 0.39988276369782294, 5.232425135072376, 12.984061552599247, 6.387713026541903, 5.431015573488451, 5.181595340902636, 2.5847830303827863, 1.3072404250744056, 0.7970647944286597, 0.45403073694365403], maxlen=1000), tilt_threshold: 5.0
2025-03-02 17:38:31 - tilt_change: deque([0, 1.0921605354864212, 1.6953516577661212, 0.12645285983540688, 4.409744347192685, 12.005833048895347, 3.4137445162716147, 3.3884539443045343, 2.5065050748659967, 0.5769368029970561, 0.5769368029970561, 0.20553957588240035, 0.09721236377099718, 0.048045171715284773, 0.028215874709604627, 0.07077965077142334, 0.05980447408435907, 0.05058130151873552, 0.014155930154284669, 0.050290398396370506, 21.612006490582115, 4.533963085247293, 4.533963085247293, 4.533963085247293, 4.385502881019111, 12.632778043989125, 5.329536679867145, 5.2410025551344175, 4.591995018554097, 2.16506082820179, 1.0991534922283608, 0.3277144580690192, 0.09962141844551758, 0.03206439418590734, 0.026210218421022585, 0.0213942440653535, 0.1239763399460164, 0.06003286391459106, 0.029651758191513278, 0.04500983391086133, 0.050749851262548495, 0.34371021040789623, 0.09548293336140412, 0.5156393174461497, 0.7047055288976897, 3.5668252301836287, 6.830283388475992, 12.119339346307875, 12.638096268643459, 6.5038601742283815, 5.137803496533183, 2.789421598289569, 1.5051937397275026, 0.31589872331099117, 0.36012537194749966, 0.8344350097925641, 0.8863771300149139, 1.3107887700260221, 0.3441624279614956, 5.736532450545742, 8.261272637779093, 13.460615279731124, 6.683831531891457, 5.756933592818013, 4.104679065262195, 1.4470239186607388, 0.25487646038047324, 0.06141149213495821, 0.22402851268213747, 0.15888835922687822, 0.112820236814, 0.185463331562985, 0.13989516444655448, 0.09115757349008224, 0.037092666312597, 0.06795747680884545, 0.021176392352019624, 0.017186464068038143, 0.07040484053803309, 0.09975902988509966, 0.024154230288311318, 0.09622173982447502, 0.07415517433655006, 0.39988276369782294, 5.232425135072376, 12.984061552599247, 6.387713026541903, 5.431015573488451, 5.181595340902636, 2.5847830303827863, 1.3072404250744056, 0.7970647944286597, 0.45403073694365403], maxlen=1000), tilt_threshold: 5.0
2025-03-02 17:38:31 - tilt_change: deque([0, 1.0921605354864212, 1.6953516577661212, 0.12645285983540688, 4.409744347192685, 12.005833048895347, 3.4137445162716147, 3.3884539443045343, 2.5065050748659967, 0.5769368029970561, 0.5769368029970561, 0.20553957588240035, 0.09721236377099718, 0.048045171715284773, 0.028215874709604627, 0.07077965077142334, 0.05980447408435907, 0.05058130151873552, 0.014155930154284669, 0.050290398396370506, 21.612006490582115, 4.533963085247293, 4.533963085247293, 4.533963085247293, 4.385502881019111, 12.632778043989125, 5.329536679867145, 5.2410025551344175, 4.591995018554097, 2.16506082820179, 1.0991534922283608, 0.3277144580690192, 0.09962141844551758, 0.03206439418590734, 0.026210218421022585, 0.0213942440653535, 0.1239763399460164, 0.06003286391459106, 0.029651758191513278, 0.04500983391086133, 0.050749851262548495, 0.34371021040789623, 0.09548293336140412, 0.5156393174461497, 0.7047055288976897, 3.5668252301836287, 6.830283388475992, 12.119339346307875, 12.638096268643459, 6.5038601742283815, 5.137803496533183, 2.789421598289569, 1.5051937397275026, 0.31589872331099117, 0.36012537194749966, 0.8344350097925641, 0.8863771300149139, 1.3107887700260221, 0.3441624279614956, 5.736532450545742, 8.261272637779093, 13.460615279731124, 6.683831531891457, 5.756933592818013, 4.104679065262195, 1.4470239186607388, 0.25487646038047324, 0.06141149213495821, 0.22402851268213747, 0.15888835922687822, 0.112820236814, 0.185463331562985, 0.13989516444655448, 0.09115757349008224, 0.037092666312597, 0.06795747680884545, 0.021176392352019624, 0.017186464068038143, 0.07040484053803309, 0.09975902988509966, 0.024154230288311318, 0.09622173982447502, 0.07415517433655006, 0.39988276369782294, 5.232425135072376, 12.984061552599247, 6.387713026541903, 5.431015573488451, 5.181595340902636, 2.5847830303827863, 1.3072404250744056, 0.7970647944286597, 0.45403073694365403], maxlen=1000), tilt_threshold: 5.0
2025-03-02 17:38:31 - tilt_change: deque([0, 1.0921605354864212, 1.6953516577661212, 0.12645285983540688, 4.409744347192685, 12.005833048895347, 3.4137445162716147, 3.3884539443045343, 2.5065050748659967, 0.5769368029970561, 0.5769368029970561, 0.20553957588240035, 0.09721236377099718, 0.048045171715284773, 0.028215874709604627, 0.07077965077142334, 0.05980447408435907, 0.05058130151873552, 0.014155930154284669, 0.050290398396370506, 21.612006490582115, 4.533963085247293, 4.533963085247293, 4.533963085247293, 4.385502881019111, 12.632778043989125, 5.329536679867145, 5.2410025551344175, 4.591995018554097, 2.16506082820179, 1.0991534922283608, 0.3277144580690192, 0.09962141844551758, 0.03206439418590734, 0.026210218421022585, 0.0213942440653535, 0.1239763399460164, 0.06003286391459106, 0.029651758191513278, 0.04500983391086133, 0.050749851262548495, 0.34371021040789623, 0.09548293336140412, 0.5156393174461497, 0.7047055288976897, 3.5668252301836287, 6.830283388475992, 12.119339346307875, 12.638096268643459, 6.5038601742283815, 5.137803496533183, 2.789421598289569, 1.5051937397275026, 0.31589872331099117, 0.36012537194749966, 0.8344350097925641, 0.8863771300149139, 1.3107887700260221, 0.3441624279614956, 5.736532450545742, 8.261272637779093, 13.460615279731124, 6.683831531891457, 5.756933592818013, 4.104679065262195, 1.4470239186607388, 0.25487646038047324, 0.06141149213495821, 0.22402851268213747, 0.15888835922687822, 0.112820236814, 0.185463331562985, 0.13989516444655448, 0.09115757349008224, 0.037092666312597, 0.06795747680884545, 0.021176392352019624, 0.017186464068038143, 0.07040484053803309, 0.09975902988509966, 0.024154230288311318, 0.09622173982447502, 0.07415517433655006, 0.39988276369782294, 5.232425135072376, 12.984061552599247, 6.387713026541903, 5.431015573488451, 5.181595340902636, 2.5847830303827863, 1.3072404250744056, 0.7970647944286597, 0.45403073694365403], maxlen=1000), tilt_threshold: 5.0
2025-03-02 17:38:31 - tilt_change: deque([0, 1.0921605354864212, 1.6953516577661212, 0.12645285983540688, 4.409744347192685, 12.005833048895347, 3.4137445162716147, 3.3884539443045343, 2.5065050748659967, 0.5769368029970561, 0.5769368029970561, 0.20553957588240035, 0.09721236377099718, 0.048045171715284773, 0.028215874709604627, 0.07077965077142334, 0.05980447408435907, 0.05058130151873552, 0.014155930154284669, 0.050290398396370506, 21.612006490582115, 4.533963085247293, 4.533963085247293, 4.533963085247293, 4.385502881019111, 12.632778043989125, 5.329536679867145, 5.2410025551344175, 4.591995018554097, 2.16506082820179, 1.0991534922283608, 0.3277144580690192, 0.09962141844551758, 0.03206439418590734, 0.026210218421022585, 0.0213942440653535, 0.1239763399460164, 0.06003286391459106, 0.029651758191513278, 0.04500983391086133, 0.050749851262548495, 0.34371021040789623, 0.09548293336140412, 0.5156393174461497, 0.7047055288976897, 3.5668252301836287, 6.830283388475992, 12.119339346307875, 12.638096268643459, 6.5038601742283815, 5.137803496533183, 2.789421598289569, 1.5051937397275026, 0.31589872331099117, 0.36012537194749966, 0.8344350097925641, 0.8863771300149139, 1.3107887700260221, 0.3441624279614956, 5.736532450545742, 8.261272637779093, 13.460615279731124, 6.683831531891457, 5.756933592818013, 4.104679065262195, 1.4470239186607388, 0.25487646038047324, 0.06141149213495821, 0.22402851268213747, 0.15888835922687822, 0.112820236814, 0.185463331562985, 0.13989516444655448, 0.09115757349008224, 0.037092666312597, 0.06795747680884545, 0.021176392352019624, 0.017186464068038143, 0.07040484053803309, 0.09975902988509966, 0.024154230288311318, 0.09622173982447502, 0.07415517433655006, 0.39988276369782294, 5.232425135072376, 12.984061552599247, 6.387713026541903, 5.431015573488451, 5.181595340902636, 2.5847830303827863, 1.3072404250744056, 0.7970647944286597, 0.45403073694365403], maxlen=1000), tilt_threshold: 5.0
2025-03-02 17:38:31 - tilt_change: deque([0, 1.0921605354864212, 1.6953516577661212, 0.12645285983540688, 4.409744347192685, 12.005833048895347, 3.4137445162716147, 3.3884539443045343, 2.5065050748659967, 0.5769368029970561, 0.5769368029970561, 0.20553957588240035, 0.09721236377099718, 0.048045171715284773, 0.028215874709604627, 0.07077965077142334, 0.05980447408435907, 0.05058130151873552, 0.014155930154284669, 0.050290398396370506, 21.612006490582115, 4.533963085247293, 4.533963085247293, 4.533963085247293, 4.385502881019111, 12.632778043989125, 5.329536679867145, 5.2410025551344175, 4.591995018554097, 2.16506082820179, 1.0991534922283608, 0.3277144580690192, 0.09962141844551758, 0.03206439418590734, 0.026210218421022585, 0.0213942440653535, 0.1239763399460164, 0.06003286391459106, 0.029651758191513278, 0.04500983391086133, 0.050749851262548495, 0.34371021040789623, 0.09548293336140412, 0.5156393174461497, 0.7047055288976897, 3.5668252301836287, 6.830283388475992, 12.119339346307875, 12.638096268643459, 6.5038601742283815, 5.137803496533183, 2.789421598289569, 1.5051937397275026, 0.31589872331099117, 0.36012537194749966, 0.8344350097925641, 0.8863771300149139, 1.3107887700260221, 0.3441624279614956, 5.736532450545742, 8.261272637779093, 13.460615279731124, 6.683831531891457, 5.756933592818013, 4.104679065262195, 1.4470239186607388, 0.25487646038047324, 0.06141149213495821, 0.22402851268213747, 0.15888835922687822, 0.112820236814, 0.185463331562985, 0.13989516444655448, 0.09115757349008224, 0.037092666312597, 0.06795747680884545, 0.021176392352019624, 0.017186464068038143, 0.07040484053803309, 0.09975902988509966, 0.024154230288311318, 0.09622173982447502, 0.07415517433655006, 0.39988276369782294, 5.232425135072376, 12.984061552599247, 6.387713026541903, 5.431015573488451, 5.181595340902636, 2.5847830303827863, 1.3072404250744056, 0.7970647944286597, 0.45403073694365403], maxlen=1000), tilt_threshold: 5.0
2025-03-02 17:38:31 - tilt_change: deque([0, 1.0921605354864212, 1.6953516577661212, 0.12645285983540688, 4.409744347192685, 12.005833048895347, 3.4137445162716147, 3.3884539443045343, 2.5065050748659967, 0.5769368029970561, 0.5769368029970561, 0.20553957588240035, 0.09721236377099718, 0.048045171715284773, 0.028215874709604627, 0.07077965077142334, 0.05980447408435907, 0.05058130151873552, 0.014155930154284669, 0.050290398396370506, 21.612006490582115, 4.533963085247293, 4.533963085247293, 4.533963085247293, 4.385502881019111, 12.632778043989125, 5.329536679867145, 5.2410025551344175, 4.591995018554097, 2.16506082820179, 1.0991534922283608, 0.3277144580690192, 0.09962141844551758, 0.03206439418590734, 0.026210218421022585, 0.0213942440653535, 0.1239763399460164, 0.06003286391459106, 0.029651758191513278, 0.04500983391086133, 0.050749851262548495, 0.34371021040789623, 0.09548293336140412, 0.5156393174461497, 0.7047055288976897, 3.5668252301836287, 6.830283388475992, 12.119339346307875, 12.638096268643459, 6.5038601742283815, 5.137803496533183, 2.789421598289569, 1.5051937397275026, 0.31589872331099117, 0.36012537194749966, 0.8344350097925641, 0.8863771300149139, 1.3107887700260221, 0.3441624279614956, 5.736532450545742, 8.261272637779093, 13.460615279731124, 6.683831531891457, 5.756933592818013, 4.104679065262195, 1.4470239186607388, 0.25487646038047324, 0.06141149213495821, 0.22402851268213747, 0.15888835922687822, 0.112820236814, 0.185463331562985, 0.13989516444655448, 0.09115757349008224, 0.037092666312597, 0.06795747680884545, 0.021176392352019624, 0.017186464068038143, 0.07040484053803309, 0.09975902988509966, 0.024154230288311318, 0.09622173982447502, 0.07415517433655006, 0.39988276369782294, 5.232425135072376, 12.984061552599247, 6.387713026541903, 5.431015573488451, 5.181595340902636, 2.5847830303827863, 1.3072404250744056, 0.7970647944286597, 0.45403073694365403], maxlen=1000), tilt_threshold: 5.0
2025-03-02 17:38:31 - tilt_change: deque([0, 1.0921605354864212, 1.6953516577661212, 0.12645285983540688, 4.409744347192685, 12.005833048895347, 3.4137445162716147, 3.3884539443045343, 2.5065050748659967, 0.5769368029970561, 0.5769368029970561, 0.20553957588240035, 0.09721236377099718, 0.048045171715284773, 0.028215874709604627, 0.07077965077142334, 0.05980447408435907, 0.05058130151873552, 0.014155930154284669, 0.050290398396370506, 21.612006490582115, 4.533963085247293, 4.533963085247293, 4.533963085247293, 4.385502881019111, 12.632778043989125, 5.329536679867145, 5.2410025551344175, 4.591995018554097, 2.16506082820179, 1.0991534922283608, 0.3277144580690192, 0.09962141844551758, 0.03206439418590734, 0.026210218421022585, 0.0213942440653535, 0.1239763399460164, 0.06003286391459106, 0.029651758191513278, 0.04500983391086133, 0.050749851262548495, 0.34371021040789623, 0.09548293336140412, 0.5156393174461497, 0.7047055288976897, 3.5668252301836287, 6.830283388475992, 12.119339346307875, 12.638096268643459, 6.5038601742283815, 5.137803496533183, 2.789421598289569, 1.5051937397275026, 0.31589872331099117, 0.36012537194749966, 0.8344350097925641, 0.8863771300149139, 1.3107887700260221, 0.3441624279614956, 5.736532450545742, 8.261272637779093, 13.460615279731124, 6.683831531891457, 5.756933592818013, 4.104679065262195, 1.4470239186607388, 0.25487646038047324, 0.06141149213495821, 0.22402851268213747, 0.15888835922687822, 0.112820236814, 0.185463331562985, 0.13989516444655448, 0.09115757349008224, 0.037092666312597, 0.06795747680884545, 0.021176392352019624, 0.017186464068038143, 0.07040484053803309, 0.09975902988509966, 0.024154230288311318, 0.09622173982447502, 0.07415517433655006, 0.39988276369782294, 5.232425135072376, 12.984061552599247, 6.387713026541903, 5.431015573488451, 5.181595340902636, 2.5847830303827863, 1.3072404250744056, 0.7970647944286597, 0.45403073694365403], maxlen=1000), tilt_threshold: 5.0
2025-03-02 17:38:31 - tilt_change: deque([0, 1.0921605354864212, 1.6953516577661212, 0.12645285983540688, 4.409744347192685, 12.005833048895347, 3.4137445162716147, 3.3884539443045343, 2.5065050748659967, 0.5769368029970561, 0.5769368029970561, 0.20553957588240035, 0.09721236377099718, 0.048045171715284773, 0.028215874709604627, 0.07077965077142334, 0.05980447408435907, 0.05058130151873552, 0.014155930154284669, 0.050290398396370506, 21.612006490582115, 4.533963085247293, 4.533963085247293, 4.533963085247293, 4.385502881019111, 12.632778043989125, 5.329536679867145, 5.2410025551344175, 4.591995018554097, 2.16506082820179, 1.0991534922283608, 0.3277144580690192, 0.09962141844551758, 0.03206439418590734, 0.026210218421022585, 0.0213942440653535, 0.1239763399460164, 0.06003286391459106, 0.029651758191513278, 0.04500983391086133, 0.050749851262548495, 0.34371021040789623, 0.09548293336140412, 0.5156393174461497, 0.7047055288976897, 3.5668252301836287, 6.830283388475992, 12.119339346307875, 12.638096268643459, 6.5038601742283815, 5.137803496533183, 2.789421598289569, 1.5051937397275026, 0.31589872331099117, 0.36012537194749966, 0.8344350097925641, 0.8863771300149139, 1.3107887700260221, 0.3441624279614956, 5.736532450545742, 8.261272637779093, 13.460615279731124, 6.683831531891457, 5.756933592818013, 4.104679065262195, 1.4470239186607388, 0.25487646038047324, 0.06141149213495821, 0.22402851268213747, 0.15888835922687822, 0.112820236814, 0.185463331562985, 0.13989516444655448, 0.09115757349008224, 0.037092666312597, 0.06795747680884545, 0.021176392352019624, 0.017186464068038143, 0.07040484053803309, 0.09975902988509966, 0.024154230288311318, 0.09622173982447502, 0.07415517433655006, 0.39988276369782294, 5.232425135072376, 12.984061552599247, 6.387713026541903, 5.431015573488451, 5.181595340902636, 2.5847830303827863, 1.3072404250744056, 0.7970647944286597, 0.45403073694365403], maxlen=1000), tilt_threshold: 5.0
2025-03-02 17:38:31 - tilt_change: deque([0, 1.0921605354864212, 1.6953516577661212, 0.12645285983540688, 4.409744347192685, 12.005833048895347, 3.4137445162716147, 3.3884539443045343, 2.5065050748659967, 0.5769368029970561, 0.5769368029970561, 0.20553957588240035, 0.09721236377099718, 0.048045171715284773, 0.028215874709604627, 0.07077965077142334, 0.05980447408435907, 0.05058130151873552, 0.014155930154284669, 0.050290398396370506, 21.612006490582115, 4.533963085247293, 4.533963085247293, 4.533963085247293, 4.385502881019111, 12.632778043989125, 5.329536679867145, 5.2410025551344175, 4.591995018554097, 2.16506082820179, 1.0991534922283608, 0.3277144580690192, 0.09962141844551758, 0.03206439418590734, 0.026210218421022585, 0.0213942440653535, 0.1239763399460164, 0.06003286391459106, 0.029651758191513278, 0.04500983391086133, 0.050749851262548495, 0.34371021040789623, 0.09548293336140412, 0.5156393174461497, 0.7047055288976897, 3.5668252301836287, 6.830283388475992, 12.119339346307875, 12.638096268643459, 6.5038601742283815, 5.137803496533183, 2.789421598289569, 1.5051937397275026, 0.31589872331099117, 0.36012537194749966, 0.8344350097925641, 0.8863771300149139, 1.3107887700260221, 0.3441624279614956, 5.736532450545742, 8.261272637779093, 13.460615279731124, 6.683831531891457, 5.756933592818013, 4.104679065262195, 1.4470239186607388, 0.25487646038047324, 0.06141149213495821, 0.22402851268213747, 0.15888835922687822, 0.112820236814, 0.185463331562985, 0.13989516444655448, 0.09115757349008224, 0.037092666312597, 0.06795747680884545, 0.021176392352019624, 0.017186464068038143, 0.07040484053803309, 0.09975902988509966, 0.024154230288311318, 0.09622173982447502, 0.07415517433655006, 0.39988276369782294, 5.232425135072376, 12.984061552599247, 6.387713026541903, 5.431015573488451, 5.181595340902636, 2.5847830303827863, 1.3072404250744056, 0.7970647944286597, 0.45403073694365403], maxlen=1000), tilt_threshold: 5.0
2025-03-02 17:38:31 - tilt_change: deque([0, 1.0921605354864212, 1.6953516577661212, 0.12645285983540688, 4.409744347192685, 12.005833048895347, 3.4137445162716147, 3.3884539443045343, 2.5065050748659967, 0.5769368029970561, 0.5769368029970561, 0.20553957588240035, 0.09721236377099718, 0.048045171715284773, 0.028215874709604627, 0.07077965077142334, 0.05980447408435907, 0.05058130151873552, 0.014155930154284669, 0.050290398396370506, 21.612006490582115, 4.533963085247293, 4.533963085247293, 4.533963085247293, 4.385502881019111, 12.632778043989125, 5.329536679867145, 5.2410025551344175, 4.591995018554097, 2.16506082820179, 1.0991534922283608, 0.3277144580690192, 0.09962141844551758, 0.03206439418590734, 0.026210218421022585, 0.0213942440653535, 0.1239763399460164, 0.06003286391459106, 0.029651758191513278, 0.04500983391086133, 0.050749851262548495, 0.34371021040789623, 0.09548293336140412, 0.5156393174461497, 0.7047055288976897, 3.5668252301836287, 6.830283388475992, 12.119339346307875, 12.638096268643459, 6.5038601742283815, 5.137803496533183, 2.789421598289569, 1.5051937397275026, 0.31589872331099117, 0.36012537194749966, 0.8344350097925641, 0.8863771300149139, 1.3107887700260221, 0.3441624279614956, 5.736532450545742, 8.261272637779093, 13.460615279731124, 6.683831531891457, 5.756933592818013, 4.104679065262195, 1.4470239186607388, 0.25487646038047324, 0.06141149213495821, 0.22402851268213747, 0.15888835922687822, 0.112820236814, 0.185463331562985, 0.13989516444655448, 0.09115757349008224, 0.037092666312597, 0.06795747680884545, 0.021176392352019624, 0.017186464068038143, 0.07040484053803309, 0.09975902988509966, 0.024154230288311318, 0.09622173982447502, 0.07415517433655006, 0.39988276369782294, 5.232425135072376, 12.984061552599247, 6.387713026541903, 5.431015573488451, 5.181595340902636, 2.5847830303827863, 1.3072404250744056, 0.7970647944286597, 0.45403073694365403], maxlen=1000), tilt_threshold: 5.0
2025-03-02 17:38:31 - tilt_change: deque([0, 1.0921605354864212, 1.6953516577661212, 0.12645285983540688, 4.409744347192685, 12.005833048895347, 3.4137445162716147, 3.3884539443045343, 2.5065050748659967, 0.5769368029970561, 0.5769368029970561, 0.20553957588240035, 0.09721236377099718, 0.048045171715284773, 0.028215874709604627, 0.07077965077142334, 0.05980447408435907, 0.05058130151873552, 0.014155930154284669, 0.050290398396370506, 21.612006490582115, 4.533963085247293, 4.533963085247293, 4.533963085247293, 4.385502881019111, 12.632778043989125, 5.329536679867145, 5.2410025551344175, 4.591995018554097, 2.16506082820179, 1.0991534922283608, 0.3277144580690192, 0.09962141844551758, 0.03206439418590734, 0.026210218421022585, 0.0213942440653535, 0.1239763399460164, 0.06003286391459106, 0.029651758191513278, 0.04500983391086133, 0.050749851262548495, 0.34371021040789623, 0.09548293336140412, 0.5156393174461497, 0.7047055288976897, 3.5668252301836287, 6.830283388475992, 12.119339346307875, 12.638096268643459, 6.5038601742283815, 5.137803496533183, 2.789421598289569, 1.5051937397275026, 0.31589872331099117, 0.36012537194749966, 0.8344350097925641, 0.8863771300149139, 1.3107887700260221, 0.3441624279614956, 5.736532450545742, 8.261272637779093, 13.460615279731124, 6.683831531891457, 5.756933592818013, 4.104679065262195, 1.4470239186607388, 0.25487646038047324, 0.06141149213495821, 0.22402851268213747, 0.15888835922687822, 0.112820236814, 0.185463331562985, 0.13989516444655448, 0.09115757349008224, 0.037092666312597, 0.06795747680884545, 0.021176392352019624, 0.017186464068038143, 0.07040484053803309, 0.09975902988509966, 0.024154230288311318, 0.09622173982447502, 0.07415517433655006, 0.39988276369782294, 5.232425135072376, 12.984061552599247, 6.387713026541903, 5.431015573488451, 5.181595340902636, 2.5847830303827863, 1.3072404250744056, 0.7970647944286597, 0.45403073694365403], maxlen=1000), tilt_threshold: 5.0
2025-03-02 17:38:31 - tilt_change: deque([0, 1.0921605354864212, 1.6953516577661212, 0.12645285983540688, 4.409744347192685, 12.005833048895347, 3.4137445162716147, 3.3884539443045343, 2.5065050748659967, 0.5769368029970561, 0.5769368029970561, 0.20553957588240035, 0.09721236377099718, 0.048045171715284773, 0.028215874709604627, 0.07077965077142334, 0.05980447408435907, 0.05058130151873552, 0.014155930154284669, 0.050290398396370506, 21.612006490582115, 4.533963085247293, 4.533963085247293, 4.533963085247293, 4.385502881019111, 12.632778043989125, 5.329536679867145, 5.2410025551344175, 4.591995018554097, 2.16506082820179, 1.0991534922283608, 0.3277144580690192, 0.09962141844551758, 0.03206439418590734, 0.026210218421022585, 0.0213942440653535, 0.1239763399460164, 0.06003286391459106, 0.029651758191513278, 0.04500983391086133, 0.050749851262548495, 0.34371021040789623, 0.09548293336140412, 0.5156393174461497, 0.7047055288976897, 3.5668252301836287, 6.830283388475992, 12.119339346307875, 12.638096268643459, 6.5038601742283815, 5.137803496533183, 2.789421598289569, 1.5051937397275026, 0.31589872331099117, 0.36012537194749966, 0.8344350097925641, 0.8863771300149139, 1.3107887700260221, 0.3441624279614956, 5.736532450545742, 8.261272637779093, 13.460615279731124, 6.683831531891457, 5.756933592818013, 4.104679065262195, 1.4470239186607388, 0.25487646038047324, 0.06141149213495821, 0.22402851268213747, 0.15888835922687822, 0.112820236814, 0.185463331562985, 0.13989516444655448, 0.09115757349008224, 0.037092666312597, 0.06795747680884545, 0.021176392352019624, 0.017186464068038143, 0.07040484053803309, 0.09975902988509966, 0.024154230288311318, 0.09622173982447502, 0.07415517433655006, 0.39988276369782294, 5.232425135072376, 12.984061552599247, 6.387713026541903, 5.431015573488451, 5.181595340902636, 2.5847830303827863, 1.3072404250744056, 0.7970647944286597, 0.45403073694365403], maxlen=1000), tilt_threshold: 5.0
2025-03-02 17:38:31 - tilt_change: deque([0, 1.0921605354864212, 1.6953516577661212, 0.12645285983540688, 4.409744347192685, 12.005833048895347, 3.4137445162716147, 3.3884539443045343, 2.5065050748659967, 0.5769368029970561, 0.5769368029970561, 0.20553957588240035, 0.09721236377099718, 0.048045171715284773, 0.028215874709604627, 0.07077965077142334, 0.05980447408435907, 0.05058130151873552, 0.014155930154284669, 0.050290398396370506, 21.612006490582115, 4.533963085247293, 4.533963085247293, 4.533963085247293, 4.385502881019111, 12.632778043989125, 5.329536679867145, 5.2410025551344175, 4.591995018554097, 2.16506082820179, 1.0991534922283608, 0.3277144580690192, 0.09962141844551758, 0.03206439418590734, 0.026210218421022585, 0.0213942440653535, 0.1239763399460164, 0.06003286391459106, 0.029651758191513278, 0.04500983391086133, 0.050749851262548495, 0.34371021040789623, 0.09548293336140412, 0.5156393174461497, 0.7047055288976897, 3.5668252301836287, 6.830283388475992, 12.119339346307875, 12.638096268643459, 6.5038601742283815, 5.137803496533183, 2.789421598289569, 1.5051937397275026, 0.31589872331099117, 0.36012537194749966, 0.8344350097925641, 0.8863771300149139, 1.3107887700260221, 0.3441624279614956, 5.736532450545742, 8.261272637779093, 13.460615279731124, 6.683831531891457, 5.756933592818013, 4.104679065262195, 1.4470239186607388, 0.25487646038047324, 0.06141149213495821, 0.22402851268213747, 0.15888835922687822, 0.112820236814, 0.185463331562985, 0.13989516444655448, 0.09115757349008224, 0.037092666312597, 0.06795747680884545, 0.021176392352019624, 0.017186464068038143, 0.07040484053803309, 0.09975902988509966, 0.024154230288311318, 0.09622173982447502, 0.07415517433655006, 0.39988276369782294, 5.232425135072376, 12.984061552599247, 6.387713026541903, 5.431015573488451, 5.181595340902636, 2.5847830303827863, 1.3072404250744056, 0.7970647944286597, 0.45403073694365403], maxlen=1000), tilt_threshold: 5.0
2025-03-02 17:38:31 - tilt_change: deque([0, 1.0921605354864212, 1.6953516577661212, 0.12645285983540688, 4.409744347192685, 12.005833048895347, 3.4137445162716147, 3.3884539443045343, 2.5065050748659967, 0.5769368029970561, 0.5769368029970561, 0.20553957588240035, 0.09721236377099718, 0.048045171715284773, 0.028215874709604627, 0.07077965077142334, 0.05980447408435907, 0.05058130151873552, 0.014155930154284669, 0.050290398396370506, 21.612006490582115, 4.533963085247293, 4.533963085247293, 4.533963085247293, 4.385502881019111, 12.632778043989125, 5.329536679867145, 5.2410025551344175, 4.591995018554097, 2.16506082820179, 1.0991534922283608, 0.3277144580690192, 0.09962141844551758, 0.03206439418590734, 0.026210218421022585, 0.0213942440653535, 0.1239763399460164, 0.06003286391459106, 0.029651758191513278, 0.04500983391086133, 0.050749851262548495, 0.34371021040789623, 0.09548293336140412, 0.5156393174461497, 0.7047055288976897, 3.5668252301836287, 6.830283388475992, 12.119339346307875, 12.638096268643459, 6.5038601742283815, 5.137803496533183, 2.789421598289569, 1.5051937397275026, 0.31589872331099117, 0.36012537194749966, 0.8344350097925641, 0.8863771300149139, 1.3107887700260221, 0.3441624279614956, 5.736532450545742, 8.261272637779093, 13.460615279731124, 6.683831531891457, 5.756933592818013, 4.104679065262195, 1.4470239186607388, 0.25487646038047324, 0.06141149213495821, 0.22402851268213747, 0.15888835922687822, 0.112820236814, 0.185463331562985, 0.13989516444655448, 0.09115757349008224, 0.037092666312597, 0.06795747680884545, 0.021176392352019624, 0.017186464068038143, 0.07040484053803309, 0.09975902988509966, 0.024154230288311318, 0.09622173982447502, 0.07415517433655006, 0.39988276369782294, 5.232425135072376, 12.984061552599247, 6.387713026541903, 5.431015573488451, 5.181595340902636, 2.5847830303827863, 1.3072404250744056, 0.7970647944286597, 0.45403073694365403], maxlen=1000), tilt_threshold: 5.0
2025-03-02 17:38:31 - tilt_change: deque([0, 1.0921605354864212, 1.6953516577661212, 0.12645285983540688, 4.409744347192685, 12.005833048895347, 3.4137445162716147, 3.3884539443045343, 2.5065050748659967, 0.5769368029970561, 0.5769368029970561, 0.20553957588240035, 0.09721236377099718, 0.048045171715284773, 0.028215874709604627, 0.07077965077142334, 0.05980447408435907, 0.05058130151873552, 0.014155930154284669, 0.050290398396370506, 21.612006490582115, 4.533963085247293, 4.533963085247293, 4.533963085247293, 4.385502881019111, 12.632778043989125, 5.329536679867145, 5.2410025551344175, 4.591995018554097, 2.16506082820179, 1.0991534922283608, 0.3277144580690192, 0.09962141844551758, 0.03206439418590734, 0.026210218421022585, 0.0213942440653535, 0.1239763399460164, 0.06003286391459106, 0.029651758191513278, 0.04500983391086133, 0.050749851262548495, 0.34371021040789623, 0.09548293336140412, 0.5156393174461497, 0.7047055288976897, 3.5668252301836287, 6.830283388475992, 12.119339346307875, 12.638096268643459, 6.5038601742283815, 5.137803496533183, 2.789421598289569, 1.5051937397275026, 0.31589872331099117, 0.36012537194749966, 0.8344350097925641, 0.8863771300149139, 1.3107887700260221, 0.3441624279614956, 5.736532450545742, 8.261272637779093, 13.460615279731124, 6.683831531891457, 5.756933592818013, 4.104679065262195, 1.4470239186607388, 0.25487646038047324, 0.06141149213495821, 0.22402851268213747, 0.15888835922687822, 0.112820236814, 0.185463331562985, 0.13989516444655448, 0.09115757349008224, 0.037092666312597, 0.06795747680884545, 0.021176392352019624, 0.017186464068038143, 0.07040484053803309, 0.09975902988509966, 0.024154230288311318, 0.09622173982447502, 0.07415517433655006, 0.39988276369782294, 5.232425135072376, 12.984061552599247, 6.387713026541903, 5.431015573488451, 5.181595340902636, 2.5847830303827863, 1.3072404250744056, 0.7970647944286597, 0.45403073694365403], maxlen=1000), tilt_threshold: 5.0
2025-03-02 17:38:31 - tilt_change: deque([0, 1.0921605354864212, 1.6953516577661212, 0.12645285983540688, 4.409744347192685, 12.005833048895347, 3.4137445162716147, 3.3884539443045343, 2.5065050748659967, 0.5769368029970561, 0.5769368029970561, 0.20553957588240035, 0.09721236377099718, 0.048045171715284773, 0.028215874709604627, 0.07077965077142334, 0.05980447408435907, 0.05058130151873552, 0.014155930154284669, 0.050290398396370506, 21.612006490582115, 4.533963085247293, 4.533963085247293, 4.533963085247293, 4.385502881019111, 12.632778043989125, 5.329536679867145, 5.2410025551344175, 4.591995018554097, 2.16506082820179, 1.0991534922283608, 0.3277144580690192, 0.09962141844551758, 0.03206439418590734, 0.026210218421022585, 0.0213942440653535, 0.1239763399460164, 0.06003286391459106, 0.029651758191513278, 0.04500983391086133, 0.050749851262548495, 0.34371021040789623, 0.09548293336140412, 0.5156393174461497, 0.7047055288976897, 3.5668252301836287, 6.830283388475992, 12.119339346307875, 12.638096268643459, 6.5038601742283815, 5.137803496533183, 2.789421598289569, 1.5051937397275026, 0.31589872331099117, 0.36012537194749966, 0.8344350097925641, 0.8863771300149139, 1.3107887700260221, 0.3441624279614956, 5.736532450545742, 8.261272637779093, 13.460615279731124, 6.683831531891457, 5.756933592818013, 4.104679065262195, 1.4470239186607388, 0.25487646038047324, 0.06141149213495821, 0.22402851268213747, 0.15888835922687822, 0.112820236814, 0.185463331562985, 0.13989516444655448, 0.09115757349008224, 0.037092666312597, 0.06795747680884545, 0.021176392352019624, 0.017186464068038143, 0.07040484053803309, 0.09975902988509966, 0.024154230288311318, 0.09622173982447502, 0.07415517433655006, 0.39988276369782294, 5.232425135072376, 12.984061552599247, 6.387713026541903, 5.431015573488451, 5.181595340902636, 2.5847830303827863, 1.3072404250744056, 0.7970647944286597, 0.45403073694365403], maxlen=1000), tilt_threshold: 5.0
2025-03-02 17:38:31 - tilt_change: deque([0, 1.0921605354864212, 1.6953516577661212, 0.12645285983540688, 4.409744347192685, 12.005833048895347, 3.4137445162716147, 3.3884539443045343, 2.5065050748659967, 0.5769368029970561, 0.5769368029970561, 0.20553957588240035, 0.09721236377099718, 0.048045171715284773, 0.028215874709604627, 0.07077965077142334, 0.05980447408435907, 0.05058130151873552, 0.014155930154284669, 0.050290398396370506, 21.612006490582115, 4.533963085247293, 4.533963085247293, 4.533963085247293, 4.385502881019111, 12.632778043989125, 5.329536679867145, 5.2410025551344175, 4.591995018554097, 2.16506082820179, 1.0991534922283608, 0.3277144580690192, 0.09962141844551758, 0.03206439418590734, 0.026210218421022585, 0.0213942440653535, 0.1239763399460164, 0.06003286391459106, 0.029651758191513278, 0.04500983391086133, 0.050749851262548495, 0.34371021040789623, 0.09548293336140412, 0.5156393174461497, 0.7047055288976897, 3.5668252301836287, 6.830283388475992, 12.119339346307875, 12.638096268643459, 6.5038601742283815, 5.137803496533183, 2.789421598289569, 1.5051937397275026, 0.31589872331099117, 0.36012537194749966, 0.8344350097925641, 0.8863771300149139, 1.3107887700260221, 0.3441624279614956, 5.736532450545742, 8.261272637779093, 13.460615279731124, 6.683831531891457, 5.756933592818013, 4.104679065262195, 1.4470239186607388, 0.25487646038047324, 0.06141149213495821, 0.22402851268213747, 0.15888835922687822, 0.112820236814, 0.185463331562985, 0.13989516444655448, 0.09115757349008224, 0.037092666312597, 0.06795747680884545, 0.021176392352019624, 0.017186464068038143, 0.07040484053803309, 0.09975902988509966, 0.024154230288311318, 0.09622173982447502, 0.07415517433655006, 0.39988276369782294, 5.232425135072376, 12.984061552599247, 6.387713026541903, 5.431015573488451, 5.181595340902636, 2.5847830303827863, 1.3072404250744056, 0.7970647944286597, 0.45403073694365403], maxlen=1000), tilt_threshold: 5.0
2025-03-02 17:38:31 - tilt_change: deque([0, 1.0921605354864212, 1.6953516577661212, 0.12645285983540688, 4.409744347192685, 12.005833048895347, 3.4137445162716147, 3.3884539443045343, 2.5065050748659967, 0.5769368029970561, 0.5769368029970561, 0.20553957588240035, 0.09721236377099718, 0.048045171715284773, 0.028215874709604627, 0.07077965077142334, 0.05980447408435907, 0.05058130151873552, 0.014155930154284669, 0.050290398396370506, 21.612006490582115, 4.533963085247293, 4.533963085247293, 4.533963085247293, 4.385502881019111, 12.632778043989125, 5.329536679867145, 5.2410025551344175, 4.591995018554097, 2.16506082820179, 1.0991534922283608, 0.3277144580690192, 0.09962141844551758, 0.03206439418590734, 0.026210218421022585, 0.0213942440653535, 0.1239763399460164, 0.06003286391459106, 0.029651758191513278, 0.04500983391086133, 0.050749851262548495, 0.34371021040789623, 0.09548293336140412, 0.5156393174461497, 0.7047055288976897, 3.5668252301836287, 6.830283388475992, 12.119339346307875, 12.638096268643459, 6.5038601742283815, 5.137803496533183, 2.789421598289569, 1.5051937397275026, 0.31589872331099117, 0.36012537194749966, 0.8344350097925641, 0.8863771300149139, 1.3107887700260221, 0.3441624279614956, 5.736532450545742, 8.261272637779093, 13.460615279731124, 6.683831531891457, 5.756933592818013, 4.104679065262195, 1.4470239186607388, 0.25487646038047324, 0.06141149213495821, 0.22402851268213747, 0.15888835922687822, 0.112820236814, 0.185463331562985, 0.13989516444655448, 0.09115757349008224, 0.037092666312597, 0.06795747680884545, 0.021176392352019624, 0.017186464068038143, 0.07040484053803309, 0.09975902988509966, 0.024154230288311318, 0.09622173982447502, 0.07415517433655006, 0.39988276369782294, 5.232425135072376, 12.984061552599247, 6.387713026541903, 5.431015573488451, 5.181595340902636, 2.5847830303827863, 1.3072404250744056, 0.7970647944286597, 0.45403073694365403], maxlen=1000), tilt_threshold: 5.0
2025-03-02 17:38:31 - tilt_change: deque([0, 1.0921605354864212, 1.6953516577661212, 0.12645285983540688, 4.409744347192685, 12.005833048895347, 3.4137445162716147, 3.3884539443045343, 2.5065050748659967, 0.5769368029970561, 0.5769368029970561, 0.20553957588240035, 0.09721236377099718, 0.048045171715284773, 0.028215874709604627, 0.07077965077142334, 0.05980447408435907, 0.05058130151873552, 0.014155930154284669, 0.050290398396370506, 21.612006490582115, 4.533963085247293, 4.533963085247293, 4.533963085247293, 4.385502881019111, 12.632778043989125, 5.329536679867145, 5.2410025551344175, 4.591995018554097, 2.16506082820179, 1.0991534922283608, 0.3277144580690192, 0.09962141844551758, 0.03206439418590734, 0.026210218421022585, 0.0213942440653535, 0.1239763399460164, 0.06003286391459106, 0.029651758191513278, 0.04500983391086133, 0.050749851262548495, 0.34371021040789623, 0.09548293336140412, 0.5156393174461497, 0.7047055288976897, 3.5668252301836287, 6.830283388475992, 12.119339346307875, 12.638096268643459, 6.5038601742283815, 5.137803496533183, 2.789421598289569, 1.5051937397275026, 0.31589872331099117, 0.36012537194749966, 0.8344350097925641, 0.8863771300149139, 1.3107887700260221, 0.3441624279614956, 5.736532450545742, 8.261272637779093, 13.460615279731124, 6.683831531891457, 5.756933592818013, 4.104679065262195, 1.4470239186607388, 0.25487646038047324, 0.06141149213495821, 0.22402851268213747, 0.15888835922687822, 0.112820236814, 0.185463331562985, 0.13989516444655448, 0.09115757349008224, 0.037092666312597, 0.06795747680884545, 0.021176392352019624, 0.017186464068038143, 0.07040484053803309, 0.09975902988509966, 0.024154230288311318, 0.09622173982447502, 0.07415517433655006, 0.39988276369782294, 5.232425135072376, 12.984061552599247, 6.387713026541903, 5.431015573488451, 5.181595340902636, 2.5847830303827863, 1.3072404250744056, 0.7970647944286597, 0.45403073694365403], maxlen=1000), tilt_threshold: 5.0
2025-03-02 17:38:31 - tilt_change: deque([0, 1.0921605354864212, 1.6953516577661212, 0.12645285983540688, 4.409744347192685, 12.005833048895347, 3.4137445162716147, 3.3884539443045343, 2.5065050748659967, 0.5769368029970561, 0.5769368029970561, 0.20553957588240035, 0.09721236377099718, 0.048045171715284773, 0.028215874709604627, 0.07077965077142334, 0.05980447408435907, 0.05058130151873552, 0.014155930154284669, 0.050290398396370506, 21.612006490582115, 4.533963085247293, 4.533963085247293, 4.533963085247293, 4.385502881019111, 12.632778043989125, 5.329536679867145, 5.2410025551344175, 4.591995018554097, 2.16506082820179, 1.0991534922283608, 0.3277144580690192, 0.09962141844551758, 0.03206439418590734, 0.026210218421022585, 0.0213942440653535, 0.1239763399460164, 0.06003286391459106, 0.029651758191513278, 0.04500983391086133, 0.050749851262548495, 0.34371021040789623, 0.09548293336140412, 0.5156393174461497, 0.7047055288976897, 3.5668252301836287, 6.830283388475992, 12.119339346307875, 12.638096268643459, 6.5038601742283815, 5.137803496533183, 2.789421598289569, 1.5051937397275026, 0.31589872331099117, 0.36012537194749966, 0.8344350097925641, 0.8863771300149139, 1.3107887700260221, 0.3441624279614956, 5.736532450545742, 8.261272637779093, 13.460615279731124, 6.683831531891457, 5.756933592818013, 4.104679065262195, 1.4470239186607388, 0.25487646038047324, 0.06141149213495821, 0.22402851268213747, 0.15888835922687822, 0.112820236814, 0.185463331562985, 0.13989516444655448, 0.09115757349008224, 0.037092666312597, 0.06795747680884545, 0.021176392352019624, 0.017186464068038143, 0.07040484053803309, 0.09975902988509966, 0.024154230288311318, 0.09622173982447502, 0.07415517433655006, 0.39988276369782294, 5.232425135072376, 12.984061552599247, 6.387713026541903, 5.431015573488451, 5.181595340902636, 2.5847830303827863, 1.3072404250744056, 0.7970647944286597, 0.45403073694365403], maxlen=1000), tilt_threshold: 5.0
2025-03-02 17:38:31 - tilt_change: deque([0, 1.0921605354864212, 1.6953516577661212, 0.12645285983540688, 4.409744347192685, 12.005833048895347, 3.4137445162716147, 3.3884539443045343, 2.5065050748659967, 0.5769368029970561, 0.5769368029970561, 0.20553957588240035, 0.09721236377099718, 0.048045171715284773, 0.028215874709604627, 0.07077965077142334, 0.05980447408435907, 0.05058130151873552, 0.014155930154284669, 0.050290398396370506, 21.612006490582115, 4.533963085247293, 4.533963085247293, 4.533963085247293, 4.385502881019111, 12.632778043989125, 5.329536679867145, 5.2410025551344175, 4.591995018554097, 2.16506082820179, 1.0991534922283608, 0.3277144580690192, 0.09962141844551758, 0.03206439418590734, 0.026210218421022585, 0.0213942440653535, 0.1239763399460164, 0.06003286391459106, 0.029651758191513278, 0.04500983391086133, 0.050749851262548495, 0.34371021040789623, 0.09548293336140412, 0.5156393174461497, 0.7047055288976897, 3.5668252301836287, 6.830283388475992, 12.119339346307875, 12.638096268643459, 6.5038601742283815, 5.137803496533183, 2.789421598289569, 1.5051937397275026, 0.31589872331099117, 0.36012537194749966, 0.8344350097925641, 0.8863771300149139, 1.3107887700260221, 0.3441624279614956, 5.736532450545742, 8.261272637779093, 13.460615279731124, 6.683831531891457, 5.756933592818013, 4.104679065262195, 1.4470239186607388, 0.25487646038047324, 0.06141149213495821, 0.22402851268213747, 0.15888835922687822, 0.112820236814, 0.185463331562985, 0.13989516444655448, 0.09115757349008224, 0.037092666312597, 0.06795747680884545, 0.021176392352019624, 0.017186464068038143, 0.07040484053803309, 0.09975902988509966, 0.024154230288311318, 0.09622173982447502, 0.07415517433655006, 0.39988276369782294, 5.232425135072376, 12.984061552599247, 6.387713026541903, 5.431015573488451, 5.181595340902636, 2.5847830303827863, 1.3072404250744056, 0.7970647944286597, 0.45403073694365403], maxlen=1000), tilt_threshold: 5.0
2025-03-02 17:38:31 - tilt_change: deque([0, 1.0921605354864212, 1.6953516577661212, 0.12645285983540688, 4.409744347192685, 12.005833048895347, 3.4137445162716147, 3.3884539443045343, 2.5065050748659967, 0.5769368029970561, 0.5769368029970561, 0.20553957588240035, 0.09721236377099718, 0.048045171715284773, 0.028215874709604627, 0.07077965077142334, 0.05980447408435907, 0.05058130151873552, 0.014155930154284669, 0.050290398396370506, 21.612006490582115, 4.533963085247293, 4.533963085247293, 4.533963085247293, 4.385502881019111, 12.632778043989125, 5.329536679867145, 5.2410025551344175, 4.591995018554097, 2.16506082820179, 1.0991534922283608, 0.3277144580690192, 0.09962141844551758, 0.03206439418590734, 0.026210218421022585, 0.0213942440653535, 0.1239763399460164, 0.06003286391459106, 0.029651758191513278, 0.04500983391086133, 0.050749851262548495, 0.34371021040789623, 0.09548293336140412, 0.5156393174461497, 0.7047055288976897, 3.5668252301836287, 6.830283388475992, 12.119339346307875, 12.638096268643459, 6.5038601742283815, 5.137803496533183, 2.789421598289569, 1.5051937397275026, 0.31589872331099117, 0.36012537194749966, 0.8344350097925641, 0.8863771300149139, 1.3107887700260221, 0.3441624279614956, 5.736532450545742, 8.261272637779093, 13.460615279731124, 6.683831531891457, 5.756933592818013, 4.104679065262195, 1.4470239186607388, 0.25487646038047324, 0.06141149213495821, 0.22402851268213747, 0.15888835922687822, 0.112820236814, 0.185463331562985, 0.13989516444655448, 0.09115757349008224, 0.037092666312597, 0.06795747680884545, 0.021176392352019624, 0.017186464068038143, 0.07040484053803309, 0.09975902988509966, 0.024154230288311318, 0.09622173982447502, 0.07415517433655006, 0.39988276369782294, 5.232425135072376, 12.984061552599247, 6.387713026541903, 5.431015573488451, 5.181595340902636, 2.5847830303827863, 1.3072404250744056, 0.7970647944286597, 0.45403073694365403], maxlen=1000), tilt_threshold: 5.0
2025-03-02 17:38:31 - tilt_change: deque([0, 1.0921605354864212, 1.6953516577661212, 0.12645285983540688, 4.409744347192685, 12.005833048895347, 3.4137445162716147, 3.3884539443045343, 2.5065050748659967, 0.5769368029970561, 0.5769368029970561, 0.20553957588240035, 0.09721236377099718, 0.048045171715284773, 0.028215874709604627, 0.07077965077142334, 0.05980447408435907, 0.05058130151873552, 0.014155930154284669, 0.050290398396370506, 21.612006490582115, 4.533963085247293, 4.533963085247293, 4.533963085247293, 4.385502881019111, 12.632778043989125, 5.329536679867145, 5.2410025551344175, 4.591995018554097, 2.16506082820179, 1.0991534922283608, 0.3277144580690192, 0.09962141844551758, 0.03206439418590734, 0.026210218421022585, 0.0213942440653535, 0.1239763399460164, 0.06003286391459106, 0.029651758191513278, 0.04500983391086133, 0.050749851262548495, 0.34371021040789623, 0.09548293336140412, 0.5156393174461497, 0.7047055288976897, 3.5668252301836287, 6.830283388475992, 12.119339346307875, 12.638096268643459, 6.5038601742283815, 5.137803496533183, 2.789421598289569, 1.5051937397275026, 0.31589872331099117, 0.36012537194749966, 0.8344350097925641, 0.8863771300149139, 1.3107887700260221, 0.3441624279614956, 5.736532450545742, 8.261272637779093, 13.460615279731124, 6.683831531891457, 5.756933592818013, 4.104679065262195, 1.4470239186607388, 0.25487646038047324, 0.06141149213495821, 0.22402851268213747, 0.15888835922687822, 0.112820236814, 0.185463331562985, 0.13989516444655448, 0.09115757349008224, 0.037092666312597, 0.06795747680884545, 0.021176392352019624, 0.017186464068038143, 0.07040484053803309, 0.09975902988509966, 0.024154230288311318, 0.09622173982447502, 0.07415517433655006, 0.39988276369782294, 5.232425135072376, 12.984061552599247, 6.387713026541903, 5.431015573488451, 5.181595340902636, 2.5847830303827863, 1.3072404250744056, 0.7970647944286597, 0.45403073694365403], maxlen=1000), tilt_threshold: 5.0
2025-03-02 17:38:31 - tilt_change: deque([0, 1.0921605354864212, 1.6953516577661212, 0.12645285983540688, 4.409744347192685, 12.005833048895347, 3.4137445162716147, 3.3884539443045343, 2.5065050748659967, 0.5769368029970561, 0.5769368029970561, 0.20553957588240035, 0.09721236377099718, 0.048045171715284773, 0.028215874709604627, 0.07077965077142334, 0.05980447408435907, 0.05058130151873552, 0.014155930154284669, 0.050290398396370506, 21.612006490582115, 4.533963085247293, 4.533963085247293, 4.533963085247293, 4.385502881019111, 12.632778043989125, 5.329536679867145, 5.2410025551344175, 4.591995018554097, 2.16506082820179, 1.0991534922283608, 0.3277144580690192, 0.09962141844551758, 0.03206439418590734, 0.026210218421022585, 0.0213942440653535, 0.1239763399460164, 0.06003286391459106, 0.029651758191513278, 0.04500983391086133, 0.050749851262548495, 0.34371021040789623, 0.09548293336140412, 0.5156393174461497, 0.7047055288976897, 3.5668252301836287, 6.830283388475992, 12.119339346307875, 12.638096268643459, 6.5038601742283815, 5.137803496533183, 2.789421598289569, 1.5051937397275026, 0.31589872331099117, 0.36012537194749966, 0.8344350097925641, 0.8863771300149139, 1.3107887700260221, 0.3441624279614956, 5.736532450545742, 8.261272637779093, 13.460615279731124, 6.683831531891457, 5.756933592818013, 4.104679065262195, 1.4470239186607388, 0.25487646038047324, 0.06141149213495821, 0.22402851268213747, 0.15888835922687822, 0.112820236814, 0.185463331562985, 0.13989516444655448, 0.09115757349008224, 0.037092666312597, 0.06795747680884545, 0.021176392352019624, 0.017186464068038143, 0.07040484053803309, 0.09975902988509966, 0.024154230288311318, 0.09622173982447502, 0.07415517433655006, 0.39988276369782294, 5.232425135072376, 12.984061552599247, 6.387713026541903, 5.431015573488451, 5.181595340902636, 2.5847830303827863, 1.3072404250744056, 0.7970647944286597, 0.45403073694365403], maxlen=1000), tilt_threshold: 5.0
2025-03-02 17:38:31 - tilt_change: deque([0, 1.0921605354864212, 1.6953516577661212, 0.12645285983540688, 4.409744347192685, 12.005833048895347, 3.4137445162716147, 3.3884539443045343, 2.5065050748659967, 0.5769368029970561, 0.5769368029970561, 0.20553957588240035, 0.09721236377099718, 0.048045171715284773, 0.028215874709604627, 0.07077965077142334, 0.05980447408435907, 0.05058130151873552, 0.014155930154284669, 0.050290398396370506, 21.612006490582115, 4.533963085247293, 4.533963085247293, 4.533963085247293, 4.385502881019111, 12.632778043989125, 5.329536679867145, 5.2410025551344175, 4.591995018554097, 2.16506082820179, 1.0991534922283608, 0.3277144580690192, 0.09962141844551758, 0.03206439418590734, 0.026210218421022585, 0.0213942440653535, 0.1239763399460164, 0.06003286391459106, 0.029651758191513278, 0.04500983391086133, 0.050749851262548495, 0.34371021040789623, 0.09548293336140412, 0.5156393174461497, 0.7047055288976897, 3.5668252301836287, 6.830283388475992, 12.119339346307875, 12.638096268643459, 6.5038601742283815, 5.137803496533183, 2.789421598289569, 1.5051937397275026, 0.31589872331099117, 0.36012537194749966, 0.8344350097925641, 0.8863771300149139, 1.3107887700260221, 0.3441624279614956, 5.736532450545742, 8.261272637779093, 13.460615279731124, 6.683831531891457, 5.756933592818013, 4.104679065262195, 1.4470239186607388, 0.25487646038047324, 0.06141149213495821, 0.22402851268213747, 0.15888835922687822, 0.112820236814, 0.185463331562985, 0.13989516444655448, 0.09115757349008224, 0.037092666312597, 0.06795747680884545, 0.021176392352019624, 0.017186464068038143, 0.07040484053803309, 0.09975902988509966, 0.024154230288311318, 0.09622173982447502, 0.07415517433655006, 0.39988276369782294, 5.232425135072376, 12.984061552599247, 6.387713026541903, 5.431015573488451, 5.181595340902636, 2.5847830303827863, 1.3072404250744056, 0.7970647944286597, 0.45403073694365403], maxlen=1000), tilt_threshold: 5.0
2025-03-02 17:38:31 - tilt_change: deque([0, 1.0921605354864212, 1.6953516577661212, 0.12645285983540688, 4.409744347192685, 12.005833048895347, 3.4137445162716147, 3.3884539443045343, 2.5065050748659967, 0.5769368029970561, 0.5769368029970561, 0.20553957588240035, 0.09721236377099718, 0.048045171715284773, 0.028215874709604627, 0.07077965077142334, 0.05980447408435907, 0.05058130151873552, 0.014155930154284669, 0.050290398396370506, 21.612006490582115, 4.533963085247293, 4.533963085247293, 4.533963085247293, 4.385502881019111, 12.632778043989125, 5.329536679867145, 5.2410025551344175, 4.591995018554097, 2.16506082820179, 1.0991534922283608, 0.3277144580690192, 0.09962141844551758, 0.03206439418590734, 0.026210218421022585, 0.0213942440653535, 0.1239763399460164, 0.06003286391459106, 0.029651758191513278, 0.04500983391086133, 0.050749851262548495, 0.34371021040789623, 0.09548293336140412, 0.5156393174461497, 0.7047055288976897, 3.5668252301836287, 6.830283388475992, 12.119339346307875, 12.638096268643459, 6.5038601742283815, 5.137803496533183, 2.789421598289569, 1.5051937397275026, 0.31589872331099117, 0.36012537194749966, 0.8344350097925641, 0.8863771300149139, 1.3107887700260221, 0.3441624279614956, 5.736532450545742, 8.261272637779093, 13.460615279731124, 6.683831531891457, 5.756933592818013, 4.104679065262195, 1.4470239186607388, 0.25487646038047324, 0.06141149213495821, 0.22402851268213747, 0.15888835922687822, 0.112820236814, 0.185463331562985, 0.13989516444655448, 0.09115757349008224, 0.037092666312597, 0.06795747680884545, 0.021176392352019624, 0.017186464068038143, 0.07040484053803309, 0.09975902988509966, 0.024154230288311318, 0.09622173982447502, 0.07415517433655006, 0.39988276369782294, 5.232425135072376, 12.984061552599247, 6.387713026541903, 5.431015573488451, 5.181595340902636, 2.5847830303827863, 1.3072404250744056, 0.7970647944286597, 0.45403073694365403], maxlen=1000), tilt_threshold: 5.0
2025-03-02 17:38:31 - tilt_change: deque([0, 1.0921605354864212, 1.6953516577661212, 0.12645285983540688, 4.409744347192685, 12.005833048895347, 3.4137445162716147, 3.3884539443045343, 2.5065050748659967, 0.5769368029970561, 0.5769368029970561, 0.20553957588240035, 0.09721236377099718, 0.048045171715284773, 0.028215874709604627, 0.07077965077142334, 0.05980447408435907, 0.05058130151873552, 0.014155930154284669, 0.050290398396370506, 21.612006490582115, 4.533963085247293, 4.533963085247293, 4.533963085247293, 4.385502881019111, 12.632778043989125, 5.329536679867145, 5.2410025551344175, 4.591995018554097, 2.16506082820179, 1.0991534922283608, 0.3277144580690192, 0.09962141844551758, 0.03206439418590734, 0.026210218421022585, 0.0213942440653535, 0.1239763399460164, 0.06003286391459106, 0.029651758191513278, 0.04500983391086133, 0.050749851262548495, 0.34371021040789623, 0.09548293336140412, 0.5156393174461497, 0.7047055288976897, 3.5668252301836287, 6.830283388475992, 12.119339346307875, 12.638096268643459, 6.5038601742283815, 5.137803496533183, 2.789421598289569, 1.5051937397275026, 0.31589872331099117, 0.36012537194749966, 0.8344350097925641, 0.8863771300149139, 1.3107887700260221, 0.3441624279614956, 5.736532450545742, 8.261272637779093, 13.460615279731124, 6.683831531891457, 5.756933592818013, 4.104679065262195, 1.4470239186607388, 0.25487646038047324, 0.06141149213495821, 0.22402851268213747, 0.15888835922687822, 0.112820236814, 0.185463331562985, 0.13989516444655448, 0.09115757349008224, 0.037092666312597, 0.06795747680884545, 0.021176392352019624, 0.017186464068038143, 0.07040484053803309, 0.09975902988509966, 0.024154230288311318, 0.09622173982447502, 0.07415517433655006, 0.39988276369782294, 5.232425135072376, 12.984061552599247, 6.387713026541903, 5.431015573488451, 5.181595340902636, 2.5847830303827863, 1.3072404250744056, 0.7970647944286597, 0.45403073694365403], maxlen=1000), tilt_threshold: 5.0
2025-03-02 17:38:31 - tilt_change: deque([0, 1.0921605354864212, 1.6953516577661212, 0.12645285983540688, 4.409744347192685, 12.005833048895347, 3.4137445162716147, 3.3884539443045343, 2.5065050748659967, 0.5769368029970561, 0.5769368029970561, 0.20553957588240035, 0.09721236377099718, 0.048045171715284773, 0.028215874709604627, 0.07077965077142334, 0.05980447408435907, 0.05058130151873552, 0.014155930154284669, 0.050290398396370506, 21.612006490582115, 4.533963085247293, 4.533963085247293, 4.533963085247293, 4.385502881019111, 12.632778043989125, 5.329536679867145, 5.2410025551344175, 4.591995018554097, 2.16506082820179, 1.0991534922283608, 0.3277144580690192, 0.09962141844551758, 0.03206439418590734, 0.026210218421022585, 0.0213942440653535, 0.1239763399460164, 0.06003286391459106, 0.029651758191513278, 0.04500983391086133, 0.050749851262548495, 0.34371021040789623, 0.09548293336140412, 0.5156393174461497, 0.7047055288976897, 3.5668252301836287, 6.830283388475992, 12.119339346307875, 12.638096268643459, 6.5038601742283815, 5.137803496533183, 2.789421598289569, 1.5051937397275026, 0.31589872331099117, 0.36012537194749966, 0.8344350097925641, 0.8863771300149139, 1.3107887700260221, 0.3441624279614956, 5.736532450545742, 8.261272637779093, 13.460615279731124, 6.683831531891457, 5.756933592818013, 4.104679065262195, 1.4470239186607388, 0.25487646038047324, 0.06141149213495821, 0.22402851268213747, 0.15888835922687822, 0.112820236814, 0.185463331562985, 0.13989516444655448, 0.09115757349008224, 0.037092666312597, 0.06795747680884545, 0.021176392352019624, 0.017186464068038143, 0.07040484053803309, 0.09975902988509966, 0.024154230288311318, 0.09622173982447502, 0.07415517433655006, 0.39988276369782294, 5.232425135072376, 12.984061552599247, 6.387713026541903, 5.431015573488451, 5.181595340902636, 2.5847830303827863, 1.3072404250744056, 0.7970647944286597, 0.45403073694365403], maxlen=1000), tilt_threshold: 5.0
2025-03-02 17:38:31 - tilt_change: deque([0, 1.0921605354864212, 1.6953516577661212, 0.12645285983540688, 4.409744347192685, 12.005833048895347, 3.4137445162716147, 3.3884539443045343, 2.5065050748659967, 0.5769368029970561, 0.5769368029970561, 0.20553957588240035, 0.09721236377099718, 0.048045171715284773, 0.028215874709604627, 0.07077965077142334, 0.05980447408435907, 0.05058130151873552, 0.014155930154284669, 0.050290398396370506, 21.612006490582115, 4.533963085247293, 4.533963085247293, 4.533963085247293, 4.385502881019111, 12.632778043989125, 5.329536679867145, 5.2410025551344175, 4.591995018554097, 2.16506082820179, 1.0991534922283608, 0.3277144580690192, 0.09962141844551758, 0.03206439418590734, 0.026210218421022585, 0.0213942440653535, 0.1239763399460164, 0.06003286391459106, 0.029651758191513278, 0.04500983391086133, 0.050749851262548495, 0.34371021040789623, 0.09548293336140412, 0.5156393174461497, 0.7047055288976897, 3.5668252301836287, 6.830283388475992, 12.119339346307875, 12.638096268643459, 6.5038601742283815, 5.137803496533183, 2.789421598289569, 1.5051937397275026, 0.31589872331099117, 0.36012537194749966, 0.8344350097925641, 0.8863771300149139, 1.3107887700260221, 0.3441624279614956, 5.736532450545742, 8.261272637779093, 13.460615279731124, 6.683831531891457, 5.756933592818013, 4.104679065262195, 1.4470239186607388, 0.25487646038047324, 0.06141149213495821, 0.22402851268213747, 0.15888835922687822, 0.112820236814, 0.185463331562985, 0.13989516444655448, 0.09115757349008224, 0.037092666312597, 0.06795747680884545, 0.021176392352019624, 0.017186464068038143, 0.07040484053803309, 0.09975902988509966, 0.024154230288311318, 0.09622173982447502, 0.07415517433655006, 0.39988276369782294, 5.232425135072376, 12.984061552599247, 6.387713026541903, 5.431015573488451, 5.181595340902636, 2.5847830303827863, 1.3072404250744056, 0.7970647944286597, 0.45403073694365403], maxlen=1000), tilt_threshold: 5.0
2025-03-02 17:38:31 - tilt_change: deque([0, 1.0921605354864212, 1.6953516577661212, 0.12645285983540688, 4.409744347192685, 12.005833048895347, 3.4137445162716147, 3.3884539443045343, 2.5065050748659967, 0.5769368029970561, 0.5769368029970561, 0.20553957588240035, 0.09721236377099718, 0.048045171715284773, 0.028215874709604627, 0.07077965077142334, 0.05980447408435907, 0.05058130151873552, 0.014155930154284669, 0.050290398396370506, 21.612006490582115, 4.533963085247293, 4.533963085247293, 4.533963085247293, 4.385502881019111, 12.632778043989125, 5.329536679867145, 5.2410025551344175, 4.591995018554097, 2.16506082820179, 1.0991534922283608, 0.3277144580690192, 0.09962141844551758, 0.03206439418590734, 0.026210218421022585, 0.0213942440653535, 0.1239763399460164, 0.06003286391459106, 0.029651758191513278, 0.04500983391086133, 0.050749851262548495, 0.34371021040789623, 0.09548293336140412, 0.5156393174461497, 0.7047055288976897, 3.5668252301836287, 6.830283388475992, 12.119339346307875, 12.638096268643459, 6.5038601742283815, 5.137803496533183, 2.789421598289569, 1.5051937397275026, 0.31589872331099117, 0.36012537194749966, 0.8344350097925641, 0.8863771300149139, 1.3107887700260221, 0.3441624279614956, 5.736532450545742, 8.261272637779093, 13.460615279731124, 6.683831531891457, 5.756933592818013, 4.104679065262195, 1.4470239186607388, 0.25487646038047324, 0.06141149213495821, 0.22402851268213747, 0.15888835922687822, 0.112820236814, 0.185463331562985, 0.13989516444655448, 0.09115757349008224, 0.037092666312597, 0.06795747680884545, 0.021176392352019624, 0.017186464068038143, 0.07040484053803309, 0.09975902988509966, 0.024154230288311318, 0.09622173982447502, 0.07415517433655006, 0.39988276369782294, 5.232425135072376, 12.984061552599247, 6.387713026541903, 5.431015573488451, 5.181595340902636, 2.5847830303827863, 1.3072404250744056, 0.7970647944286597, 0.45403073694365403], maxlen=1000), tilt_threshold: 5.0
2025-03-02 17:38:31 - tilt_change: deque([0, 1.0921605354864212, 1.6953516577661212, 0.12645285983540688, 4.409744347192685, 12.005833048895347, 3.4137445162716147, 3.3884539443045343, 2.5065050748659967, 0.5769368029970561, 0.5769368029970561, 0.20553957588240035, 0.09721236377099718, 0.048045171715284773, 0.028215874709604627, 0.07077965077142334, 0.05980447408435907, 0.05058130151873552, 0.014155930154284669, 0.050290398396370506, 21.612006490582115, 4.533963085247293, 4.533963085247293, 4.533963085247293, 4.385502881019111, 12.632778043989125, 5.329536679867145, 5.2410025551344175, 4.591995018554097, 2.16506082820179, 1.0991534922283608, 0.3277144580690192, 0.09962141844551758, 0.03206439418590734, 0.026210218421022585, 0.0213942440653535, 0.1239763399460164, 0.06003286391459106, 0.029651758191513278, 0.04500983391086133, 0.050749851262548495, 0.34371021040789623, 0.09548293336140412, 0.5156393174461497, 0.7047055288976897, 3.5668252301836287, 6.830283388475992, 12.119339346307875, 12.638096268643459, 6.5038601742283815, 5.137803496533183, 2.789421598289569, 1.5051937397275026, 0.31589872331099117, 0.36012537194749966, 0.8344350097925641, 0.8863771300149139, 1.3107887700260221, 0.3441624279614956, 5.736532450545742, 8.261272637779093, 13.460615279731124, 6.683831531891457, 5.756933592818013, 4.104679065262195, 1.4470239186607388, 0.25487646038047324, 0.06141149213495821, 0.22402851268213747, 0.15888835922687822, 0.112820236814, 0.185463331562985, 0.13989516444655448, 0.09115757349008224, 0.037092666312597, 0.06795747680884545, 0.021176392352019624, 0.017186464068038143, 0.07040484053803309, 0.09975902988509966, 0.024154230288311318, 0.09622173982447502, 0.07415517433655006, 0.39988276369782294, 5.232425135072376, 12.984061552599247, 6.387713026541903, 5.431015573488451, 5.181595340902636, 2.5847830303827863, 1.3072404250744056, 0.7970647944286597, 0.45403073694365403], maxlen=1000), tilt_threshold: 5.0
2025-03-02 17:38:31 - tilt_change: deque([0, 1.0921605354864212, 1.6953516577661212, 0.12645285983540688, 4.409744347192685, 12.005833048895347, 3.4137445162716147, 3.3884539443045343, 2.5065050748659967, 0.5769368029970561, 0.5769368029970561, 0.20553957588240035, 0.09721236377099718, 0.048045171715284773, 0.028215874709604627, 0.07077965077142334, 0.05980447408435907, 0.05058130151873552, 0.014155930154284669, 0.050290398396370506, 21.612006490582115, 4.533963085247293, 4.533963085247293, 4.533963085247293, 4.385502881019111, 12.632778043989125, 5.329536679867145, 5.2410025551344175, 4.591995018554097, 2.16506082820179, 1.0991534922283608, 0.3277144580690192, 0.09962141844551758, 0.03206439418590734, 0.026210218421022585, 0.0213942440653535, 0.1239763399460164, 0.06003286391459106, 0.029651758191513278, 0.04500983391086133, 0.050749851262548495, 0.34371021040789623, 0.09548293336140412, 0.5156393174461497, 0.7047055288976897, 3.5668252301836287, 6.830283388475992, 12.119339346307875, 12.638096268643459, 6.5038601742283815, 5.137803496533183, 2.789421598289569, 1.5051937397275026, 0.31589872331099117, 0.36012537194749966, 0.8344350097925641, 0.8863771300149139, 1.3107887700260221, 0.3441624279614956, 5.736532450545742, 8.261272637779093, 13.460615279731124, 6.683831531891457, 5.756933592818013, 4.104679065262195, 1.4470239186607388, 0.25487646038047324, 0.06141149213495821, 0.22402851268213747, 0.15888835922687822, 0.112820236814, 0.185463331562985, 0.13989516444655448, 0.09115757349008224, 0.037092666312597, 0.06795747680884545, 0.021176392352019624, 0.017186464068038143, 0.07040484053803309, 0.09975902988509966, 0.024154230288311318, 0.09622173982447502, 0.07415517433655006, 0.39988276369782294, 5.232425135072376, 12.984061552599247, 6.387713026541903, 5.431015573488451, 5.181595340902636, 2.5847830303827863, 1.3072404250744056, 0.7970647944286597, 0.45403073694365403], maxlen=1000), tilt_threshold: 5.0
2025-03-02 17:38:31 - tilt_change: deque([0, 1.0921605354864212, 1.6953516577661212, 0.12645285983540688, 4.409744347192685, 12.005833048895347, 3.4137445162716147, 3.3884539443045343, 2.5065050748659967, 0.5769368029970561, 0.5769368029970561, 0.20553957588240035, 0.09721236377099718, 0.048045171715284773, 0.028215874709604627, 0.07077965077142334, 0.05980447408435907, 0.05058130151873552, 0.014155930154284669, 0.050290398396370506, 21.612006490582115, 4.533963085247293, 4.533963085247293, 4.533963085247293, 4.385502881019111, 12.632778043989125, 5.329536679867145, 5.2410025551344175, 4.591995018554097, 2.16506082820179, 1.0991534922283608, 0.3277144580690192, 0.09962141844551758, 0.03206439418590734, 0.026210218421022585, 0.0213942440653535, 0.1239763399460164, 0.06003286391459106, 0.029651758191513278, 0.04500983391086133, 0.050749851262548495, 0.34371021040789623, 0.09548293336140412, 0.5156393174461497, 0.7047055288976897, 3.5668252301836287, 6.830283388475992, 12.119339346307875, 12.638096268643459, 6.5038601742283815, 5.137803496533183, 2.789421598289569, 1.5051937397275026, 0.31589872331099117, 0.36012537194749966, 0.8344350097925641, 0.8863771300149139, 1.3107887700260221, 0.3441624279614956, 5.736532450545742, 8.261272637779093, 13.460615279731124, 6.683831531891457, 5.756933592818013, 4.104679065262195, 1.4470239186607388, 0.25487646038047324, 0.06141149213495821, 0.22402851268213747, 0.15888835922687822, 0.112820236814, 0.185463331562985, 0.13989516444655448, 0.09115757349008224, 0.037092666312597, 0.06795747680884545, 0.021176392352019624, 0.017186464068038143, 0.07040484053803309, 0.09975902988509966, 0.024154230288311318, 0.09622173982447502, 0.07415517433655006, 0.39988276369782294, 5.232425135072376, 12.984061552599247, 6.387713026541903, 5.431015573488451, 5.181595340902636, 2.5847830303827863, 1.3072404250744056, 0.7970647944286597, 0.45403073694365403], maxlen=1000), tilt_threshold: 5.0
2025-03-02 17:38:31 - tilt_change: deque([0, 1.0921605354864212, 1.6953516577661212, 0.12645285983540688, 4.409744347192685, 12.005833048895347, 3.4137445162716147, 3.3884539443045343, 2.5065050748659967, 0.5769368029970561, 0.5769368029970561, 0.20553957588240035, 0.09721236377099718, 0.048045171715284773, 0.028215874709604627, 0.07077965077142334, 0.05980447408435907, 0.05058130151873552, 0.014155930154284669, 0.050290398396370506, 21.612006490582115, 4.533963085247293, 4.533963085247293, 4.533963085247293, 4.385502881019111, 12.632778043989125, 5.329536679867145, 5.2410025551344175, 4.591995018554097, 2.16506082820179, 1.0991534922283608, 0.3277144580690192, 0.09962141844551758, 0.03206439418590734, 0.026210218421022585, 0.0213942440653535, 0.1239763399460164, 0.06003286391459106, 0.029651758191513278, 0.04500983391086133, 0.050749851262548495, 0.34371021040789623, 0.09548293336140412, 0.5156393174461497, 0.7047055288976897, 3.5668252301836287, 6.830283388475992, 12.119339346307875, 12.638096268643459, 6.5038601742283815, 5.137803496533183, 2.789421598289569, 1.5051937397275026, 0.31589872331099117, 0.36012537194749966, 0.8344350097925641, 0.8863771300149139, 1.3107887700260221, 0.3441624279614956, 5.736532450545742, 8.261272637779093, 13.460615279731124, 6.683831531891457, 5.756933592818013, 4.104679065262195, 1.4470239186607388, 0.25487646038047324, 0.06141149213495821, 0.22402851268213747, 0.15888835922687822, 0.112820236814, 0.185463331562985, 0.13989516444655448, 0.09115757349008224, 0.037092666312597, 0.06795747680884545, 0.021176392352019624, 0.017186464068038143, 0.07040484053803309, 0.09975902988509966, 0.024154230288311318, 0.09622173982447502, 0.07415517433655006, 0.39988276369782294, 5.232425135072376, 12.984061552599247, 6.387713026541903, 5.431015573488451, 5.181595340902636, 2.5847830303827863, 1.3072404250744056, 0.7970647944286597, 0.45403073694365403], maxlen=1000), tilt_threshold: 5.0
2025-03-02 17:38:31 - tilt_change: deque([0, 1.0921605354864212, 1.6953516577661212, 0.12645285983540688, 4.409744347192685, 12.005833048895347, 3.4137445162716147, 3.3884539443045343, 2.5065050748659967, 0.5769368029970561, 0.5769368029970561, 0.20553957588240035, 0.09721236377099718, 0.048045171715284773, 0.028215874709604627, 0.07077965077142334, 0.05980447408435907, 0.05058130151873552, 0.014155930154284669, 0.050290398396370506, 21.612006490582115, 4.533963085247293, 4.533963085247293, 4.533963085247293, 4.385502881019111, 12.632778043989125, 5.329536679867145, 5.2410025551344175, 4.591995018554097, 2.16506082820179, 1.0991534922283608, 0.3277144580690192, 0.09962141844551758, 0.03206439418590734, 0.026210218421022585, 0.0213942440653535, 0.1239763399460164, 0.06003286391459106, 0.029651758191513278, 0.04500983391086133, 0.050749851262548495, 0.34371021040789623, 0.09548293336140412, 0.5156393174461497, 0.7047055288976897, 3.5668252301836287, 6.830283388475992, 12.119339346307875, 12.638096268643459, 6.5038601742283815, 5.137803496533183, 2.789421598289569, 1.5051937397275026, 0.31589872331099117, 0.36012537194749966, 0.8344350097925641, 0.8863771300149139, 1.3107887700260221, 0.3441624279614956, 5.736532450545742, 8.261272637779093, 13.460615279731124, 6.683831531891457, 5.756933592818013, 4.104679065262195, 1.4470239186607388, 0.25487646038047324, 0.06141149213495821, 0.22402851268213747, 0.15888835922687822, 0.112820236814, 0.185463331562985, 0.13989516444655448, 0.09115757349008224, 0.037092666312597, 0.06795747680884545, 0.021176392352019624, 0.017186464068038143, 0.07040484053803309, 0.09975902988509966, 0.024154230288311318, 0.09622173982447502, 0.07415517433655006, 0.39988276369782294, 5.232425135072376, 12.984061552599247, 6.387713026541903, 5.431015573488451, 5.181595340902636, 2.5847830303827863, 1.3072404250744056, 0.7970647944286597, 0.45403073694365403], maxlen=1000), tilt_threshold: 5.0
2025-03-02 17:38:31 - tilt_change: deque([0, 1.0921605354864212, 1.6953516577661212, 0.12645285983540688, 4.409744347192685, 12.005833048895347, 3.4137445162716147, 3.3884539443045343, 2.5065050748659967, 0.5769368029970561, 0.5769368029970561, 0.20553957588240035, 0.09721236377099718, 0.048045171715284773, 0.028215874709604627, 0.07077965077142334, 0.05980447408435907, 0.05058130151873552, 0.014155930154284669, 0.050290398396370506, 21.612006490582115, 4.533963085247293, 4.533963085247293, 4.533963085247293, 4.385502881019111, 12.632778043989125, 5.329536679867145, 5.2410025551344175, 4.591995018554097, 2.16506082820179, 1.0991534922283608, 0.3277144580690192, 0.09962141844551758, 0.03206439418590734, 0.026210218421022585, 0.0213942440653535, 0.1239763399460164, 0.06003286391459106, 0.029651758191513278, 0.04500983391086133, 0.050749851262548495, 0.34371021040789623, 0.09548293336140412, 0.5156393174461497, 0.7047055288976897, 3.5668252301836287, 6.830283388475992, 12.119339346307875, 12.638096268643459, 6.5038601742283815, 5.137803496533183, 2.789421598289569, 1.5051937397275026, 0.31589872331099117, 0.36012537194749966, 0.8344350097925641, 0.8863771300149139, 1.3107887700260221, 0.3441624279614956, 5.736532450545742, 8.261272637779093, 13.460615279731124, 6.683831531891457, 5.756933592818013, 4.104679065262195, 1.4470239186607388, 0.25487646038047324, 0.06141149213495821, 0.22402851268213747, 0.15888835922687822, 0.112820236814, 0.185463331562985, 0.13989516444655448, 0.09115757349008224, 0.037092666312597, 0.06795747680884545, 0.021176392352019624, 0.017186464068038143, 0.07040484053803309, 0.09975902988509966, 0.024154230288311318, 0.09622173982447502, 0.07415517433655006, 0.39988276369782294, 5.232425135072376, 12.984061552599247, 6.387713026541903, 5.431015573488451, 5.181595340902636, 2.5847830303827863, 1.3072404250744056, 0.7970647944286597, 0.45403073694365403], maxlen=1000), tilt_threshold: 5.0
2025-03-02 17:38:31 - tilt_change: deque([0, 1.0921605354864212, 1.6953516577661212, 0.12645285983540688, 4.409744347192685, 12.005833048895347, 3.4137445162716147, 3.3884539443045343, 2.5065050748659967, 0.5769368029970561, 0.5769368029970561, 0.20553957588240035, 0.09721236377099718, 0.048045171715284773, 0.028215874709604627, 0.07077965077142334, 0.05980447408435907, 0.05058130151873552, 0.014155930154284669, 0.050290398396370506, 21.612006490582115, 4.533963085247293, 4.533963085247293, 4.533963085247293, 4.385502881019111, 12.632778043989125, 5.329536679867145, 5.2410025551344175, 4.591995018554097, 2.16506082820179, 1.0991534922283608, 0.3277144580690192, 0.09962141844551758, 0.03206439418590734, 0.026210218421022585, 0.0213942440653535, 0.1239763399460164, 0.06003286391459106, 0.029651758191513278, 0.04500983391086133, 0.050749851262548495, 0.34371021040789623, 0.09548293336140412, 0.5156393174461497, 0.7047055288976897, 3.5668252301836287, 6.830283388475992, 12.119339346307875, 12.638096268643459, 6.5038601742283815, 5.137803496533183, 2.789421598289569, 1.5051937397275026, 0.31589872331099117, 0.36012537194749966, 0.8344350097925641, 0.8863771300149139, 1.3107887700260221, 0.3441624279614956, 5.736532450545742, 8.261272637779093, 13.460615279731124, 6.683831531891457, 5.756933592818013, 4.104679065262195, 1.4470239186607388, 0.25487646038047324, 0.06141149213495821, 0.22402851268213747, 0.15888835922687822, 0.112820236814, 0.185463331562985, 0.13989516444655448, 0.09115757349008224, 0.037092666312597, 0.06795747680884545, 0.021176392352019624, 0.017186464068038143, 0.07040484053803309, 0.09975902988509966, 0.024154230288311318, 0.09622173982447502, 0.07415517433655006, 0.39988276369782294, 5.232425135072376, 12.984061552599247, 6.387713026541903, 5.431015573488451, 5.181595340902636, 2.5847830303827863, 1.3072404250744056, 0.7970647944286597, 0.45403073694365403], maxlen=1000), tilt_threshold: 5.0
2025-03-02 17:38:31 - tilt_change: deque([0, 1.0921605354864212, 1.6953516577661212, 0.12645285983540688, 4.409744347192685, 12.005833048895347, 3.4137445162716147, 3.3884539443045343, 2.5065050748659967, 0.5769368029970561, 0.5769368029970561, 0.20553957588240035, 0.09721236377099718, 0.048045171715284773, 0.028215874709604627, 0.07077965077142334, 0.05980447408435907, 0.05058130151873552, 0.014155930154284669, 0.050290398396370506, 21.612006490582115, 4.533963085247293, 4.533963085247293, 4.533963085247293, 4.385502881019111, 12.632778043989125, 5.329536679867145, 5.2410025551344175, 4.591995018554097, 2.16506082820179, 1.0991534922283608, 0.3277144580690192, 0.09962141844551758, 0.03206439418590734, 0.026210218421022585, 0.0213942440653535, 0.1239763399460164, 0.06003286391459106, 0.029651758191513278, 0.04500983391086133, 0.050749851262548495, 0.34371021040789623, 0.09548293336140412, 0.5156393174461497, 0.7047055288976897, 3.5668252301836287, 6.830283388475992, 12.119339346307875, 12.638096268643459, 6.5038601742283815, 5.137803496533183, 2.789421598289569, 1.5051937397275026, 0.31589872331099117, 0.36012537194749966, 0.8344350097925641, 0.8863771300149139, 1.3107887700260221, 0.3441624279614956, 5.736532450545742, 8.261272637779093, 13.460615279731124, 6.683831531891457, 5.756933592818013, 4.104679065262195, 1.4470239186607388, 0.25487646038047324, 0.06141149213495821, 0.22402851268213747, 0.15888835922687822, 0.112820236814, 0.185463331562985, 0.13989516444655448, 0.09115757349008224, 0.037092666312597, 0.06795747680884545, 0.021176392352019624, 0.017186464068038143, 0.07040484053803309, 0.09975902988509966, 0.024154230288311318, 0.09622173982447502, 0.07415517433655006, 0.39988276369782294, 5.232425135072376, 12.984061552599247, 6.387713026541903, 5.431015573488451, 5.181595340902636, 2.5847830303827863, 1.3072404250744056, 0.7970647944286597, 0.45403073694365403], maxlen=1000), tilt_threshold: 5.0
2025-03-02 17:38:31 - tilt_change: deque([0, 1.0921605354864212, 1.6953516577661212, 0.12645285983540688, 4.409744347192685, 12.005833048895347, 3.4137445162716147, 3.3884539443045343, 2.5065050748659967, 0.5769368029970561, 0.5769368029970561, 0.20553957588240035, 0.09721236377099718, 0.048045171715284773, 0.028215874709604627, 0.07077965077142334, 0.05980447408435907, 0.05058130151873552, 0.014155930154284669, 0.050290398396370506, 21.612006490582115, 4.533963085247293, 4.533963085247293, 4.533963085247293, 4.385502881019111, 12.632778043989125, 5.329536679867145, 5.2410025551344175, 4.591995018554097, 2.16506082820179, 1.0991534922283608, 0.3277144580690192, 0.09962141844551758, 0.03206439418590734, 0.026210218421022585, 0.0213942440653535, 0.1239763399460164, 0.06003286391459106, 0.029651758191513278, 0.04500983391086133, 0.050749851262548495, 0.34371021040789623, 0.09548293336140412, 0.5156393174461497, 0.7047055288976897, 3.5668252301836287, 6.830283388475992, 12.119339346307875, 12.638096268643459, 6.5038601742283815, 5.137803496533183, 2.789421598289569, 1.5051937397275026, 0.31589872331099117, 0.36012537194749966, 0.8344350097925641, 0.8863771300149139, 1.3107887700260221, 0.3441624279614956, 5.736532450545742, 8.261272637779093, 13.460615279731124, 6.683831531891457, 5.756933592818013, 4.104679065262195, 1.4470239186607388, 0.25487646038047324, 0.06141149213495821, 0.22402851268213747, 0.15888835922687822, 0.112820236814, 0.185463331562985, 0.13989516444655448, 0.09115757349008224, 0.037092666312597, 0.06795747680884545, 0.021176392352019624, 0.017186464068038143, 0.07040484053803309, 0.09975902988509966, 0.024154230288311318, 0.09622173982447502, 0.07415517433655006, 0.39988276369782294, 5.232425135072376, 12.984061552599247, 6.387713026541903, 5.431015573488451, 5.181595340902636, 2.5847830303827863, 1.3072404250744056, 0.7970647944286597, 0.45403073694365403], maxlen=1000), tilt_threshold: 5.0
2025-03-02 17:38:31 - tilt_change: deque([0, 1.0921605354864212, 1.6953516577661212, 0.12645285983540688, 4.409744347192685, 12.005833048895347, 3.4137445162716147, 3.3884539443045343, 2.5065050748659967, 0.5769368029970561, 0.5769368029970561, 0.20553957588240035, 0.09721236377099718, 0.048045171715284773, 0.028215874709604627, 0.07077965077142334, 0.05980447408435907, 0.05058130151873552, 0.014155930154284669, 0.050290398396370506, 21.612006490582115, 4.533963085247293, 4.533963085247293, 4.533963085247293, 4.385502881019111, 12.632778043989125, 5.329536679867145, 5.2410025551344175, 4.591995018554097, 2.16506082820179, 1.0991534922283608, 0.3277144580690192, 0.09962141844551758, 0.03206439418590734, 0.026210218421022585, 0.0213942440653535, 0.1239763399460164, 0.06003286391459106, 0.029651758191513278, 0.04500983391086133, 0.050749851262548495, 0.34371021040789623, 0.09548293336140412, 0.5156393174461497, 0.7047055288976897, 3.5668252301836287, 6.830283388475992, 12.119339346307875, 12.638096268643459, 6.5038601742283815, 5.137803496533183, 2.789421598289569, 1.5051937397275026, 0.31589872331099117, 0.36012537194749966, 0.8344350097925641, 0.8863771300149139, 1.3107887700260221, 0.3441624279614956, 5.736532450545742, 8.261272637779093, 13.460615279731124, 6.683831531891457, 5.756933592818013, 4.104679065262195, 1.4470239186607388, 0.25487646038047324, 0.06141149213495821, 0.22402851268213747, 0.15888835922687822, 0.112820236814, 0.185463331562985, 0.13989516444655448, 0.09115757349008224, 0.037092666312597, 0.06795747680884545, 0.021176392352019624, 0.017186464068038143, 0.07040484053803309, 0.09975902988509966, 0.024154230288311318, 0.09622173982447502, 0.07415517433655006, 0.39988276369782294, 5.232425135072376, 12.984061552599247, 6.387713026541903, 5.431015573488451, 5.181595340902636, 2.5847830303827863, 1.3072404250744056, 0.7970647944286597, 0.45403073694365403], maxlen=1000), tilt_threshold: 5.0
2025-03-02 17:38:31 - tilt_change: deque([0, 1.0921605354864212, 1.6953516577661212, 0.12645285983540688, 4.409744347192685, 12.005833048895347, 3.4137445162716147, 3.3884539443045343, 2.5065050748659967, 0.5769368029970561, 0.5769368029970561, 0.20553957588240035, 0.09721236377099718, 0.048045171715284773, 0.028215874709604627, 0.07077965077142334, 0.05980447408435907, 0.05058130151873552, 0.014155930154284669, 0.050290398396370506, 21.612006490582115, 4.533963085247293, 4.533963085247293, 4.533963085247293, 4.385502881019111, 12.632778043989125, 5.329536679867145, 5.2410025551344175, 4.591995018554097, 2.16506082820179, 1.0991534922283608, 0.3277144580690192, 0.09962141844551758, 0.03206439418590734, 0.026210218421022585, 0.0213942440653535, 0.1239763399460164, 0.06003286391459106, 0.029651758191513278, 0.04500983391086133, 0.050749851262548495, 0.34371021040789623, 0.09548293336140412, 0.5156393174461497, 0.7047055288976897, 3.5668252301836287, 6.830283388475992, 12.119339346307875, 12.638096268643459, 6.5038601742283815, 5.137803496533183, 2.789421598289569, 1.5051937397275026, 0.31589872331099117, 0.36012537194749966, 0.8344350097925641, 0.8863771300149139, 1.3107887700260221, 0.3441624279614956, 5.736532450545742, 8.261272637779093, 13.460615279731124, 6.683831531891457, 5.756933592818013, 4.104679065262195, 1.4470239186607388, 0.25487646038047324, 0.06141149213495821, 0.22402851268213747, 0.15888835922687822, 0.112820236814, 0.185463331562985, 0.13989516444655448, 0.09115757349008224, 0.037092666312597, 0.06795747680884545, 0.021176392352019624, 0.017186464068038143, 0.07040484053803309, 0.09975902988509966, 0.024154230288311318, 0.09622173982447502, 0.07415517433655006, 0.39988276369782294, 5.232425135072376, 12.984061552599247, 6.387713026541903, 5.431015573488451, 5.181595340902636, 2.5847830303827863, 1.3072404250744056, 0.7970647944286597, 0.45403073694365403], maxlen=1000), tilt_threshold: 5.0
2025-03-02 17:38:31 - tilt_change: deque([0, 1.0921605354864212, 1.6953516577661212, 0.12645285983540688, 4.409744347192685, 12.005833048895347, 3.4137445162716147, 3.3884539443045343, 2.5065050748659967, 0.5769368029970561, 0.5769368029970561, 0.20553957588240035, 0.09721236377099718, 0.048045171715284773, 0.028215874709604627, 0.07077965077142334, 0.05980447408435907, 0.05058130151873552, 0.014155930154284669, 0.050290398396370506, 21.612006490582115, 4.533963085247293, 4.533963085247293, 4.533963085247293, 4.385502881019111, 12.632778043989125, 5.329536679867145, 5.2410025551344175, 4.591995018554097, 2.16506082820179, 1.0991534922283608, 0.3277144580690192, 0.09962141844551758, 0.03206439418590734, 0.026210218421022585, 0.0213942440653535, 0.1239763399460164, 0.06003286391459106, 0.029651758191513278, 0.04500983391086133, 0.050749851262548495, 0.34371021040789623, 0.09548293336140412, 0.5156393174461497, 0.7047055288976897, 3.5668252301836287, 6.830283388475992, 12.119339346307875, 12.638096268643459, 6.5038601742283815, 5.137803496533183, 2.789421598289569, 1.5051937397275026, 0.31589872331099117, 0.36012537194749966, 0.8344350097925641, 0.8863771300149139, 1.3107887700260221, 0.3441624279614956, 5.736532450545742, 8.261272637779093, 13.460615279731124, 6.683831531891457, 5.756933592818013, 4.104679065262195, 1.4470239186607388, 0.25487646038047324, 0.06141149213495821, 0.22402851268213747, 0.15888835922687822, 0.112820236814, 0.185463331562985, 0.13989516444655448, 0.09115757349008224, 0.037092666312597, 0.06795747680884545, 0.021176392352019624, 0.017186464068038143, 0.07040484053803309, 0.09975902988509966, 0.024154230288311318, 0.09622173982447502, 0.07415517433655006, 0.39988276369782294, 5.232425135072376, 12.984061552599247, 6.387713026541903, 5.431015573488451, 5.181595340902636, 2.5847830303827863, 1.3072404250744056, 0.7970647944286597, 0.45403073694365403], maxlen=1000), tilt_threshold: 5.0
2025-03-02 17:38:31 - tilt_change: deque([0, 1.0921605354864212, 1.6953516577661212, 0.12645285983540688, 4.409744347192685, 12.005833048895347, 3.4137445162716147, 3.3884539443045343, 2.5065050748659967, 0.5769368029970561, 0.5769368029970561, 0.20553957588240035, 0.09721236377099718, 0.048045171715284773, 0.028215874709604627, 0.07077965077142334, 0.05980447408435907, 0.05058130151873552, 0.014155930154284669, 0.050290398396370506, 21.612006490582115, 4.533963085247293, 4.533963085247293, 4.533963085247293, 4.385502881019111, 12.632778043989125, 5.329536679867145, 5.2410025551344175, 4.591995018554097, 2.16506082820179, 1.0991534922283608, 0.3277144580690192, 0.09962141844551758, 0.03206439418590734, 0.026210218421022585, 0.0213942440653535, 0.1239763399460164, 0.06003286391459106, 0.029651758191513278, 0.04500983391086133, 0.050749851262548495, 0.34371021040789623, 0.09548293336140412, 0.5156393174461497, 0.7047055288976897, 3.5668252301836287, 6.830283388475992, 12.119339346307875, 12.638096268643459, 6.5038601742283815, 5.137803496533183, 2.789421598289569, 1.5051937397275026, 0.31589872331099117, 0.36012537194749966, 0.8344350097925641, 0.8863771300149139, 1.3107887700260221, 0.3441624279614956, 5.736532450545742, 8.261272637779093, 13.460615279731124, 6.683831531891457, 5.756933592818013, 4.104679065262195, 1.4470239186607388, 0.25487646038047324, 0.06141149213495821, 0.22402851268213747, 0.15888835922687822, 0.112820236814, 0.185463331562985, 0.13989516444655448, 0.09115757349008224, 0.037092666312597, 0.06795747680884545, 0.021176392352019624, 0.017186464068038143, 0.07040484053803309, 0.09975902988509966, 0.024154230288311318, 0.09622173982447502, 0.07415517433655006, 0.39988276369782294, 5.232425135072376, 12.984061552599247, 6.387713026541903, 5.431015573488451, 5.181595340902636, 2.5847830303827863, 1.3072404250744056, 0.7970647944286597, 0.45403073694365403], maxlen=1000), tilt_threshold: 5.0
2025-03-02 17:38:31 - tilt_change: deque([0, 1.0921605354864212, 1.6953516577661212, 0.12645285983540688, 4.409744347192685, 12.005833048895347, 3.4137445162716147, 3.3884539443045343, 2.5065050748659967, 0.5769368029970561, 0.5769368029970561, 0.20553957588240035, 0.09721236377099718, 0.048045171715284773, 0.028215874709604627, 0.07077965077142334, 0.05980447408435907, 0.05058130151873552, 0.014155930154284669, 0.050290398396370506, 21.612006490582115, 4.533963085247293, 4.533963085247293, 4.533963085247293, 4.385502881019111, 12.632778043989125, 5.329536679867145, 5.2410025551344175, 4.591995018554097, 2.16506082820179, 1.0991534922283608, 0.3277144580690192, 0.09962141844551758, 0.03206439418590734, 0.026210218421022585, 0.0213942440653535, 0.1239763399460164, 0.06003286391459106, 0.029651758191513278, 0.04500983391086133, 0.050749851262548495, 0.34371021040789623, 0.09548293336140412, 0.5156393174461497, 0.7047055288976897, 3.5668252301836287, 6.830283388475992, 12.119339346307875, 12.638096268643459, 6.5038601742283815, 5.137803496533183, 2.789421598289569, 1.5051937397275026, 0.31589872331099117, 0.36012537194749966, 0.8344350097925641, 0.8863771300149139, 1.3107887700260221, 0.3441624279614956, 5.736532450545742, 8.261272637779093, 13.460615279731124, 6.683831531891457, 5.756933592818013, 4.104679065262195, 1.4470239186607388, 0.25487646038047324, 0.06141149213495821, 0.22402851268213747, 0.15888835922687822, 0.112820236814, 0.185463331562985, 0.13989516444655448, 0.09115757349008224, 0.037092666312597, 0.06795747680884545, 0.021176392352019624, 0.017186464068038143, 0.07040484053803309, 0.09975902988509966, 0.024154230288311318, 0.09622173982447502, 0.07415517433655006, 0.39988276369782294, 5.232425135072376, 12.984061552599247, 6.387713026541903, 5.431015573488451, 5.181595340902636, 2.5847830303827863, 1.3072404250744056, 0.7970647944286597, 0.45403073694365403], maxlen=1000), tilt_threshold: 5.0
2025-03-02 17:38:31 - tilt_change: deque([0, 1.0921605354864212, 1.6953516577661212, 0.12645285983540688, 4.409744347192685, 12.005833048895347, 3.4137445162716147, 3.3884539443045343, 2.5065050748659967, 0.5769368029970561, 0.5769368029970561, 0.20553957588240035, 0.09721236377099718, 0.048045171715284773, 0.028215874709604627, 0.07077965077142334, 0.05980447408435907, 0.05058130151873552, 0.014155930154284669, 0.050290398396370506, 21.612006490582115, 4.533963085247293, 4.533963085247293, 4.533963085247293, 4.385502881019111, 12.632778043989125, 5.329536679867145, 5.2410025551344175, 4.591995018554097, 2.16506082820179, 1.0991534922283608, 0.3277144580690192, 0.09962141844551758, 0.03206439418590734, 0.026210218421022585, 0.0213942440653535, 0.1239763399460164, 0.06003286391459106, 0.029651758191513278, 0.04500983391086133, 0.050749851262548495, 0.34371021040789623, 0.09548293336140412, 0.5156393174461497, 0.7047055288976897, 3.5668252301836287, 6.830283388475992, 12.119339346307875, 12.638096268643459, 6.5038601742283815, 5.137803496533183, 2.789421598289569, 1.5051937397275026, 0.31589872331099117, 0.36012537194749966, 0.8344350097925641, 0.8863771300149139, 1.3107887700260221, 0.3441624279614956, 5.736532450545742, 8.261272637779093, 13.460615279731124, 6.683831531891457, 5.756933592818013, 4.104679065262195, 1.4470239186607388, 0.25487646038047324, 0.06141149213495821, 0.22402851268213747, 0.15888835922687822, 0.112820236814, 0.185463331562985, 0.13989516444655448, 0.09115757349008224, 0.037092666312597, 0.06795747680884545, 0.021176392352019624, 0.017186464068038143, 0.07040484053803309, 0.09975902988509966, 0.024154230288311318, 0.09622173982447502, 0.07415517433655006, 0.39988276369782294, 5.232425135072376, 12.984061552599247, 6.387713026541903, 5.431015573488451, 5.181595340902636, 2.5847830303827863, 1.3072404250744056, 0.7970647944286597, 0.45403073694365403], maxlen=1000), tilt_threshold: 5.0
2025-03-02 17:38:31 - tilt_change: deque([0, 1.0921605354864212, 1.6953516577661212, 0.12645285983540688, 4.409744347192685, 12.005833048895347, 3.4137445162716147, 3.3884539443045343, 2.5065050748659967, 0.5769368029970561, 0.5769368029970561, 0.20553957588240035, 0.09721236377099718, 0.048045171715284773, 0.028215874709604627, 0.07077965077142334, 0.05980447408435907, 0.05058130151873552, 0.014155930154284669, 0.050290398396370506, 21.612006490582115, 4.533963085247293, 4.533963085247293, 4.533963085247293, 4.385502881019111, 12.632778043989125, 5.329536679867145, 5.2410025551344175, 4.591995018554097, 2.16506082820179, 1.0991534922283608, 0.3277144580690192, 0.09962141844551758, 0.03206439418590734, 0.026210218421022585, 0.0213942440653535, 0.1239763399460164, 0.06003286391459106, 0.029651758191513278, 0.04500983391086133, 0.050749851262548495, 0.34371021040789623, 0.09548293336140412, 0.5156393174461497, 0.7047055288976897, 3.5668252301836287, 6.830283388475992, 12.119339346307875, 12.638096268643459, 6.5038601742283815, 5.137803496533183, 2.789421598289569, 1.5051937397275026, 0.31589872331099117, 0.36012537194749966, 0.8344350097925641, 0.8863771300149139, 1.3107887700260221, 0.3441624279614956, 5.736532450545742, 8.261272637779093, 13.460615279731124, 6.683831531891457, 5.756933592818013, 4.104679065262195, 1.4470239186607388, 0.25487646038047324, 0.06141149213495821, 0.22402851268213747, 0.15888835922687822, 0.112820236814, 0.185463331562985, 0.13989516444655448, 0.09115757349008224, 0.037092666312597, 0.06795747680884545, 0.021176392352019624, 0.017186464068038143, 0.07040484053803309, 0.09975902988509966, 0.024154230288311318, 0.09622173982447502, 0.07415517433655006, 0.39988276369782294, 5.232425135072376, 12.984061552599247, 6.387713026541903, 5.431015573488451, 5.181595340902636, 2.5847830303827863, 1.3072404250744056, 0.7970647944286597, 0.45403073694365403], maxlen=1000), tilt_threshold: 5.0
2025-03-02 17:38:31 - tilt_change: deque([0, 1.0921605354864212, 1.6953516577661212, 0.12645285983540688, 4.409744347192685, 12.005833048895347, 3.4137445162716147, 3.3884539443045343, 2.5065050748659967, 0.5769368029970561, 0.5769368029970561, 0.20553957588240035, 0.09721236377099718, 0.048045171715284773, 0.028215874709604627, 0.07077965077142334, 0.05980447408435907, 0.05058130151873552, 0.014155930154284669, 0.050290398396370506, 21.612006490582115, 4.533963085247293, 4.533963085247293, 4.533963085247293, 4.385502881019111, 12.632778043989125, 5.329536679867145, 5.2410025551344175, 4.591995018554097, 2.16506082820179, 1.0991534922283608, 0.3277144580690192, 0.09962141844551758, 0.03206439418590734, 0.026210218421022585, 0.0213942440653535, 0.1239763399460164, 0.06003286391459106, 0.029651758191513278, 0.04500983391086133, 0.050749851262548495, 0.34371021040789623, 0.09548293336140412, 0.5156393174461497, 0.7047055288976897, 3.5668252301836287, 6.830283388475992, 12.119339346307875, 12.638096268643459, 6.5038601742283815, 5.137803496533183, 2.789421598289569, 1.5051937397275026, 0.31589872331099117, 0.36012537194749966, 0.8344350097925641, 0.8863771300149139, 1.3107887700260221, 0.3441624279614956, 5.736532450545742, 8.261272637779093, 13.460615279731124, 6.683831531891457, 5.756933592818013, 4.104679065262195, 1.4470239186607388, 0.25487646038047324, 0.06141149213495821, 0.22402851268213747, 0.15888835922687822, 0.112820236814, 0.185463331562985, 0.13989516444655448, 0.09115757349008224, 0.037092666312597, 0.06795747680884545, 0.021176392352019624, 0.017186464068038143, 0.07040484053803309, 0.09975902988509966, 0.024154230288311318, 0.09622173982447502, 0.07415517433655006, 0.39988276369782294, 5.232425135072376, 12.984061552599247, 6.387713026541903, 5.431015573488451, 5.181595340902636, 2.5847830303827863, 1.3072404250744056, 0.7970647944286597, 0.45403073694365403], maxlen=1000), tilt_threshold: 5.0
2025-03-02 17:38:31 - tilt_change: deque([0, 1.0921605354864212, 1.6953516577661212, 0.12645285983540688, 4.409744347192685, 12.005833048895347, 3.4137445162716147, 3.3884539443045343, 2.5065050748659967, 0.5769368029970561, 0.5769368029970561, 0.20553957588240035, 0.09721236377099718, 0.048045171715284773, 0.028215874709604627, 0.07077965077142334, 0.05980447408435907, 0.05058130151873552, 0.014155930154284669, 0.050290398396370506, 21.612006490582115, 4.533963085247293, 4.533963085247293, 4.533963085247293, 4.385502881019111, 12.632778043989125, 5.329536679867145, 5.2410025551344175, 4.591995018554097, 2.16506082820179, 1.0991534922283608, 0.3277144580690192, 0.09962141844551758, 0.03206439418590734, 0.026210218421022585, 0.0213942440653535, 0.1239763399460164, 0.06003286391459106, 0.029651758191513278, 0.04500983391086133, 0.050749851262548495, 0.34371021040789623, 0.09548293336140412, 0.5156393174461497, 0.7047055288976897, 3.5668252301836287, 6.830283388475992, 12.119339346307875, 12.638096268643459, 6.5038601742283815, 5.137803496533183, 2.789421598289569, 1.5051937397275026, 0.31589872331099117, 0.36012537194749966, 0.8344350097925641, 0.8863771300149139, 1.3107887700260221, 0.3441624279614956, 5.736532450545742, 8.261272637779093, 13.460615279731124, 6.683831531891457, 5.756933592818013, 4.104679065262195, 1.4470239186607388, 0.25487646038047324, 0.06141149213495821, 0.22402851268213747, 0.15888835922687822, 0.112820236814, 0.185463331562985, 0.13989516444655448, 0.09115757349008224, 0.037092666312597, 0.06795747680884545, 0.021176392352019624, 0.017186464068038143, 0.07040484053803309, 0.09975902988509966, 0.024154230288311318, 0.09622173982447502, 0.07415517433655006, 0.39988276369782294, 5.232425135072376, 12.984061552599247, 6.387713026541903, 5.431015573488451, 5.181595340902636, 2.5847830303827863, 1.3072404250744056, 0.7970647944286597, 0.45403073694365403], maxlen=1000), tilt_threshold: 5.0
2025-03-02 17:38:31 - tilt_change: deque([0, 1.0921605354864212, 1.6953516577661212, 0.12645285983540688, 4.409744347192685, 12.005833048895347, 3.4137445162716147, 3.3884539443045343, 2.5065050748659967, 0.5769368029970561, 0.5769368029970561, 0.20553957588240035, 0.09721236377099718, 0.048045171715284773, 0.028215874709604627, 0.07077965077142334, 0.05980447408435907, 0.05058130151873552, 0.014155930154284669, 0.050290398396370506, 21.612006490582115, 4.533963085247293, 4.533963085247293, 4.533963085247293, 4.385502881019111, 12.632778043989125, 5.329536679867145, 5.2410025551344175, 4.591995018554097, 2.16506082820179, 1.0991534922283608, 0.3277144580690192, 0.09962141844551758, 0.03206439418590734, 0.026210218421022585, 0.0213942440653535, 0.1239763399460164, 0.06003286391459106, 0.029651758191513278, 0.04500983391086133, 0.050749851262548495, 0.34371021040789623, 0.09548293336140412, 0.5156393174461497, 0.7047055288976897, 3.5668252301836287, 6.830283388475992, 12.119339346307875, 12.638096268643459, 6.5038601742283815, 5.137803496533183, 2.789421598289569, 1.5051937397275026, 0.31589872331099117, 0.36012537194749966, 0.8344350097925641, 0.8863771300149139, 1.3107887700260221, 0.3441624279614956, 5.736532450545742, 8.261272637779093, 13.460615279731124, 6.683831531891457, 5.756933592818013, 4.104679065262195, 1.4470239186607388, 0.25487646038047324, 0.06141149213495821, 0.22402851268213747, 0.15888835922687822, 0.112820236814, 0.185463331562985, 0.13989516444655448, 0.09115757349008224, 0.037092666312597, 0.06795747680884545, 0.021176392352019624, 0.017186464068038143, 0.07040484053803309, 0.09975902988509966, 0.024154230288311318, 0.09622173982447502, 0.07415517433655006, 0.39988276369782294, 5.232425135072376, 12.984061552599247, 6.387713026541903, 5.431015573488451, 5.181595340902636, 2.5847830303827863, 1.3072404250744056, 0.7970647944286597, 0.45403073694365403], maxlen=1000), tilt_threshold: 5.0
2025-03-02 17:38:31 - tilt_change: deque([0, 1.0921605354864212, 1.6953516577661212, 0.12645285983540688, 4.409744347192685, 12.005833048895347, 3.4137445162716147, 3.3884539443045343, 2.5065050748659967, 0.5769368029970561, 0.5769368029970561, 0.20553957588240035, 0.09721236377099718, 0.048045171715284773, 0.028215874709604627, 0.07077965077142334, 0.05980447408435907, 0.05058130151873552, 0.014155930154284669, 0.050290398396370506, 21.612006490582115, 4.533963085247293, 4.533963085247293, 4.533963085247293, 4.385502881019111, 12.632778043989125, 5.329536679867145, 5.2410025551344175, 4.591995018554097, 2.16506082820179, 1.0991534922283608, 0.3277144580690192, 0.09962141844551758, 0.03206439418590734, 0.026210218421022585, 0.0213942440653535, 0.1239763399460164, 0.06003286391459106, 0.029651758191513278, 0.04500983391086133, 0.050749851262548495, 0.34371021040789623, 0.09548293336140412, 0.5156393174461497, 0.7047055288976897, 3.5668252301836287, 6.830283388475992, 12.119339346307875, 12.638096268643459, 6.5038601742283815, 5.137803496533183, 2.789421598289569, 1.5051937397275026, 0.31589872331099117, 0.36012537194749966, 0.8344350097925641, 0.8863771300149139, 1.3107887700260221, 0.3441624279614956, 5.736532450545742, 8.261272637779093, 13.460615279731124, 6.683831531891457, 5.756933592818013, 4.104679065262195, 1.4470239186607388, 0.25487646038047324, 0.06141149213495821, 0.22402851268213747, 0.15888835922687822, 0.112820236814, 0.185463331562985, 0.13989516444655448, 0.09115757349008224, 0.037092666312597, 0.06795747680884545, 0.021176392352019624, 0.017186464068038143, 0.07040484053803309, 0.09975902988509966, 0.024154230288311318, 0.09622173982447502, 0.07415517433655006, 0.39988276369782294, 5.232425135072376, 12.984061552599247, 6.387713026541903, 5.431015573488451, 5.181595340902636, 2.5847830303827863, 1.3072404250744056, 0.7970647944286597, 0.45403073694365403], maxlen=1000), tilt_threshold: 5.0
2025-03-02 17:38:31 - tilt_change: deque([0, 1.0921605354864212, 1.6953516577661212, 0.12645285983540688, 4.409744347192685, 12.005833048895347, 3.4137445162716147, 3.3884539443045343, 2.5065050748659967, 0.5769368029970561, 0.5769368029970561, 0.20553957588240035, 0.09721236377099718, 0.048045171715284773, 0.028215874709604627, 0.07077965077142334, 0.05980447408435907, 0.05058130151873552, 0.014155930154284669, 0.050290398396370506, 21.612006490582115, 4.533963085247293, 4.533963085247293, 4.533963085247293, 4.385502881019111, 12.632778043989125, 5.329536679867145, 5.2410025551344175, 4.591995018554097, 2.16506082820179, 1.0991534922283608, 0.3277144580690192, 0.09962141844551758, 0.03206439418590734, 0.026210218421022585, 0.0213942440653535, 0.1239763399460164, 0.06003286391459106, 0.029651758191513278, 0.04500983391086133, 0.050749851262548495, 0.34371021040789623, 0.09548293336140412, 0.5156393174461497, 0.7047055288976897, 3.5668252301836287, 6.830283388475992, 12.119339346307875, 12.638096268643459, 6.5038601742283815, 5.137803496533183, 2.789421598289569, 1.5051937397275026, 0.31589872331099117, 0.36012537194749966, 0.8344350097925641, 0.8863771300149139, 1.3107887700260221, 0.3441624279614956, 5.736532450545742, 8.261272637779093, 13.460615279731124, 6.683831531891457, 5.756933592818013, 4.104679065262195, 1.4470239186607388, 0.25487646038047324, 0.06141149213495821, 0.22402851268213747, 0.15888835922687822, 0.112820236814, 0.185463331562985, 0.13989516444655448, 0.09115757349008224, 0.037092666312597, 0.06795747680884545, 0.021176392352019624, 0.017186464068038143, 0.07040484053803309, 0.09975902988509966, 0.024154230288311318, 0.09622173982447502, 0.07415517433655006, 0.39988276369782294, 5.232425135072376, 12.984061552599247, 6.387713026541903, 5.431015573488451, 5.181595340902636, 2.5847830303827863, 1.3072404250744056, 0.7970647944286597, 0.45403073694365403], maxlen=1000), tilt_threshold: 5.0
2025-03-02 17:38:31 - tilt_change: deque([0, 1.0921605354864212, 1.6953516577661212, 0.12645285983540688, 4.409744347192685, 12.005833048895347, 3.4137445162716147, 3.3884539443045343, 2.5065050748659967, 0.5769368029970561, 0.5769368029970561, 0.20553957588240035, 0.09721236377099718, 0.048045171715284773, 0.028215874709604627, 0.07077965077142334, 0.05980447408435907, 0.05058130151873552, 0.014155930154284669, 0.050290398396370506, 21.612006490582115, 4.533963085247293, 4.533963085247293, 4.533963085247293, 4.385502881019111, 12.632778043989125, 5.329536679867145, 5.2410025551344175, 4.591995018554097, 2.16506082820179, 1.0991534922283608, 0.3277144580690192, 0.09962141844551758, 0.03206439418590734, 0.026210218421022585, 0.0213942440653535, 0.1239763399460164, 0.06003286391459106, 0.029651758191513278, 0.04500983391086133, 0.050749851262548495, 0.34371021040789623, 0.09548293336140412, 0.5156393174461497, 0.7047055288976897, 3.5668252301836287, 6.830283388475992, 12.119339346307875, 12.638096268643459, 6.5038601742283815, 5.137803496533183, 2.789421598289569, 1.5051937397275026, 0.31589872331099117, 0.36012537194749966, 0.8344350097925641, 0.8863771300149139, 1.3107887700260221, 0.3441624279614956, 5.736532450545742, 8.261272637779093, 13.460615279731124, 6.683831531891457, 5.756933592818013, 4.104679065262195, 1.4470239186607388, 0.25487646038047324, 0.06141149213495821, 0.22402851268213747, 0.15888835922687822, 0.112820236814, 0.185463331562985, 0.13989516444655448, 0.09115757349008224, 0.037092666312597, 0.06795747680884545, 0.021176392352019624, 0.017186464068038143, 0.07040484053803309, 0.09975902988509966, 0.024154230288311318, 0.09622173982447502, 0.07415517433655006, 0.39988276369782294, 5.232425135072376, 12.984061552599247, 6.387713026541903, 5.431015573488451, 5.181595340902636, 2.5847830303827863, 1.3072404250744056, 0.7970647944286597, 0.45403073694365403], maxlen=1000), tilt_threshold: 5.0
2025-03-02 17:38:31 - tilt_change: deque([0, 1.0921605354864212, 1.6953516577661212, 0.12645285983540688, 4.409744347192685, 12.005833048895347, 3.4137445162716147, 3.3884539443045343, 2.5065050748659967, 0.5769368029970561, 0.5769368029970561, 0.20553957588240035, 0.09721236377099718, 0.048045171715284773, 0.028215874709604627, 0.07077965077142334, 0.05980447408435907, 0.05058130151873552, 0.014155930154284669, 0.050290398396370506, 21.612006490582115, 4.533963085247293, 4.533963085247293, 4.533963085247293, 4.385502881019111, 12.632778043989125, 5.329536679867145, 5.2410025551344175, 4.591995018554097, 2.16506082820179, 1.0991534922283608, 0.3277144580690192, 0.09962141844551758, 0.03206439418590734, 0.026210218421022585, 0.0213942440653535, 0.1239763399460164, 0.06003286391459106, 0.029651758191513278, 0.04500983391086133, 0.050749851262548495, 0.34371021040789623, 0.09548293336140412, 0.5156393174461497, 0.7047055288976897, 3.5668252301836287, 6.830283388475992, 12.119339346307875, 12.638096268643459, 6.5038601742283815, 5.137803496533183, 2.789421598289569, 1.5051937397275026, 0.31589872331099117, 0.36012537194749966, 0.8344350097925641, 0.8863771300149139, 1.3107887700260221, 0.3441624279614956, 5.736532450545742, 8.261272637779093, 13.460615279731124, 6.683831531891457, 5.756933592818013, 4.104679065262195, 1.4470239186607388, 0.25487646038047324, 0.06141149213495821, 0.22402851268213747, 0.15888835922687822, 0.112820236814, 0.185463331562985, 0.13989516444655448, 0.09115757349008224, 0.037092666312597, 0.06795747680884545, 0.021176392352019624, 0.017186464068038143, 0.07040484053803309, 0.09975902988509966, 0.024154230288311318, 0.09622173982447502, 0.07415517433655006, 0.39988276369782294, 5.232425135072376, 12.984061552599247, 6.387713026541903, 5.431015573488451, 5.181595340902636, 2.5847830303827863, 1.3072404250744056, 0.7970647944286597, 0.45403073694365403], maxlen=1000), tilt_threshold: 5.0
2025-03-02 17:38:31 - tilt_change: deque([0, 1.0921605354864212, 1.6953516577661212, 0.12645285983540688, 4.409744347192685, 12.005833048895347, 3.4137445162716147, 3.3884539443045343, 2.5065050748659967, 0.5769368029970561, 0.5769368029970561, 0.20553957588240035, 0.09721236377099718, 0.048045171715284773, 0.028215874709604627, 0.07077965077142334, 0.05980447408435907, 0.05058130151873552, 0.014155930154284669, 0.050290398396370506, 21.612006490582115, 4.533963085247293, 4.533963085247293, 4.533963085247293, 4.385502881019111, 12.632778043989125, 5.329536679867145, 5.2410025551344175, 4.591995018554097, 2.16506082820179, 1.0991534922283608, 0.3277144580690192, 0.09962141844551758, 0.03206439418590734, 0.026210218421022585, 0.0213942440653535, 0.1239763399460164, 0.06003286391459106, 0.029651758191513278, 0.04500983391086133, 0.050749851262548495, 0.34371021040789623, 0.09548293336140412, 0.5156393174461497, 0.7047055288976897, 3.5668252301836287, 6.830283388475992, 12.119339346307875, 12.638096268643459, 6.5038601742283815, 5.137803496533183, 2.789421598289569, 1.5051937397275026, 0.31589872331099117, 0.36012537194749966, 0.8344350097925641, 0.8863771300149139, 1.3107887700260221, 0.3441624279614956, 5.736532450545742, 8.261272637779093, 13.460615279731124, 6.683831531891457, 5.756933592818013, 4.104679065262195, 1.4470239186607388, 0.25487646038047324, 0.06141149213495821, 0.22402851268213747, 0.15888835922687822, 0.112820236814, 0.185463331562985, 0.13989516444655448, 0.09115757349008224, 0.037092666312597, 0.06795747680884545, 0.021176392352019624, 0.017186464068038143, 0.07040484053803309, 0.09975902988509966, 0.024154230288311318, 0.09622173982447502, 0.07415517433655006, 0.39988276369782294, 5.232425135072376, 12.984061552599247, 6.387713026541903, 5.431015573488451, 5.181595340902636, 2.5847830303827863, 1.3072404250744056, 0.7970647944286597, 0.45403073694365403], maxlen=1000), tilt_threshold: 5.0
2025-03-02 17:38:31 - tilt_change: deque([0, 1.0921605354864212, 1.6953516577661212, 0.12645285983540688, 4.409744347192685, 12.005833048895347, 3.4137445162716147, 3.3884539443045343, 2.5065050748659967, 0.5769368029970561, 0.5769368029970561, 0.20553957588240035, 0.09721236377099718, 0.048045171715284773, 0.028215874709604627, 0.07077965077142334, 0.05980447408435907, 0.05058130151873552, 0.014155930154284669, 0.050290398396370506, 21.612006490582115, 4.533963085247293, 4.533963085247293, 4.533963085247293, 4.385502881019111, 12.632778043989125, 5.329536679867145, 5.2410025551344175, 4.591995018554097, 2.16506082820179, 1.0991534922283608, 0.3277144580690192, 0.09962141844551758, 0.03206439418590734, 0.026210218421022585, 0.0213942440653535, 0.1239763399460164, 0.06003286391459106, 0.029651758191513278, 0.04500983391086133, 0.050749851262548495, 0.34371021040789623, 0.09548293336140412, 0.5156393174461497, 0.7047055288976897, 3.5668252301836287, 6.830283388475992, 12.119339346307875, 12.638096268643459, 6.5038601742283815, 5.137803496533183, 2.789421598289569, 1.5051937397275026, 0.31589872331099117, 0.36012537194749966, 0.8344350097925641, 0.8863771300149139, 1.3107887700260221, 0.3441624279614956, 5.736532450545742, 8.261272637779093, 13.460615279731124, 6.683831531891457, 5.756933592818013, 4.104679065262195, 1.4470239186607388, 0.25487646038047324, 0.06141149213495821, 0.22402851268213747, 0.15888835922687822, 0.112820236814, 0.185463331562985, 0.13989516444655448, 0.09115757349008224, 0.037092666312597, 0.06795747680884545, 0.021176392352019624, 0.017186464068038143, 0.07040484053803309, 0.09975902988509966, 0.024154230288311318, 0.09622173982447502, 0.07415517433655006, 0.39988276369782294, 5.232425135072376, 12.984061552599247, 6.387713026541903, 5.431015573488451, 5.181595340902636, 2.5847830303827863, 1.3072404250744056, 0.7970647944286597, 0.45403073694365403], maxlen=1000), tilt_threshold: 5.0
2025-03-02 17:38:31 - tilt_change: deque([0, 1.0921605354864212, 1.6953516577661212, 0.12645285983540688, 4.409744347192685, 12.005833048895347, 3.4137445162716147, 3.3884539443045343, 2.5065050748659967, 0.5769368029970561, 0.5769368029970561, 0.20553957588240035, 0.09721236377099718, 0.048045171715284773, 0.028215874709604627, 0.07077965077142334, 0.05980447408435907, 0.05058130151873552, 0.014155930154284669, 0.050290398396370506, 21.612006490582115, 4.533963085247293, 4.533963085247293, 4.533963085247293, 4.385502881019111, 12.632778043989125, 5.329536679867145, 5.2410025551344175, 4.591995018554097, 2.16506082820179, 1.0991534922283608, 0.3277144580690192, 0.09962141844551758, 0.03206439418590734, 0.026210218421022585, 0.0213942440653535, 0.1239763399460164, 0.06003286391459106, 0.029651758191513278, 0.04500983391086133, 0.050749851262548495, 0.34371021040789623, 0.09548293336140412, 0.5156393174461497, 0.7047055288976897, 3.5668252301836287, 6.830283388475992, 12.119339346307875, 12.638096268643459, 6.5038601742283815, 5.137803496533183, 2.789421598289569, 1.5051937397275026, 0.31589872331099117, 0.36012537194749966, 0.8344350097925641, 0.8863771300149139, 1.3107887700260221, 0.3441624279614956, 5.736532450545742, 8.261272637779093, 13.460615279731124, 6.683831531891457, 5.756933592818013, 4.104679065262195, 1.4470239186607388, 0.25487646038047324, 0.06141149213495821, 0.22402851268213747, 0.15888835922687822, 0.112820236814, 0.185463331562985, 0.13989516444655448, 0.09115757349008224, 0.037092666312597, 0.06795747680884545, 0.021176392352019624, 0.017186464068038143, 0.07040484053803309, 0.09975902988509966, 0.024154230288311318, 0.09622173982447502, 0.07415517433655006, 0.39988276369782294, 5.232425135072376, 12.984061552599247, 6.387713026541903, 5.431015573488451, 5.181595340902636, 2.5847830303827863, 1.3072404250744056, 0.7970647944286597, 0.45403073694365403], maxlen=1000), tilt_threshold: 5.0
2025-03-02 17:38:31 - tilt_change: deque([0, 1.0921605354864212, 1.6953516577661212, 0.12645285983540688, 4.409744347192685, 12.005833048895347, 3.4137445162716147, 3.3884539443045343, 2.5065050748659967, 0.5769368029970561, 0.5769368029970561, 0.20553957588240035, 0.09721236377099718, 0.048045171715284773, 0.028215874709604627, 0.07077965077142334, 0.05980447408435907, 0.05058130151873552, 0.014155930154284669, 0.050290398396370506, 21.612006490582115, 4.533963085247293, 4.533963085247293, 4.533963085247293, 4.385502881019111, 12.632778043989125, 5.329536679867145, 5.2410025551344175, 4.591995018554097, 2.16506082820179, 1.0991534922283608, 0.3277144580690192, 0.09962141844551758, 0.03206439418590734, 0.026210218421022585, 0.0213942440653535, 0.1239763399460164, 0.06003286391459106, 0.029651758191513278, 0.04500983391086133, 0.050749851262548495, 0.34371021040789623, 0.09548293336140412, 0.5156393174461497, 0.7047055288976897, 3.5668252301836287, 6.830283388475992, 12.119339346307875, 12.638096268643459, 6.5038601742283815, 5.137803496533183, 2.789421598289569, 1.5051937397275026, 0.31589872331099117, 0.36012537194749966, 0.8344350097925641, 0.8863771300149139, 1.3107887700260221, 0.3441624279614956, 5.736532450545742, 8.261272637779093, 13.460615279731124, 6.683831531891457, 5.756933592818013, 4.104679065262195, 1.4470239186607388, 0.25487646038047324, 0.06141149213495821, 0.22402851268213747, 0.15888835922687822, 0.112820236814, 0.185463331562985, 0.13989516444655448, 0.09115757349008224, 0.037092666312597, 0.06795747680884545, 0.021176392352019624, 0.017186464068038143, 0.07040484053803309, 0.09975902988509966, 0.024154230288311318, 0.09622173982447502, 0.07415517433655006, 0.39988276369782294, 5.232425135072376, 12.984061552599247, 6.387713026541903, 5.431015573488451, 5.181595340902636, 2.5847830303827863, 1.3072404250744056, 0.7970647944286597, 0.45403073694365403], maxlen=1000), tilt_threshold: 5.0
2025-03-02 17:38:31 - tilt_change: deque([0, 1.0921605354864212, 1.6953516577661212, 0.12645285983540688, 4.409744347192685, 12.005833048895347, 3.4137445162716147, 3.3884539443045343, 2.5065050748659967, 0.5769368029970561, 0.5769368029970561, 0.20553957588240035, 0.09721236377099718, 0.048045171715284773, 0.028215874709604627, 0.07077965077142334, 0.05980447408435907, 0.05058130151873552, 0.014155930154284669, 0.050290398396370506, 21.612006490582115, 4.533963085247293, 4.533963085247293, 4.533963085247293, 4.385502881019111, 12.632778043989125, 5.329536679867145, 5.2410025551344175, 4.591995018554097, 2.16506082820179, 1.0991534922283608, 0.3277144580690192, 0.09962141844551758, 0.03206439418590734, 0.026210218421022585, 0.0213942440653535, 0.1239763399460164, 0.06003286391459106, 0.029651758191513278, 0.04500983391086133, 0.050749851262548495, 0.34371021040789623, 0.09548293336140412, 0.5156393174461497, 0.7047055288976897, 3.5668252301836287, 6.830283388475992, 12.119339346307875, 12.638096268643459, 6.5038601742283815, 5.137803496533183, 2.789421598289569, 1.5051937397275026, 0.31589872331099117, 0.36012537194749966, 0.8344350097925641, 0.8863771300149139, 1.3107887700260221, 0.3441624279614956, 5.736532450545742, 8.261272637779093, 13.460615279731124, 6.683831531891457, 5.756933592818013, 4.104679065262195, 1.4470239186607388, 0.25487646038047324, 0.06141149213495821, 0.22402851268213747, 0.15888835922687822, 0.112820236814, 0.185463331562985, 0.13989516444655448, 0.09115757349008224, 0.037092666312597, 0.06795747680884545, 0.021176392352019624, 0.017186464068038143, 0.07040484053803309, 0.09975902988509966, 0.024154230288311318, 0.09622173982447502, 0.07415517433655006, 0.39988276369782294, 5.232425135072376, 12.984061552599247, 6.387713026541903, 5.431015573488451, 5.181595340902636, 2.5847830303827863, 1.3072404250744056, 0.7970647944286597, 0.45403073694365403], maxlen=1000), tilt_threshold: 5.0
2025-03-02 17:38:31 - tilt_change: deque([0, 1.0921605354864212, 1.6953516577661212, 0.12645285983540688, 4.409744347192685, 12.005833048895347, 3.4137445162716147, 3.3884539443045343, 2.5065050748659967, 0.5769368029970561, 0.5769368029970561, 0.20553957588240035, 0.09721236377099718, 0.048045171715284773, 0.028215874709604627, 0.07077965077142334, 0.05980447408435907, 0.05058130151873552, 0.014155930154284669, 0.050290398396370506, 21.612006490582115, 4.533963085247293, 4.533963085247293, 4.533963085247293, 4.385502881019111, 12.632778043989125, 5.329536679867145, 5.2410025551344175, 4.591995018554097, 2.16506082820179, 1.0991534922283608, 0.3277144580690192, 0.09962141844551758, 0.03206439418590734, 0.026210218421022585, 0.0213942440653535, 0.1239763399460164, 0.06003286391459106, 0.029651758191513278, 0.04500983391086133, 0.050749851262548495, 0.34371021040789623, 0.09548293336140412, 0.5156393174461497, 0.7047055288976897, 3.5668252301836287, 6.830283388475992, 12.119339346307875, 12.638096268643459, 6.5038601742283815, 5.137803496533183, 2.789421598289569, 1.5051937397275026, 0.31589872331099117, 0.36012537194749966, 0.8344350097925641, 0.8863771300149139, 1.3107887700260221, 0.3441624279614956, 5.736532450545742, 8.261272637779093, 13.460615279731124, 6.683831531891457, 5.756933592818013, 4.104679065262195, 1.4470239186607388, 0.25487646038047324, 0.06141149213495821, 0.22402851268213747, 0.15888835922687822, 0.112820236814, 0.185463331562985, 0.13989516444655448, 0.09115757349008224, 0.037092666312597, 0.06795747680884545, 0.021176392352019624, 0.017186464068038143, 0.07040484053803309, 0.09975902988509966, 0.024154230288311318, 0.09622173982447502, 0.07415517433655006, 0.39988276369782294, 5.232425135072376, 12.984061552599247, 6.387713026541903, 5.431015573488451, 5.181595340902636, 2.5847830303827863, 1.3072404250744056, 0.7970647944286597, 0.45403073694365403], maxlen=1000), tilt_threshold: 5.0
2025-03-02 17:38:31 - tilt_change: deque([0, 1.0921605354864212, 1.6953516577661212, 0.12645285983540688, 4.409744347192685, 12.005833048895347, 3.4137445162716147, 3.3884539443045343, 2.5065050748659967, 0.5769368029970561, 0.5769368029970561, 0.20553957588240035, 0.09721236377099718, 0.048045171715284773, 0.028215874709604627, 0.07077965077142334, 0.05980447408435907, 0.05058130151873552, 0.014155930154284669, 0.050290398396370506, 21.612006490582115, 4.533963085247293, 4.533963085247293, 4.533963085247293, 4.385502881019111, 12.632778043989125, 5.329536679867145, 5.2410025551344175, 4.591995018554097, 2.16506082820179, 1.0991534922283608, 0.3277144580690192, 0.09962141844551758, 0.03206439418590734, 0.026210218421022585, 0.0213942440653535, 0.1239763399460164, 0.06003286391459106, 0.029651758191513278, 0.04500983391086133, 0.050749851262548495, 0.34371021040789623, 0.09548293336140412, 0.5156393174461497, 0.7047055288976897, 3.5668252301836287, 6.830283388475992, 12.119339346307875, 12.638096268643459, 6.5038601742283815, 5.137803496533183, 2.789421598289569, 1.5051937397275026, 0.31589872331099117, 0.36012537194749966, 0.8344350097925641, 0.8863771300149139, 1.3107887700260221, 0.3441624279614956, 5.736532450545742, 8.261272637779093, 13.460615279731124, 6.683831531891457, 5.756933592818013, 4.104679065262195, 1.4470239186607388, 0.25487646038047324, 0.06141149213495821, 0.22402851268213747, 0.15888835922687822, 0.112820236814, 0.185463331562985, 0.13989516444655448, 0.09115757349008224, 0.037092666312597, 0.06795747680884545, 0.021176392352019624, 0.017186464068038143, 0.07040484053803309, 0.09975902988509966, 0.024154230288311318, 0.09622173982447502, 0.07415517433655006, 0.39988276369782294, 5.232425135072376, 12.984061552599247, 6.387713026541903, 5.431015573488451, 5.181595340902636, 2.5847830303827863, 1.3072404250744056, 0.7970647944286597, 0.45403073694365403], maxlen=1000), tilt_threshold: 5.0
2025-03-02 17:38:31 - tilt_change: deque([0, 1.0921605354864212, 1.6953516577661212, 0.12645285983540688, 4.409744347192685, 12.005833048895347, 3.4137445162716147, 3.3884539443045343, 2.5065050748659967, 0.5769368029970561, 0.5769368029970561, 0.20553957588240035, 0.09721236377099718, 0.048045171715284773, 0.028215874709604627, 0.07077965077142334, 0.05980447408435907, 0.05058130151873552, 0.014155930154284669, 0.050290398396370506, 21.612006490582115, 4.533963085247293, 4.533963085247293, 4.533963085247293, 4.385502881019111, 12.632778043989125, 5.329536679867145, 5.2410025551344175, 4.591995018554097, 2.16506082820179, 1.0991534922283608, 0.3277144580690192, 0.09962141844551758, 0.03206439418590734, 0.026210218421022585, 0.0213942440653535, 0.1239763399460164, 0.06003286391459106, 0.029651758191513278, 0.04500983391086133, 0.050749851262548495, 0.34371021040789623, 0.09548293336140412, 0.5156393174461497, 0.7047055288976897, 3.5668252301836287, 6.830283388475992, 12.119339346307875, 12.638096268643459, 6.5038601742283815, 5.137803496533183, 2.789421598289569, 1.5051937397275026, 0.31589872331099117, 0.36012537194749966, 0.8344350097925641, 0.8863771300149139, 1.3107887700260221, 0.3441624279614956, 5.736532450545742, 8.261272637779093, 13.460615279731124, 6.683831531891457, 5.756933592818013, 4.104679065262195, 1.4470239186607388, 0.25487646038047324, 0.06141149213495821, 0.22402851268213747, 0.15888835922687822, 0.112820236814, 0.185463331562985, 0.13989516444655448, 0.09115757349008224, 0.037092666312597, 0.06795747680884545, 0.021176392352019624, 0.017186464068038143, 0.07040484053803309, 0.09975902988509966, 0.024154230288311318, 0.09622173982447502, 0.07415517433655006, 0.39988276369782294, 5.232425135072376, 12.984061552599247, 6.387713026541903, 5.431015573488451, 5.181595340902636, 2.5847830303827863, 1.3072404250744056, 0.7970647944286597, 0.45403073694365403], maxlen=1000), tilt_threshold: 5.0
2025-03-02 17:38:31 - tilt_change: deque([0, 1.0921605354864212, 1.6953516577661212, 0.12645285983540688, 4.409744347192685, 12.005833048895347, 3.4137445162716147, 3.3884539443045343, 2.5065050748659967, 0.5769368029970561, 0.5769368029970561, 0.20553957588240035, 0.09721236377099718, 0.048045171715284773, 0.028215874709604627, 0.07077965077142334, 0.05980447408435907, 0.05058130151873552, 0.014155930154284669, 0.050290398396370506, 21.612006490582115, 4.533963085247293, 4.533963085247293, 4.533963085247293, 4.385502881019111, 12.632778043989125, 5.329536679867145, 5.2410025551344175, 4.591995018554097, 2.16506082820179, 1.0991534922283608, 0.3277144580690192, 0.09962141844551758, 0.03206439418590734, 0.026210218421022585, 0.0213942440653535, 0.1239763399460164, 0.06003286391459106, 0.029651758191513278, 0.04500983391086133, 0.050749851262548495, 0.34371021040789623, 0.09548293336140412, 0.5156393174461497, 0.7047055288976897, 3.5668252301836287, 6.830283388475992, 12.119339346307875, 12.638096268643459, 6.5038601742283815, 5.137803496533183, 2.789421598289569, 1.5051937397275026, 0.31589872331099117, 0.36012537194749966, 0.8344350097925641, 0.8863771300149139, 1.3107887700260221, 0.3441624279614956, 5.736532450545742, 8.261272637779093, 13.460615279731124, 6.683831531891457, 5.756933592818013, 4.104679065262195, 1.4470239186607388, 0.25487646038047324, 0.06141149213495821, 0.22402851268213747, 0.15888835922687822, 0.112820236814, 0.185463331562985, 0.13989516444655448, 0.09115757349008224, 0.037092666312597, 0.06795747680884545, 0.021176392352019624, 0.017186464068038143, 0.07040484053803309, 0.09975902988509966, 0.024154230288311318, 0.09622173982447502, 0.07415517433655006, 0.39988276369782294, 5.232425135072376, 12.984061552599247, 6.387713026541903, 5.431015573488451, 5.181595340902636, 2.5847830303827863, 1.3072404250744056, 0.7970647944286597, 0.45403073694365403], maxlen=1000), tilt_threshold: 5.0
2025-03-02 17:38:31 - tilt_change: deque([0, 1.0921605354864212, 1.6953516577661212, 0.12645285983540688, 4.409744347192685, 12.005833048895347, 3.4137445162716147, 3.3884539443045343, 2.5065050748659967, 0.5769368029970561, 0.5769368029970561, 0.20553957588240035, 0.09721236377099718, 0.048045171715284773, 0.028215874709604627, 0.07077965077142334, 0.05980447408435907, 0.05058130151873552, 0.014155930154284669, 0.050290398396370506, 21.612006490582115, 4.533963085247293, 4.533963085247293, 4.533963085247293, 4.385502881019111, 12.632778043989125, 5.329536679867145, 5.2410025551344175, 4.591995018554097, 2.16506082820179, 1.0991534922283608, 0.3277144580690192, 0.09962141844551758, 0.03206439418590734, 0.026210218421022585, 0.0213942440653535, 0.1239763399460164, 0.06003286391459106, 0.029651758191513278, 0.04500983391086133, 0.050749851262548495, 0.34371021040789623, 0.09548293336140412, 0.5156393174461497, 0.7047055288976897, 3.5668252301836287, 6.830283388475992, 12.119339346307875, 12.638096268643459, 6.5038601742283815, 5.137803496533183, 2.789421598289569, 1.5051937397275026, 0.31589872331099117, 0.36012537194749966, 0.8344350097925641, 0.8863771300149139, 1.3107887700260221, 0.3441624279614956, 5.736532450545742, 8.261272637779093, 13.460615279731124, 6.683831531891457, 5.756933592818013, 4.104679065262195, 1.4470239186607388, 0.25487646038047324, 0.06141149213495821, 0.22402851268213747, 0.15888835922687822, 0.112820236814, 0.185463331562985, 0.13989516444655448, 0.09115757349008224, 0.037092666312597, 0.06795747680884545, 0.021176392352019624, 0.017186464068038143, 0.07040484053803309, 0.09975902988509966, 0.024154230288311318, 0.09622173982447502, 0.07415517433655006, 0.39988276369782294, 5.232425135072376, 12.984061552599247, 6.387713026541903, 5.431015573488451, 5.181595340902636, 2.5847830303827863, 1.3072404250744056, 0.7970647944286597, 0.45403073694365403], maxlen=1000), tilt_threshold: 5.0
2025-03-02 17:38:31 - tilt_change: deque([0, 1.0921605354864212, 1.6953516577661212, 0.12645285983540688, 4.409744347192685, 12.005833048895347, 3.4137445162716147, 3.3884539443045343, 2.5065050748659967, 0.5769368029970561, 0.5769368029970561, 0.20553957588240035, 0.09721236377099718, 0.048045171715284773, 0.028215874709604627, 0.07077965077142334, 0.05980447408435907, 0.05058130151873552, 0.014155930154284669, 0.050290398396370506, 21.612006490582115, 4.533963085247293, 4.533963085247293, 4.533963085247293, 4.385502881019111, 12.632778043989125, 5.329536679867145, 5.2410025551344175, 4.591995018554097, 2.16506082820179, 1.0991534922283608, 0.3277144580690192, 0.09962141844551758, 0.03206439418590734, 0.026210218421022585, 0.0213942440653535, 0.1239763399460164, 0.06003286391459106, 0.029651758191513278, 0.04500983391086133, 0.050749851262548495, 0.34371021040789623, 0.09548293336140412, 0.5156393174461497, 0.7047055288976897, 3.5668252301836287, 6.830283388475992, 12.119339346307875, 12.638096268643459, 6.5038601742283815, 5.137803496533183, 2.789421598289569, 1.5051937397275026, 0.31589872331099117, 0.36012537194749966, 0.8344350097925641, 0.8863771300149139, 1.3107887700260221, 0.3441624279614956, 5.736532450545742, 8.261272637779093, 13.460615279731124, 6.683831531891457, 5.756933592818013, 4.104679065262195, 1.4470239186607388, 0.25487646038047324, 0.06141149213495821, 0.22402851268213747, 0.15888835922687822, 0.112820236814, 0.185463331562985, 0.13989516444655448, 0.09115757349008224, 0.037092666312597, 0.06795747680884545, 0.021176392352019624, 0.017186464068038143, 0.07040484053803309, 0.09975902988509966, 0.024154230288311318, 0.09622173982447502, 0.07415517433655006, 0.39988276369782294, 5.232425135072376, 12.984061552599247, 6.387713026541903, 5.431015573488451, 5.181595340902636, 2.5847830303827863, 1.3072404250744056, 0.7970647944286597, 0.45403073694365403], maxlen=1000), tilt_threshold: 5.0
2025-03-02 17:38:31 - tilt_change: deque([0, 1.0921605354864212, 1.6953516577661212, 0.12645285983540688, 4.409744347192685, 12.005833048895347, 3.4137445162716147, 3.3884539443045343, 2.5065050748659967, 0.5769368029970561, 0.5769368029970561, 0.20553957588240035, 0.09721236377099718, 0.048045171715284773, 0.028215874709604627, 0.07077965077142334, 0.05980447408435907, 0.05058130151873552, 0.014155930154284669, 0.050290398396370506, 21.612006490582115, 4.533963085247293, 4.533963085247293, 4.533963085247293, 4.385502881019111, 12.632778043989125, 5.329536679867145, 5.2410025551344175, 4.591995018554097, 2.16506082820179, 1.0991534922283608, 0.3277144580690192, 0.09962141844551758, 0.03206439418590734, 0.026210218421022585, 0.0213942440653535, 0.1239763399460164, 0.06003286391459106, 0.029651758191513278, 0.04500983391086133, 0.050749851262548495, 0.34371021040789623, 0.09548293336140412, 0.5156393174461497, 0.7047055288976897, 3.5668252301836287, 6.830283388475992, 12.119339346307875, 12.638096268643459, 6.5038601742283815, 5.137803496533183, 2.789421598289569, 1.5051937397275026, 0.31589872331099117, 0.36012537194749966, 0.8344350097925641, 0.8863771300149139, 1.3107887700260221, 0.3441624279614956, 5.736532450545742, 8.261272637779093, 13.460615279731124, 6.683831531891457, 5.756933592818013, 4.104679065262195, 1.4470239186607388, 0.25487646038047324, 0.06141149213495821, 0.22402851268213747, 0.15888835922687822, 0.112820236814, 0.185463331562985, 0.13989516444655448, 0.09115757349008224, 0.037092666312597, 0.06795747680884545, 0.021176392352019624, 0.017186464068038143, 0.07040484053803309, 0.09975902988509966, 0.024154230288311318, 0.09622173982447502, 0.07415517433655006, 0.39988276369782294, 5.232425135072376, 12.984061552599247, 6.387713026541903, 5.431015573488451, 5.181595340902636, 2.5847830303827863, 1.3072404250744056, 0.7970647944286597, 0.45403073694365403], maxlen=1000), tilt_threshold: 5.0
2025-03-02 17:38:31 - tilt_change: deque([0, 1.0921605354864212, 1.6953516577661212, 0.12645285983540688, 4.409744347192685, 12.005833048895347, 3.4137445162716147, 3.3884539443045343, 2.5065050748659967, 0.5769368029970561, 0.5769368029970561, 0.20553957588240035, 0.09721236377099718, 0.048045171715284773, 0.028215874709604627, 0.07077965077142334, 0.05980447408435907, 0.05058130151873552, 0.014155930154284669, 0.050290398396370506, 21.612006490582115, 4.533963085247293, 4.533963085247293, 4.533963085247293, 4.385502881019111, 12.632778043989125, 5.329536679867145, 5.2410025551344175, 4.591995018554097, 2.16506082820179, 1.0991534922283608, 0.3277144580690192, 0.09962141844551758, 0.03206439418590734, 0.026210218421022585, 0.0213942440653535, 0.1239763399460164, 0.06003286391459106, 0.029651758191513278, 0.04500983391086133, 0.050749851262548495, 0.34371021040789623, 0.09548293336140412, 0.5156393174461497, 0.7047055288976897, 3.5668252301836287, 6.830283388475992, 12.119339346307875, 12.638096268643459, 6.5038601742283815, 5.137803496533183, 2.789421598289569, 1.5051937397275026, 0.31589872331099117, 0.36012537194749966, 0.8344350097925641, 0.8863771300149139, 1.3107887700260221, 0.3441624279614956, 5.736532450545742, 8.261272637779093, 13.460615279731124, 6.683831531891457, 5.756933592818013, 4.104679065262195, 1.4470239186607388, 0.25487646038047324, 0.06141149213495821, 0.22402851268213747, 0.15888835922687822, 0.112820236814, 0.185463331562985, 0.13989516444655448, 0.09115757349008224, 0.037092666312597, 0.06795747680884545, 0.021176392352019624, 0.017186464068038143, 0.07040484053803309, 0.09975902988509966, 0.024154230288311318, 0.09622173982447502, 0.07415517433655006, 0.39988276369782294, 5.232425135072376, 12.984061552599247, 6.387713026541903, 5.431015573488451, 5.181595340902636, 2.5847830303827863, 1.3072404250744056, 0.7970647944286597, 0.45403073694365403], maxlen=1000), tilt_threshold: 5.0
2025-03-02 17:38:31 - tilt_change: deque([0, 1.0921605354864212, 1.6953516577661212, 0.12645285983540688, 4.409744347192685, 12.005833048895347, 3.4137445162716147, 3.3884539443045343, 2.5065050748659967, 0.5769368029970561, 0.5769368029970561, 0.20553957588240035, 0.09721236377099718, 0.048045171715284773, 0.028215874709604627, 0.07077965077142334, 0.05980447408435907, 0.05058130151873552, 0.014155930154284669, 0.050290398396370506, 21.612006490582115, 4.533963085247293, 4.533963085247293, 4.533963085247293, 4.385502881019111, 12.632778043989125, 5.329536679867145, 5.2410025551344175, 4.591995018554097, 2.16506082820179, 1.0991534922283608, 0.3277144580690192, 0.09962141844551758, 0.03206439418590734, 0.026210218421022585, 0.0213942440653535, 0.1239763399460164, 0.06003286391459106, 0.029651758191513278, 0.04500983391086133, 0.050749851262548495, 0.34371021040789623, 0.09548293336140412, 0.5156393174461497, 0.7047055288976897, 3.5668252301836287, 6.830283388475992, 12.119339346307875, 12.638096268643459, 6.5038601742283815, 5.137803496533183, 2.789421598289569, 1.5051937397275026, 0.31589872331099117, 0.36012537194749966, 0.8344350097925641, 0.8863771300149139, 1.3107887700260221, 0.3441624279614956, 5.736532450545742, 8.261272637779093, 13.460615279731124, 6.683831531891457, 5.756933592818013, 4.104679065262195, 1.4470239186607388, 0.25487646038047324, 0.06141149213495821, 0.22402851268213747, 0.15888835922687822, 0.112820236814, 0.185463331562985, 0.13989516444655448, 0.09115757349008224, 0.037092666312597, 0.06795747680884545, 0.021176392352019624, 0.017186464068038143, 0.07040484053803309, 0.09975902988509966, 0.024154230288311318, 0.09622173982447502, 0.07415517433655006, 0.39988276369782294, 5.232425135072376, 12.984061552599247, 6.387713026541903, 5.431015573488451, 5.181595340902636, 2.5847830303827863, 1.3072404250744056, 0.7970647944286597, 0.45403073694365403], maxlen=1000), tilt_threshold: 5.0
2025-03-02 17:38:31 - tilt_change: deque([0, 1.0921605354864212, 1.6953516577661212, 0.12645285983540688, 4.409744347192685, 12.005833048895347, 3.4137445162716147, 3.3884539443045343, 2.5065050748659967, 0.5769368029970561, 0.5769368029970561, 0.20553957588240035, 0.09721236377099718, 0.048045171715284773, 0.028215874709604627, 0.07077965077142334, 0.05980447408435907, 0.05058130151873552, 0.014155930154284669, 0.050290398396370506, 21.612006490582115, 4.533963085247293, 4.533963085247293, 4.533963085247293, 4.385502881019111, 12.632778043989125, 5.329536679867145, 5.2410025551344175, 4.591995018554097, 2.16506082820179, 1.0991534922283608, 0.3277144580690192, 0.09962141844551758, 0.03206439418590734, 0.026210218421022585, 0.0213942440653535, 0.1239763399460164, 0.06003286391459106, 0.029651758191513278, 0.04500983391086133, 0.050749851262548495, 0.34371021040789623, 0.09548293336140412, 0.5156393174461497, 0.7047055288976897, 3.5668252301836287, 6.830283388475992, 12.119339346307875, 12.638096268643459, 6.5038601742283815, 5.137803496533183, 2.789421598289569, 1.5051937397275026, 0.31589872331099117, 0.36012537194749966, 0.8344350097925641, 0.8863771300149139, 1.3107887700260221, 0.3441624279614956, 5.736532450545742, 8.261272637779093, 13.460615279731124, 6.683831531891457, 5.756933592818013, 4.104679065262195, 1.4470239186607388, 0.25487646038047324, 0.06141149213495821, 0.22402851268213747, 0.15888835922687822, 0.112820236814, 0.185463331562985, 0.13989516444655448, 0.09115757349008224, 0.037092666312597, 0.06795747680884545, 0.021176392352019624, 0.017186464068038143, 0.07040484053803309, 0.09975902988509966, 0.024154230288311318, 0.09622173982447502, 0.07415517433655006, 0.39988276369782294, 5.232425135072376, 12.984061552599247, 6.387713026541903, 5.431015573488451, 5.181595340902636, 2.5847830303827863, 1.3072404250744056, 0.7970647944286597, 0.45403073694365403], maxlen=1000), tilt_threshold: 5.0
2025-03-02 17:38:31 - tilt_change: deque([0, 1.0921605354864212, 1.6953516577661212, 0.12645285983540688, 4.409744347192685, 12.005833048895347, 3.4137445162716147, 3.3884539443045343, 2.5065050748659967, 0.5769368029970561, 0.5769368029970561, 0.20553957588240035, 0.09721236377099718, 0.048045171715284773, 0.028215874709604627, 0.07077965077142334, 0.05980447408435907, 0.05058130151873552, 0.014155930154284669, 0.050290398396370506, 21.612006490582115, 4.533963085247293, 4.533963085247293, 4.533963085247293, 4.385502881019111, 12.632778043989125, 5.329536679867145, 5.2410025551344175, 4.591995018554097, 2.16506082820179, 1.0991534922283608, 0.3277144580690192, 0.09962141844551758, 0.03206439418590734, 0.026210218421022585, 0.0213942440653535, 0.1239763399460164, 0.06003286391459106, 0.029651758191513278, 0.04500983391086133, 0.050749851262548495, 0.34371021040789623, 0.09548293336140412, 0.5156393174461497, 0.7047055288976897, 3.5668252301836287, 6.830283388475992, 12.119339346307875, 12.638096268643459, 6.5038601742283815, 5.137803496533183, 2.789421598289569, 1.5051937397275026, 0.31589872331099117, 0.36012537194749966, 0.8344350097925641, 0.8863771300149139, 1.3107887700260221, 0.3441624279614956, 5.736532450545742, 8.261272637779093, 13.460615279731124, 6.683831531891457, 5.756933592818013, 4.104679065262195, 1.4470239186607388, 0.25487646038047324, 0.06141149213495821, 0.22402851268213747, 0.15888835922687822, 0.112820236814, 0.185463331562985, 0.13989516444655448, 0.09115757349008224, 0.037092666312597, 0.06795747680884545, 0.021176392352019624, 0.017186464068038143, 0.07040484053803309, 0.09975902988509966, 0.024154230288311318, 0.09622173982447502, 0.07415517433655006, 0.39988276369782294, 5.232425135072376, 12.984061552599247, 6.387713026541903, 5.431015573488451, 5.181595340902636, 2.5847830303827863, 1.3072404250744056, 0.7970647944286597, 0.45403073694365403], maxlen=1000), tilt_threshold: 5.0
2025-03-02 17:38:31 - tilt_change: deque([0, 1.0921605354864212, 1.6953516577661212, 0.12645285983540688, 4.409744347192685, 12.005833048895347, 3.4137445162716147, 3.3884539443045343, 2.5065050748659967, 0.5769368029970561, 0.5769368029970561, 0.20553957588240035, 0.09721236377099718, 0.048045171715284773, 0.028215874709604627, 0.07077965077142334, 0.05980447408435907, 0.05058130151873552, 0.014155930154284669, 0.050290398396370506, 21.612006490582115, 4.533963085247293, 4.533963085247293, 4.533963085247293, 4.385502881019111, 12.632778043989125, 5.329536679867145, 5.2410025551344175, 4.591995018554097, 2.16506082820179, 1.0991534922283608, 0.3277144580690192, 0.09962141844551758, 0.03206439418590734, 0.026210218421022585, 0.0213942440653535, 0.1239763399460164, 0.06003286391459106, 0.029651758191513278, 0.04500983391086133, 0.050749851262548495, 0.34371021040789623, 0.09548293336140412, 0.5156393174461497, 0.7047055288976897, 3.5668252301836287, 6.830283388475992, 12.119339346307875, 12.638096268643459, 6.5038601742283815, 5.137803496533183, 2.789421598289569, 1.5051937397275026, 0.31589872331099117, 0.36012537194749966, 0.8344350097925641, 0.8863771300149139, 1.3107887700260221, 0.3441624279614956, 5.736532450545742, 8.261272637779093, 13.460615279731124, 6.683831531891457, 5.756933592818013, 4.104679065262195, 1.4470239186607388, 0.25487646038047324, 0.06141149213495821, 0.22402851268213747, 0.15888835922687822, 0.112820236814, 0.185463331562985, 0.13989516444655448, 0.09115757349008224, 0.037092666312597, 0.06795747680884545, 0.021176392352019624, 0.017186464068038143, 0.07040484053803309, 0.09975902988509966, 0.024154230288311318, 0.09622173982447502, 0.07415517433655006, 0.39988276369782294, 5.232425135072376, 12.984061552599247, 6.387713026541903, 5.431015573488451, 5.181595340902636, 2.5847830303827863, 1.3072404250744056, 0.7970647944286597, 0.45403073694365403], maxlen=1000), tilt_threshold: 5.0
2025-03-02 17:38:31 - tilt_change: deque([0, 1.0921605354864212, 1.6953516577661212, 0.12645285983540688, 4.409744347192685, 12.005833048895347, 3.4137445162716147, 3.3884539443045343, 2.5065050748659967, 0.5769368029970561, 0.5769368029970561, 0.20553957588240035, 0.09721236377099718, 0.048045171715284773, 0.028215874709604627, 0.07077965077142334, 0.05980447408435907, 0.05058130151873552, 0.014155930154284669, 0.050290398396370506, 21.612006490582115, 4.533963085247293, 4.533963085247293, 4.533963085247293, 4.385502881019111, 12.632778043989125, 5.329536679867145, 5.2410025551344175, 4.591995018554097, 2.16506082820179, 1.0991534922283608, 0.3277144580690192, 0.09962141844551758, 0.03206439418590734, 0.026210218421022585, 0.0213942440653535, 0.1239763399460164, 0.06003286391459106, 0.029651758191513278, 0.04500983391086133, 0.050749851262548495, 0.34371021040789623, 0.09548293336140412, 0.5156393174461497, 0.7047055288976897, 3.5668252301836287, 6.830283388475992, 12.119339346307875, 12.638096268643459, 6.5038601742283815, 5.137803496533183, 2.789421598289569, 1.5051937397275026, 0.31589872331099117, 0.36012537194749966, 0.8344350097925641, 0.8863771300149139, 1.3107887700260221, 0.3441624279614956, 5.736532450545742, 8.261272637779093, 13.460615279731124, 6.683831531891457, 5.756933592818013, 4.104679065262195, 1.4470239186607388, 0.25487646038047324, 0.06141149213495821, 0.22402851268213747, 0.15888835922687822, 0.112820236814, 0.185463331562985, 0.13989516444655448, 0.09115757349008224, 0.037092666312597, 0.06795747680884545, 0.021176392352019624, 0.017186464068038143, 0.07040484053803309, 0.09975902988509966, 0.024154230288311318, 0.09622173982447502, 0.07415517433655006, 0.39988276369782294, 5.232425135072376, 12.984061552599247, 6.387713026541903, 5.431015573488451, 5.181595340902636, 2.5847830303827863, 1.3072404250744056, 0.7970647944286597, 0.45403073694365403], maxlen=1000), tilt_threshold: 5.0
2025-03-02 17:38:31 - tilt_change: deque([0, 1.0921605354864212, 1.6953516577661212, 0.12645285983540688, 4.409744347192685, 12.005833048895347, 3.4137445162716147, 3.3884539443045343, 2.5065050748659967, 0.5769368029970561, 0.5769368029970561, 0.20553957588240035, 0.09721236377099718, 0.048045171715284773, 0.028215874709604627, 0.07077965077142334, 0.05980447408435907, 0.05058130151873552, 0.014155930154284669, 0.050290398396370506, 21.612006490582115, 4.533963085247293, 4.533963085247293, 4.533963085247293, 4.385502881019111, 12.632778043989125, 5.329536679867145, 5.2410025551344175, 4.591995018554097, 2.16506082820179, 1.0991534922283608, 0.3277144580690192, 0.09962141844551758, 0.03206439418590734, 0.026210218421022585, 0.0213942440653535, 0.1239763399460164, 0.06003286391459106, 0.029651758191513278, 0.04500983391086133, 0.050749851262548495, 0.34371021040789623, 0.09548293336140412, 0.5156393174461497, 0.7047055288976897, 3.5668252301836287, 6.830283388475992, 12.119339346307875, 12.638096268643459, 6.5038601742283815, 5.137803496533183, 2.789421598289569, 1.5051937397275026, 0.31589872331099117, 0.36012537194749966, 0.8344350097925641, 0.8863771300149139, 1.3107887700260221, 0.3441624279614956, 5.736532450545742, 8.261272637779093, 13.460615279731124, 6.683831531891457, 5.756933592818013, 4.104679065262195, 1.4470239186607388, 0.25487646038047324, 0.06141149213495821, 0.22402851268213747, 0.15888835922687822, 0.112820236814, 0.185463331562985, 0.13989516444655448, 0.09115757349008224, 0.037092666312597, 0.06795747680884545, 0.021176392352019624, 0.017186464068038143, 0.07040484053803309, 0.09975902988509966, 0.024154230288311318, 0.09622173982447502, 0.07415517433655006, 0.39988276369782294, 5.232425135072376, 12.984061552599247, 6.387713026541903, 5.431015573488451, 5.181595340902636, 2.5847830303827863, 1.3072404250744056, 0.7970647944286597, 0.45403073694365403], maxlen=1000), tilt_threshold: 5.0
2025-03-02 17:38:31 - tilt_change: deque([0, 1.0921605354864212, 1.6953516577661212, 0.12645285983540688, 4.409744347192685, 12.005833048895347, 3.4137445162716147, 3.3884539443045343, 2.5065050748659967, 0.5769368029970561, 0.5769368029970561, 0.20553957588240035, 0.09721236377099718, 0.048045171715284773, 0.028215874709604627, 0.07077965077142334, 0.05980447408435907, 0.05058130151873552, 0.014155930154284669, 0.050290398396370506, 21.612006490582115, 4.533963085247293, 4.533963085247293, 4.533963085247293, 4.385502881019111, 12.632778043989125, 5.329536679867145, 5.2410025551344175, 4.591995018554097, 2.16506082820179, 1.0991534922283608, 0.3277144580690192, 0.09962141844551758, 0.03206439418590734, 0.026210218421022585, 0.0213942440653535, 0.1239763399460164, 0.06003286391459106, 0.029651758191513278, 0.04500983391086133, 0.050749851262548495, 0.34371021040789623, 0.09548293336140412, 0.5156393174461497, 0.7047055288976897, 3.5668252301836287, 6.830283388475992, 12.119339346307875, 12.638096268643459, 6.5038601742283815, 5.137803496533183, 2.789421598289569, 1.5051937397275026, 0.31589872331099117, 0.36012537194749966, 0.8344350097925641, 0.8863771300149139, 1.3107887700260221, 0.3441624279614956, 5.736532450545742, 8.261272637779093, 13.460615279731124, 6.683831531891457, 5.756933592818013, 4.104679065262195, 1.4470239186607388, 0.25487646038047324, 0.06141149213495821, 0.22402851268213747, 0.15888835922687822, 0.112820236814, 0.185463331562985, 0.13989516444655448, 0.09115757349008224, 0.037092666312597, 0.06795747680884545, 0.021176392352019624, 0.017186464068038143, 0.07040484053803309, 0.09975902988509966, 0.024154230288311318, 0.09622173982447502, 0.07415517433655006, 0.39988276369782294, 5.232425135072376, 12.984061552599247, 6.387713026541903, 5.431015573488451, 5.181595340902636, 2.5847830303827863, 1.3072404250744056, 0.7970647944286597, 0.45403073694365403], maxlen=1000), tilt_threshold: 5.0
2025-03-02 17:38:31 - tilt_change: deque([0, 1.0921605354864212, 1.6953516577661212, 0.12645285983540688, 4.409744347192685, 12.005833048895347, 3.4137445162716147, 3.3884539443045343, 2.5065050748659967, 0.5769368029970561, 0.5769368029970561, 0.20553957588240035, 0.09721236377099718, 0.048045171715284773, 0.028215874709604627, 0.07077965077142334, 0.05980447408435907, 0.05058130151873552, 0.014155930154284669, 0.050290398396370506, 21.612006490582115, 4.533963085247293, 4.533963085247293, 4.533963085247293, 4.385502881019111, 12.632778043989125, 5.329536679867145, 5.2410025551344175, 4.591995018554097, 2.16506082820179, 1.0991534922283608, 0.3277144580690192, 0.09962141844551758, 0.03206439418590734, 0.026210218421022585, 0.0213942440653535, 0.1239763399460164, 0.06003286391459106, 0.029651758191513278, 0.04500983391086133, 0.050749851262548495, 0.34371021040789623, 0.09548293336140412, 0.5156393174461497, 0.7047055288976897, 3.5668252301836287, 6.830283388475992, 12.119339346307875, 12.638096268643459, 6.5038601742283815, 5.137803496533183, 2.789421598289569, 1.5051937397275026, 0.31589872331099117, 0.36012537194749966, 0.8344350097925641, 0.8863771300149139, 1.3107887700260221, 0.3441624279614956, 5.736532450545742, 8.261272637779093, 13.460615279731124, 6.683831531891457, 5.756933592818013, 4.104679065262195, 1.4470239186607388, 0.25487646038047324, 0.06141149213495821, 0.22402851268213747, 0.15888835922687822, 0.112820236814, 0.185463331562985, 0.13989516444655448, 0.09115757349008224, 0.037092666312597, 0.06795747680884545, 0.021176392352019624, 0.017186464068038143, 0.07040484053803309, 0.09975902988509966, 0.024154230288311318, 0.09622173982447502, 0.07415517433655006, 0.39988276369782294, 5.232425135072376, 12.984061552599247, 6.387713026541903, 5.431015573488451, 5.181595340902636, 2.5847830303827863, 1.3072404250744056, 0.7970647944286597, 0.45403073694365403], maxlen=1000), tilt_threshold: 5.0
2025-03-02 17:38:31 - tilt_change: deque([0, 1.0921605354864212, 1.6953516577661212, 0.12645285983540688, 4.409744347192685, 12.005833048895347, 3.4137445162716147, 3.3884539443045343, 2.5065050748659967, 0.5769368029970561, 0.5769368029970561, 0.20553957588240035, 0.09721236377099718, 0.048045171715284773, 0.028215874709604627, 0.07077965077142334, 0.05980447408435907, 0.05058130151873552, 0.014155930154284669, 0.050290398396370506, 21.612006490582115, 4.533963085247293, 4.533963085247293, 4.533963085247293, 4.385502881019111, 12.632778043989125, 5.329536679867145, 5.2410025551344175, 4.591995018554097, 2.16506082820179, 1.0991534922283608, 0.3277144580690192, 0.09962141844551758, 0.03206439418590734, 0.026210218421022585, 0.0213942440653535, 0.1239763399460164, 0.06003286391459106, 0.029651758191513278, 0.04500983391086133, 0.050749851262548495, 0.34371021040789623, 0.09548293336140412, 0.5156393174461497, 0.7047055288976897, 3.5668252301836287, 6.830283388475992, 12.119339346307875, 12.638096268643459, 6.5038601742283815, 5.137803496533183, 2.789421598289569, 1.5051937397275026, 0.31589872331099117, 0.36012537194749966, 0.8344350097925641, 0.8863771300149139, 1.3107887700260221, 0.3441624279614956, 5.736532450545742, 8.261272637779093, 13.460615279731124, 6.683831531891457, 5.756933592818013, 4.104679065262195, 1.4470239186607388, 0.25487646038047324, 0.06141149213495821, 0.22402851268213747, 0.15888835922687822, 0.112820236814, 0.185463331562985, 0.13989516444655448, 0.09115757349008224, 0.037092666312597, 0.06795747680884545, 0.021176392352019624, 0.017186464068038143, 0.07040484053803309, 0.09975902988509966, 0.024154230288311318, 0.09622173982447502, 0.07415517433655006, 0.39988276369782294, 5.232425135072376, 12.984061552599247, 6.387713026541903, 5.431015573488451, 5.181595340902636, 2.5847830303827863, 1.3072404250744056, 0.7970647944286597, 0.45403073694365403], maxlen=1000), tilt_threshold: 5.0
2025-03-02 17:38:31 - tilt_change: deque([0, 1.0921605354864212, 1.6953516577661212, 0.12645285983540688, 4.409744347192685, 12.005833048895347, 3.4137445162716147, 3.3884539443045343, 2.5065050748659967, 0.5769368029970561, 0.5769368029970561, 0.20553957588240035, 0.09721236377099718, 0.048045171715284773, 0.028215874709604627, 0.07077965077142334, 0.05980447408435907, 0.05058130151873552, 0.014155930154284669, 0.050290398396370506, 21.612006490582115, 4.533963085247293, 4.533963085247293, 4.533963085247293, 4.385502881019111, 12.632778043989125, 5.329536679867145, 5.2410025551344175, 4.591995018554097, 2.16506082820179, 1.0991534922283608, 0.3277144580690192, 0.09962141844551758, 0.03206439418590734, 0.026210218421022585, 0.0213942440653535, 0.1239763399460164, 0.06003286391459106, 0.029651758191513278, 0.04500983391086133, 0.050749851262548495, 0.34371021040789623, 0.09548293336140412, 0.5156393174461497, 0.7047055288976897, 3.5668252301836287, 6.830283388475992, 12.119339346307875, 12.638096268643459, 6.5038601742283815, 5.137803496533183, 2.789421598289569, 1.5051937397275026, 0.31589872331099117, 0.36012537194749966, 0.8344350097925641, 0.8863771300149139, 1.3107887700260221, 0.3441624279614956, 5.736532450545742, 8.261272637779093, 13.460615279731124, 6.683831531891457, 5.756933592818013, 4.104679065262195, 1.4470239186607388, 0.25487646038047324, 0.06141149213495821, 0.22402851268213747, 0.15888835922687822, 0.112820236814, 0.185463331562985, 0.13989516444655448, 0.09115757349008224, 0.037092666312597, 0.06795747680884545, 0.021176392352019624, 0.017186464068038143, 0.07040484053803309, 0.09975902988509966, 0.024154230288311318, 0.09622173982447502, 0.07415517433655006, 0.39988276369782294, 5.232425135072376, 12.984061552599247, 6.387713026541903, 5.431015573488451, 5.181595340902636, 2.5847830303827863, 1.3072404250744056, 0.7970647944286597, 0.45403073694365403], maxlen=1000), tilt_threshold: 5.0
2025-03-02 17:38:31 - tilt_change: deque([0, 1.0921605354864212, 1.6953516577661212, 0.12645285983540688, 4.409744347192685, 12.005833048895347, 3.4137445162716147, 3.3884539443045343, 2.5065050748659967, 0.5769368029970561, 0.5769368029970561, 0.20553957588240035, 0.09721236377099718, 0.048045171715284773, 0.028215874709604627, 0.07077965077142334, 0.05980447408435907, 0.05058130151873552, 0.014155930154284669, 0.050290398396370506, 21.612006490582115, 4.533963085247293, 4.533963085247293, 4.533963085247293, 4.385502881019111, 12.632778043989125, 5.329536679867145, 5.2410025551344175, 4.591995018554097, 2.16506082820179, 1.0991534922283608, 0.3277144580690192, 0.09962141844551758, 0.03206439418590734, 0.026210218421022585, 0.0213942440653535, 0.1239763399460164, 0.06003286391459106, 0.029651758191513278, 0.04500983391086133, 0.050749851262548495, 0.34371021040789623, 0.09548293336140412, 0.5156393174461497, 0.7047055288976897, 3.5668252301836287, 6.830283388475992, 12.119339346307875, 12.638096268643459, 6.5038601742283815, 5.137803496533183, 2.789421598289569, 1.5051937397275026, 0.31589872331099117, 0.36012537194749966, 0.8344350097925641, 0.8863771300149139, 1.3107887700260221, 0.3441624279614956, 5.736532450545742, 8.261272637779093, 13.460615279731124, 6.683831531891457, 5.756933592818013, 4.104679065262195, 1.4470239186607388, 0.25487646038047324, 0.06141149213495821, 0.22402851268213747, 0.15888835922687822, 0.112820236814, 0.185463331562985, 0.13989516444655448, 0.09115757349008224, 0.037092666312597, 0.06795747680884545, 0.021176392352019624, 0.017186464068038143, 0.07040484053803309, 0.09975902988509966, 0.024154230288311318, 0.09622173982447502, 0.07415517433655006, 0.39988276369782294, 5.232425135072376, 12.984061552599247, 6.387713026541903, 5.431015573488451, 5.181595340902636, 2.5847830303827863, 1.3072404250744056, 0.7970647944286597, 0.45403073694365403], maxlen=1000), tilt_threshold: 5.0
2025-03-02 17:38:31 - tilt_change: deque([0, 1.0921605354864212, 1.6953516577661212, 0.12645285983540688, 4.409744347192685, 12.005833048895347, 3.4137445162716147, 3.3884539443045343, 2.5065050748659967, 0.5769368029970561, 0.5769368029970561, 0.20553957588240035, 0.09721236377099718, 0.048045171715284773, 0.028215874709604627, 0.07077965077142334, 0.05980447408435907, 0.05058130151873552, 0.014155930154284669, 0.050290398396370506, 21.612006490582115, 4.533963085247293, 4.533963085247293, 4.533963085247293, 4.385502881019111, 12.632778043989125, 5.329536679867145, 5.2410025551344175, 4.591995018554097, 2.16506082820179, 1.0991534922283608, 0.3277144580690192, 0.09962141844551758, 0.03206439418590734, 0.026210218421022585, 0.0213942440653535, 0.1239763399460164, 0.06003286391459106, 0.029651758191513278, 0.04500983391086133, 0.050749851262548495, 0.34371021040789623, 0.09548293336140412, 0.5156393174461497, 0.7047055288976897, 3.5668252301836287, 6.830283388475992, 12.119339346307875, 12.638096268643459, 6.5038601742283815, 5.137803496533183, 2.789421598289569, 1.5051937397275026, 0.31589872331099117, 0.36012537194749966, 0.8344350097925641, 0.8863771300149139, 1.3107887700260221, 0.3441624279614956, 5.736532450545742, 8.261272637779093, 13.460615279731124, 6.683831531891457, 5.756933592818013, 4.104679065262195, 1.4470239186607388, 0.25487646038047324, 0.06141149213495821, 0.22402851268213747, 0.15888835922687822, 0.112820236814, 0.185463331562985, 0.13989516444655448, 0.09115757349008224, 0.037092666312597, 0.06795747680884545, 0.021176392352019624, 0.017186464068038143, 0.07040484053803309, 0.09975902988509966, 0.024154230288311318, 0.09622173982447502, 0.07415517433655006, 0.39988276369782294, 5.232425135072376, 12.984061552599247, 6.387713026541903, 5.431015573488451, 5.181595340902636, 2.5847830303827863, 1.3072404250744056, 0.7970647944286597, 0.45403073694365403], maxlen=1000), tilt_threshold: 5.0
2025-03-02 17:38:31 - tilt_change: deque([0, 1.0921605354864212, 1.6953516577661212, 0.12645285983540688, 4.409744347192685, 12.005833048895347, 3.4137445162716147, 3.3884539443045343, 2.5065050748659967, 0.5769368029970561, 0.5769368029970561, 0.20553957588240035, 0.09721236377099718, 0.048045171715284773, 0.028215874709604627, 0.07077965077142334, 0.05980447408435907, 0.05058130151873552, 0.014155930154284669, 0.050290398396370506, 21.612006490582115, 4.533963085247293, 4.533963085247293, 4.533963085247293, 4.385502881019111, 12.632778043989125, 5.329536679867145, 5.2410025551344175, 4.591995018554097, 2.16506082820179, 1.0991534922283608, 0.3277144580690192, 0.09962141844551758, 0.03206439418590734, 0.026210218421022585, 0.0213942440653535, 0.1239763399460164, 0.06003286391459106, 0.029651758191513278, 0.04500983391086133, 0.050749851262548495, 0.34371021040789623, 0.09548293336140412, 0.5156393174461497, 0.7047055288976897, 3.5668252301836287, 6.830283388475992, 12.119339346307875, 12.638096268643459, 6.5038601742283815, 5.137803496533183, 2.789421598289569, 1.5051937397275026, 0.31589872331099117, 0.36012537194749966, 0.8344350097925641, 0.8863771300149139, 1.3107887700260221, 0.3441624279614956, 5.736532450545742, 8.261272637779093, 13.460615279731124, 6.683831531891457, 5.756933592818013, 4.104679065262195, 1.4470239186607388, 0.25487646038047324, 0.06141149213495821, 0.22402851268213747, 0.15888835922687822, 0.112820236814, 0.185463331562985, 0.13989516444655448, 0.09115757349008224, 0.037092666312597, 0.06795747680884545, 0.021176392352019624, 0.017186464068038143, 0.07040484053803309, 0.09975902988509966, 0.024154230288311318, 0.09622173982447502, 0.07415517433655006, 0.39988276369782294, 5.232425135072376, 12.984061552599247, 6.387713026541903, 5.431015573488451, 5.181595340902636, 2.5847830303827863, 1.3072404250744056, 0.7970647944286597, 0.45403073694365403], maxlen=1000), tilt_threshold: 5.0
2025-03-02 17:38:31 - tilt_change: deque([0, 1.0921605354864212, 1.6953516577661212, 0.12645285983540688, 4.409744347192685, 12.005833048895347, 3.4137445162716147, 3.3884539443045343, 2.5065050748659967, 0.5769368029970561, 0.5769368029970561, 0.20553957588240035, 0.09721236377099718, 0.048045171715284773, 0.028215874709604627, 0.07077965077142334, 0.05980447408435907, 0.05058130151873552, 0.014155930154284669, 0.050290398396370506, 21.612006490582115, 4.533963085247293, 4.533963085247293, 4.533963085247293, 4.385502881019111, 12.632778043989125, 5.329536679867145, 5.2410025551344175, 4.591995018554097, 2.16506082820179, 1.0991534922283608, 0.3277144580690192, 0.09962141844551758, 0.03206439418590734, 0.026210218421022585, 0.0213942440653535, 0.1239763399460164, 0.06003286391459106, 0.029651758191513278, 0.04500983391086133, 0.050749851262548495, 0.34371021040789623, 0.09548293336140412, 0.5156393174461497, 0.7047055288976897, 3.5668252301836287, 6.830283388475992, 12.119339346307875, 12.638096268643459, 6.5038601742283815, 5.137803496533183, 2.789421598289569, 1.5051937397275026, 0.31589872331099117, 0.36012537194749966, 0.8344350097925641, 0.8863771300149139, 1.3107887700260221, 0.3441624279614956, 5.736532450545742, 8.261272637779093, 13.460615279731124, 6.683831531891457, 5.756933592818013, 4.104679065262195, 1.4470239186607388, 0.25487646038047324, 0.06141149213495821, 0.22402851268213747, 0.15888835922687822, 0.112820236814, 0.185463331562985, 0.13989516444655448, 0.09115757349008224, 0.037092666312597, 0.06795747680884545, 0.021176392352019624, 0.017186464068038143, 0.07040484053803309, 0.09975902988509966, 0.024154230288311318, 0.09622173982447502, 0.07415517433655006, 0.39988276369782294, 5.232425135072376, 12.984061552599247, 6.387713026541903, 5.431015573488451, 5.181595340902636, 2.5847830303827863, 1.3072404250744056, 0.7970647944286597, 0.45403073694365403], maxlen=1000), tilt_threshold: 5.0
2025-03-02 17:38:31 - tilt_change: deque([0, 1.0921605354864212, 1.6953516577661212, 0.12645285983540688, 4.409744347192685, 12.005833048895347, 3.4137445162716147, 3.3884539443045343, 2.5065050748659967, 0.5769368029970561, 0.5769368029970561, 0.20553957588240035, 0.09721236377099718, 0.048045171715284773, 0.028215874709604627, 0.07077965077142334, 0.05980447408435907, 0.05058130151873552, 0.014155930154284669, 0.050290398396370506, 21.612006490582115, 4.533963085247293, 4.533963085247293, 4.533963085247293, 4.385502881019111, 12.632778043989125, 5.329536679867145, 5.2410025551344175, 4.591995018554097, 2.16506082820179, 1.0991534922283608, 0.3277144580690192, 0.09962141844551758, 0.03206439418590734, 0.026210218421022585, 0.0213942440653535, 0.1239763399460164, 0.06003286391459106, 0.029651758191513278, 0.04500983391086133, 0.050749851262548495, 0.34371021040789623, 0.09548293336140412, 0.5156393174461497, 0.7047055288976897, 3.5668252301836287, 6.830283388475992, 12.119339346307875, 12.638096268643459, 6.5038601742283815, 5.137803496533183, 2.789421598289569, 1.5051937397275026, 0.31589872331099117, 0.36012537194749966, 0.8344350097925641, 0.8863771300149139, 1.3107887700260221, 0.3441624279614956, 5.736532450545742, 8.261272637779093, 13.460615279731124, 6.683831531891457, 5.756933592818013, 4.104679065262195, 1.4470239186607388, 0.25487646038047324, 0.06141149213495821, 0.22402851268213747, 0.15888835922687822, 0.112820236814, 0.185463331562985, 0.13989516444655448, 0.09115757349008224, 0.037092666312597, 0.06795747680884545, 0.021176392352019624, 0.017186464068038143, 0.07040484053803309, 0.09975902988509966, 0.024154230288311318, 0.09622173982447502, 0.07415517433655006, 0.39988276369782294, 5.232425135072376, 12.984061552599247, 6.387713026541903, 5.431015573488451, 5.181595340902636, 2.5847830303827863, 1.3072404250744056, 0.7970647944286597, 0.45403073694365403], maxlen=1000), tilt_threshold: 5.0
2025-03-02 17:38:31 - tilt_change: deque([0, 1.0921605354864212, 1.6953516577661212, 0.12645285983540688, 4.409744347192685, 12.005833048895347, 3.4137445162716147, 3.3884539443045343, 2.5065050748659967, 0.5769368029970561, 0.5769368029970561, 0.20553957588240035, 0.09721236377099718, 0.048045171715284773, 0.028215874709604627, 0.07077965077142334, 0.05980447408435907, 0.05058130151873552, 0.014155930154284669, 0.050290398396370506, 21.612006490582115, 4.533963085247293, 4.533963085247293, 4.533963085247293, 4.385502881019111, 12.632778043989125, 5.329536679867145, 5.2410025551344175, 4.591995018554097, 2.16506082820179, 1.0991534922283608, 0.3277144580690192, 0.09962141844551758, 0.03206439418590734, 0.026210218421022585, 0.0213942440653535, 0.1239763399460164, 0.06003286391459106, 0.029651758191513278, 0.04500983391086133, 0.050749851262548495, 0.34371021040789623, 0.09548293336140412, 0.5156393174461497, 0.7047055288976897, 3.5668252301836287, 6.830283388475992, 12.119339346307875, 12.638096268643459, 6.5038601742283815, 5.137803496533183, 2.789421598289569, 1.5051937397275026, 0.31589872331099117, 0.36012537194749966, 0.8344350097925641, 0.8863771300149139, 1.3107887700260221, 0.3441624279614956, 5.736532450545742, 8.261272637779093, 13.460615279731124, 6.683831531891457, 5.756933592818013, 4.104679065262195, 1.4470239186607388, 0.25487646038047324, 0.06141149213495821, 0.22402851268213747, 0.15888835922687822, 0.112820236814, 0.185463331562985, 0.13989516444655448, 0.09115757349008224, 0.037092666312597, 0.06795747680884545, 0.021176392352019624, 0.017186464068038143, 0.07040484053803309, 0.09975902988509966, 0.024154230288311318, 0.09622173982447502, 0.07415517433655006, 0.39988276369782294, 5.232425135072376, 12.984061552599247, 6.387713026541903, 5.431015573488451, 5.181595340902636, 2.5847830303827863, 1.3072404250744056, 0.7970647944286597, 0.45403073694365403], maxlen=1000), tilt_threshold: 5.0
2025-03-02 17:38:31 - tilt_change: deque([0, 1.0921605354864212, 1.6953516577661212, 0.12645285983540688, 4.409744347192685, 12.005833048895347, 3.4137445162716147, 3.3884539443045343, 2.5065050748659967, 0.5769368029970561, 0.5769368029970561, 0.20553957588240035, 0.09721236377099718, 0.048045171715284773, 0.028215874709604627, 0.07077965077142334, 0.05980447408435907, 0.05058130151873552, 0.014155930154284669, 0.050290398396370506, 21.612006490582115, 4.533963085247293, 4.533963085247293, 4.533963085247293, 4.385502881019111, 12.632778043989125, 5.329536679867145, 5.2410025551344175, 4.591995018554097, 2.16506082820179, 1.0991534922283608, 0.3277144580690192, 0.09962141844551758, 0.03206439418590734, 0.026210218421022585, 0.0213942440653535, 0.1239763399460164, 0.06003286391459106, 0.029651758191513278, 0.04500983391086133, 0.050749851262548495, 0.34371021040789623, 0.09548293336140412, 0.5156393174461497, 0.7047055288976897, 3.5668252301836287, 6.830283388475992, 12.119339346307875, 12.638096268643459, 6.5038601742283815, 5.137803496533183, 2.789421598289569, 1.5051937397275026, 0.31589872331099117, 0.36012537194749966, 0.8344350097925641, 0.8863771300149139, 1.3107887700260221, 0.3441624279614956, 5.736532450545742, 8.261272637779093, 13.460615279731124, 6.683831531891457, 5.756933592818013, 4.104679065262195, 1.4470239186607388, 0.25487646038047324, 0.06141149213495821, 0.22402851268213747, 0.15888835922687822, 0.112820236814, 0.185463331562985, 0.13989516444655448, 0.09115757349008224, 0.037092666312597, 0.06795747680884545, 0.021176392352019624, 0.017186464068038143, 0.07040484053803309, 0.09975902988509966, 0.024154230288311318, 0.09622173982447502, 0.07415517433655006, 0.39988276369782294, 5.232425135072376, 12.984061552599247, 6.387713026541903, 5.431015573488451, 5.181595340902636, 2.5847830303827863, 1.3072404250744056, 0.7970647944286597, 0.45403073694365403], maxlen=1000), tilt_threshold: 5.0
2025-03-02 17:38:31 - tilt_change: deque([0, 1.0921605354864212, 1.6953516577661212, 0.12645285983540688, 4.409744347192685, 12.005833048895347, 3.4137445162716147, 3.3884539443045343, 2.5065050748659967, 0.5769368029970561, 0.5769368029970561, 0.20553957588240035, 0.09721236377099718, 0.048045171715284773, 0.028215874709604627, 0.07077965077142334, 0.05980447408435907, 0.05058130151873552, 0.014155930154284669, 0.050290398396370506, 21.612006490582115, 4.533963085247293, 4.533963085247293, 4.533963085247293, 4.385502881019111, 12.632778043989125, 5.329536679867145, 5.2410025551344175, 4.591995018554097, 2.16506082820179, 1.0991534922283608, 0.3277144580690192, 0.09962141844551758, 0.03206439418590734, 0.026210218421022585, 0.0213942440653535, 0.1239763399460164, 0.06003286391459106, 0.029651758191513278, 0.04500983391086133, 0.050749851262548495, 0.34371021040789623, 0.09548293336140412, 0.5156393174461497, 0.7047055288976897, 3.5668252301836287, 6.830283388475992, 12.119339346307875, 12.638096268643459, 6.5038601742283815, 5.137803496533183, 2.789421598289569, 1.5051937397275026, 0.31589872331099117, 0.36012537194749966, 0.8344350097925641, 0.8863771300149139, 1.3107887700260221, 0.3441624279614956, 5.736532450545742, 8.261272637779093, 13.460615279731124, 6.683831531891457, 5.756933592818013, 4.104679065262195, 1.4470239186607388, 0.25487646038047324, 0.06141149213495821, 0.22402851268213747, 0.15888835922687822, 0.112820236814, 0.185463331562985, 0.13989516444655448, 0.09115757349008224, 0.037092666312597, 0.06795747680884545, 0.021176392352019624, 0.017186464068038143, 0.07040484053803309, 0.09975902988509966, 0.024154230288311318, 0.09622173982447502, 0.07415517433655006, 0.39988276369782294, 5.232425135072376, 12.984061552599247, 6.387713026541903, 5.431015573488451, 5.181595340902636, 2.5847830303827863, 1.3072404250744056, 0.7970647944286597, 0.45403073694365403], maxlen=1000), tilt_threshold: 5.0
2025-03-02 17:38:31 - tilt_change: deque([0, 1.0921605354864212, 1.6953516577661212, 0.12645285983540688, 4.409744347192685, 12.005833048895347, 3.4137445162716147, 3.3884539443045343, 2.5065050748659967, 0.5769368029970561, 0.5769368029970561, 0.20553957588240035, 0.09721236377099718, 0.048045171715284773, 0.028215874709604627, 0.07077965077142334, 0.05980447408435907, 0.05058130151873552, 0.014155930154284669, 0.050290398396370506, 21.612006490582115, 4.533963085247293, 4.533963085247293, 4.533963085247293, 4.385502881019111, 12.632778043989125, 5.329536679867145, 5.2410025551344175, 4.591995018554097, 2.16506082820179, 1.0991534922283608, 0.3277144580690192, 0.09962141844551758, 0.03206439418590734, 0.026210218421022585, 0.0213942440653535, 0.1239763399460164, 0.06003286391459106, 0.029651758191513278, 0.04500983391086133, 0.050749851262548495, 0.34371021040789623, 0.09548293336140412, 0.5156393174461497, 0.7047055288976897, 3.5668252301836287, 6.830283388475992, 12.119339346307875, 12.638096268643459, 6.5038601742283815, 5.137803496533183, 2.789421598289569, 1.5051937397275026, 0.31589872331099117, 0.36012537194749966, 0.8344350097925641, 0.8863771300149139, 1.3107887700260221, 0.3441624279614956, 5.736532450545742, 8.261272637779093, 13.460615279731124, 6.683831531891457, 5.756933592818013, 4.104679065262195, 1.4470239186607388, 0.25487646038047324, 0.06141149213495821, 0.22402851268213747, 0.15888835922687822, 0.112820236814, 0.185463331562985, 0.13989516444655448, 0.09115757349008224, 0.037092666312597, 0.06795747680884545, 0.021176392352019624, 0.017186464068038143, 0.07040484053803309, 0.09975902988509966, 0.024154230288311318, 0.09622173982447502, 0.07415517433655006, 0.39988276369782294, 5.232425135072376, 12.984061552599247, 6.387713026541903, 5.431015573488451, 5.181595340902636, 2.5847830303827863, 1.3072404250744056, 0.7970647944286597, 0.45403073694365403], maxlen=1000), tilt_threshold: 5.0
2025-03-02 17:38:31 - tilt_change: deque([0, 1.0921605354864212, 1.6953516577661212, 0.12645285983540688, 4.409744347192685, 12.005833048895347, 3.4137445162716147, 3.3884539443045343, 2.5065050748659967, 0.5769368029970561, 0.5769368029970561, 0.20553957588240035, 0.09721236377099718, 0.048045171715284773, 0.028215874709604627, 0.07077965077142334, 0.05980447408435907, 0.05058130151873552, 0.014155930154284669, 0.050290398396370506, 21.612006490582115, 4.533963085247293, 4.533963085247293, 4.533963085247293, 4.385502881019111, 12.632778043989125, 5.329536679867145, 5.2410025551344175, 4.591995018554097, 2.16506082820179, 1.0991534922283608, 0.3277144580690192, 0.09962141844551758, 0.03206439418590734, 0.026210218421022585, 0.0213942440653535, 0.1239763399460164, 0.06003286391459106, 0.029651758191513278, 0.04500983391086133, 0.050749851262548495, 0.34371021040789623, 0.09548293336140412, 0.5156393174461497, 0.7047055288976897, 3.5668252301836287, 6.830283388475992, 12.119339346307875, 12.638096268643459, 6.5038601742283815, 5.137803496533183, 2.789421598289569, 1.5051937397275026, 0.31589872331099117, 0.36012537194749966, 0.8344350097925641, 0.8863771300149139, 1.3107887700260221, 0.3441624279614956, 5.736532450545742, 8.261272637779093, 13.460615279731124, 6.683831531891457, 5.756933592818013, 4.104679065262195, 1.4470239186607388, 0.25487646038047324, 0.06141149213495821, 0.22402851268213747, 0.15888835922687822, 0.112820236814, 0.185463331562985, 0.13989516444655448, 0.09115757349008224, 0.037092666312597, 0.06795747680884545, 0.021176392352019624, 0.017186464068038143, 0.07040484053803309, 0.09975902988509966, 0.024154230288311318, 0.09622173982447502, 0.07415517433655006, 0.39988276369782294, 5.232425135072376, 12.984061552599247, 6.387713026541903, 5.431015573488451, 5.181595340902636, 2.5847830303827863, 1.3072404250744056, 0.7970647944286597, 0.45403073694365403], maxlen=1000), tilt_threshold: 5.0
2025-03-02 17:38:31 - tilt_change: deque([0, 1.0921605354864212, 1.6953516577661212, 0.12645285983540688, 4.409744347192685, 12.005833048895347, 3.4137445162716147, 3.3884539443045343, 2.5065050748659967, 0.5769368029970561, 0.5769368029970561, 0.20553957588240035, 0.09721236377099718, 0.048045171715284773, 0.028215874709604627, 0.07077965077142334, 0.05980447408435907, 0.05058130151873552, 0.014155930154284669, 0.050290398396370506, 21.612006490582115, 4.533963085247293, 4.533963085247293, 4.533963085247293, 4.385502881019111, 12.632778043989125, 5.329536679867145, 5.2410025551344175, 4.591995018554097, 2.16506082820179, 1.0991534922283608, 0.3277144580690192, 0.09962141844551758, 0.03206439418590734, 0.026210218421022585, 0.0213942440653535, 0.1239763399460164, 0.06003286391459106, 0.029651758191513278, 0.04500983391086133, 0.050749851262548495, 0.34371021040789623, 0.09548293336140412, 0.5156393174461497, 0.7047055288976897, 3.5668252301836287, 6.830283388475992, 12.119339346307875, 12.638096268643459, 6.5038601742283815, 5.137803496533183, 2.789421598289569, 1.5051937397275026, 0.31589872331099117, 0.36012537194749966, 0.8344350097925641, 0.8863771300149139, 1.3107887700260221, 0.3441624279614956, 5.736532450545742, 8.261272637779093, 13.460615279731124, 6.683831531891457, 5.756933592818013, 4.104679065262195, 1.4470239186607388, 0.25487646038047324, 0.06141149213495821, 0.22402851268213747, 0.15888835922687822, 0.112820236814, 0.185463331562985, 0.13989516444655448, 0.09115757349008224, 0.037092666312597, 0.06795747680884545, 0.021176392352019624, 0.017186464068038143, 0.07040484053803309, 0.09975902988509966, 0.024154230288311318, 0.09622173982447502, 0.07415517433655006, 0.39988276369782294, 5.232425135072376, 12.984061552599247, 6.387713026541903, 5.431015573488451, 5.181595340902636, 2.5847830303827863, 1.3072404250744056, 0.7970647944286597, 0.45403073694365403], maxlen=1000), tilt_threshold: 5.0
2025-03-02 17:38:31 - tilt_change: deque([0, 1.0921605354864212, 1.6953516577661212, 0.12645285983540688, 4.409744347192685, 12.005833048895347, 3.4137445162716147, 3.3884539443045343, 2.5065050748659967, 0.5769368029970561, 0.5769368029970561, 0.20553957588240035, 0.09721236377099718, 0.048045171715284773, 0.028215874709604627, 0.07077965077142334, 0.05980447408435907, 0.05058130151873552, 0.014155930154284669, 0.050290398396370506, 21.612006490582115, 4.533963085247293, 4.533963085247293, 4.533963085247293, 4.385502881019111, 12.632778043989125, 5.329536679867145, 5.2410025551344175, 4.591995018554097, 2.16506082820179, 1.0991534922283608, 0.3277144580690192, 0.09962141844551758, 0.03206439418590734, 0.026210218421022585, 0.0213942440653535, 0.1239763399460164, 0.06003286391459106, 0.029651758191513278, 0.04500983391086133, 0.050749851262548495, 0.34371021040789623, 0.09548293336140412, 0.5156393174461497, 0.7047055288976897, 3.5668252301836287, 6.830283388475992, 12.119339346307875, 12.638096268643459, 6.5038601742283815, 5.137803496533183, 2.789421598289569, 1.5051937397275026, 0.31589872331099117, 0.36012537194749966, 0.8344350097925641, 0.8863771300149139, 1.3107887700260221, 0.3441624279614956, 5.736532450545742, 8.261272637779093, 13.460615279731124, 6.683831531891457, 5.756933592818013, 4.104679065262195, 1.4470239186607388, 0.25487646038047324, 0.06141149213495821, 0.22402851268213747, 0.15888835922687822, 0.112820236814, 0.185463331562985, 0.13989516444655448, 0.09115757349008224, 0.037092666312597, 0.06795747680884545, 0.021176392352019624, 0.017186464068038143, 0.07040484053803309, 0.09975902988509966, 0.024154230288311318, 0.09622173982447502, 0.07415517433655006, 0.39988276369782294, 5.232425135072376, 12.984061552599247, 6.387713026541903, 5.431015573488451, 5.181595340902636, 2.5847830303827863, 1.3072404250744056, 0.7970647944286597, 0.45403073694365403], maxlen=1000), tilt_threshold: 5.0
2025-03-02 17:38:31 - tilt_change: deque([0, 1.0921605354864212, 1.6953516577661212, 0.12645285983540688, 4.409744347192685, 12.005833048895347, 3.4137445162716147, 3.3884539443045343, 2.5065050748659967, 0.5769368029970561, 0.5769368029970561, 0.20553957588240035, 0.09721236377099718, 0.048045171715284773, 0.028215874709604627, 0.07077965077142334, 0.05980447408435907, 0.05058130151873552, 0.014155930154284669, 0.050290398396370506, 21.612006490582115, 4.533963085247293, 4.533963085247293, 4.533963085247293, 4.385502881019111, 12.632778043989125, 5.329536679867145, 5.2410025551344175, 4.591995018554097, 2.16506082820179, 1.0991534922283608, 0.3277144580690192, 0.09962141844551758, 0.03206439418590734, 0.026210218421022585, 0.0213942440653535, 0.1239763399460164, 0.06003286391459106, 0.029651758191513278, 0.04500983391086133, 0.050749851262548495, 0.34371021040789623, 0.09548293336140412, 0.5156393174461497, 0.7047055288976897, 3.5668252301836287, 6.830283388475992, 12.119339346307875, 12.638096268643459, 6.5038601742283815, 5.137803496533183, 2.789421598289569, 1.5051937397275026, 0.31589872331099117, 0.36012537194749966, 0.8344350097925641, 0.8863771300149139, 1.3107887700260221, 0.3441624279614956, 5.736532450545742, 8.261272637779093, 13.460615279731124, 6.683831531891457, 5.756933592818013, 4.104679065262195, 1.4470239186607388, 0.25487646038047324, 0.06141149213495821, 0.22402851268213747, 0.15888835922687822, 0.112820236814, 0.185463331562985, 0.13989516444655448, 0.09115757349008224, 0.037092666312597, 0.06795747680884545, 0.021176392352019624, 0.017186464068038143, 0.07040484053803309, 0.09975902988509966, 0.024154230288311318, 0.09622173982447502, 0.07415517433655006, 0.39988276369782294, 5.232425135072376, 12.984061552599247, 6.387713026541903, 5.431015573488451, 5.181595340902636, 2.5847830303827863, 1.3072404250744056, 0.7970647944286597, 0.45403073694365403], maxlen=1000), tilt_threshold: 5.0
2025-03-02 17:38:31 - tilt_change: deque([0, 1.0921605354864212, 1.6953516577661212, 0.12645285983540688, 4.409744347192685, 12.005833048895347, 3.4137445162716147, 3.3884539443045343, 2.5065050748659967, 0.5769368029970561, 0.5769368029970561, 0.20553957588240035, 0.09721236377099718, 0.048045171715284773, 0.028215874709604627, 0.07077965077142334, 0.05980447408435907, 0.05058130151873552, 0.014155930154284669, 0.050290398396370506, 21.612006490582115, 4.533963085247293, 4.533963085247293, 4.533963085247293, 4.385502881019111, 12.632778043989125, 5.329536679867145, 5.2410025551344175, 4.591995018554097, 2.16506082820179, 1.0991534922283608, 0.3277144580690192, 0.09962141844551758, 0.03206439418590734, 0.026210218421022585, 0.0213942440653535, 0.1239763399460164, 0.06003286391459106, 0.029651758191513278, 0.04500983391086133, 0.050749851262548495, 0.34371021040789623, 0.09548293336140412, 0.5156393174461497, 0.7047055288976897, 3.5668252301836287, 6.830283388475992, 12.119339346307875, 12.638096268643459, 6.5038601742283815, 5.137803496533183, 2.789421598289569, 1.5051937397275026, 0.31589872331099117, 0.36012537194749966, 0.8344350097925641, 0.8863771300149139, 1.3107887700260221, 0.3441624279614956, 5.736532450545742, 8.261272637779093, 13.460615279731124, 6.683831531891457, 5.756933592818013, 4.104679065262195, 1.4470239186607388, 0.25487646038047324, 0.06141149213495821, 0.22402851268213747, 0.15888835922687822, 0.112820236814, 0.185463331562985, 0.13989516444655448, 0.09115757349008224, 0.037092666312597, 0.06795747680884545, 0.021176392352019624, 0.017186464068038143, 0.07040484053803309, 0.09975902988509966, 0.024154230288311318, 0.09622173982447502, 0.07415517433655006, 0.39988276369782294, 5.232425135072376, 12.984061552599247, 6.387713026541903, 5.431015573488451, 5.181595340902636, 2.5847830303827863, 1.3072404250744056, 0.7970647944286597, 0.45403073694365403], maxlen=1000), tilt_threshold: 5.0
2025-03-02 17:38:31 - tilt_change: deque([0, 1.0921605354864212, 1.6953516577661212, 0.12645285983540688, 4.409744347192685, 12.005833048895347, 3.4137445162716147, 3.3884539443045343, 2.5065050748659967, 0.5769368029970561, 0.5769368029970561, 0.20553957588240035, 0.09721236377099718, 0.048045171715284773, 0.028215874709604627, 0.07077965077142334, 0.05980447408435907, 0.05058130151873552, 0.014155930154284669, 0.050290398396370506, 21.612006490582115, 4.533963085247293, 4.533963085247293, 4.533963085247293, 4.385502881019111, 12.632778043989125, 5.329536679867145, 5.2410025551344175, 4.591995018554097, 2.16506082820179, 1.0991534922283608, 0.3277144580690192, 0.09962141844551758, 0.03206439418590734, 0.026210218421022585, 0.0213942440653535, 0.1239763399460164, 0.06003286391459106, 0.029651758191513278, 0.04500983391086133, 0.050749851262548495, 0.34371021040789623, 0.09548293336140412, 0.5156393174461497, 0.7047055288976897, 3.5668252301836287, 6.830283388475992, 12.119339346307875, 12.638096268643459, 6.5038601742283815, 5.137803496533183, 2.789421598289569, 1.5051937397275026, 0.31589872331099117, 0.36012537194749966, 0.8344350097925641, 0.8863771300149139, 1.3107887700260221, 0.3441624279614956, 5.736532450545742, 8.261272637779093, 13.460615279731124, 6.683831531891457, 5.756933592818013, 4.104679065262195, 1.4470239186607388, 0.25487646038047324, 0.06141149213495821, 0.22402851268213747, 0.15888835922687822, 0.112820236814, 0.185463331562985, 0.13989516444655448, 0.09115757349008224, 0.037092666312597, 0.06795747680884545, 0.021176392352019624, 0.017186464068038143, 0.07040484053803309, 0.09975902988509966, 0.024154230288311318, 0.09622173982447502, 0.07415517433655006, 0.39988276369782294, 5.232425135072376, 12.984061552599247, 6.387713026541903, 5.431015573488451, 5.181595340902636, 2.5847830303827863, 1.3072404250744056, 0.7970647944286597, 0.45403073694365403], maxlen=1000), tilt_threshold: 5.0
2025-03-02 17:38:31 - tilt_change: deque([0, 1.0921605354864212, 1.6953516577661212, 0.12645285983540688, 4.409744347192685, 12.005833048895347, 3.4137445162716147, 3.3884539443045343, 2.5065050748659967, 0.5769368029970561, 0.5769368029970561, 0.20553957588240035, 0.09721236377099718, 0.048045171715284773, 0.028215874709604627, 0.07077965077142334, 0.05980447408435907, 0.05058130151873552, 0.014155930154284669, 0.050290398396370506, 21.612006490582115, 4.533963085247293, 4.533963085247293, 4.533963085247293, 4.385502881019111, 12.632778043989125, 5.329536679867145, 5.2410025551344175, 4.591995018554097, 2.16506082820179, 1.0991534922283608, 0.3277144580690192, 0.09962141844551758, 0.03206439418590734, 0.026210218421022585, 0.0213942440653535, 0.1239763399460164, 0.06003286391459106, 0.029651758191513278, 0.04500983391086133, 0.050749851262548495, 0.34371021040789623, 0.09548293336140412, 0.5156393174461497, 0.7047055288976897, 3.5668252301836287, 6.830283388475992, 12.119339346307875, 12.638096268643459, 6.5038601742283815, 5.137803496533183, 2.789421598289569, 1.5051937397275026, 0.31589872331099117, 0.36012537194749966, 0.8344350097925641, 0.8863771300149139, 1.3107887700260221, 0.3441624279614956, 5.736532450545742, 8.261272637779093, 13.460615279731124, 6.683831531891457, 5.756933592818013, 4.104679065262195, 1.4470239186607388, 0.25487646038047324, 0.06141149213495821, 0.22402851268213747, 0.15888835922687822, 0.112820236814, 0.185463331562985, 0.13989516444655448, 0.09115757349008224, 0.037092666312597, 0.06795747680884545, 0.021176392352019624, 0.017186464068038143, 0.07040484053803309, 0.09975902988509966, 0.024154230288311318, 0.09622173982447502, 0.07415517433655006, 0.39988276369782294, 5.232425135072376, 12.984061552599247, 6.387713026541903, 5.431015573488451, 5.181595340902636, 2.5847830303827863, 1.3072404250744056, 0.7970647944286597, 0.45403073694365403], maxlen=1000), tilt_threshold: 5.0
2025-03-02 17:38:31 - tilt_change: deque([0, 1.0921605354864212, 1.6953516577661212, 0.12645285983540688, 4.409744347192685, 12.005833048895347, 3.4137445162716147, 3.3884539443045343, 2.5065050748659967, 0.5769368029970561, 0.5769368029970561, 0.20553957588240035, 0.09721236377099718, 0.048045171715284773, 0.028215874709604627, 0.07077965077142334, 0.05980447408435907, 0.05058130151873552, 0.014155930154284669, 0.050290398396370506, 21.612006490582115, 4.533963085247293, 4.533963085247293, 4.533963085247293, 4.385502881019111, 12.632778043989125, 5.329536679867145, 5.2410025551344175, 4.591995018554097, 2.16506082820179, 1.0991534922283608, 0.3277144580690192, 0.09962141844551758, 0.03206439418590734, 0.026210218421022585, 0.0213942440653535, 0.1239763399460164, 0.06003286391459106, 0.029651758191513278, 0.04500983391086133, 0.050749851262548495, 0.34371021040789623, 0.09548293336140412, 0.5156393174461497, 0.7047055288976897, 3.5668252301836287, 6.830283388475992, 12.119339346307875, 12.638096268643459, 6.5038601742283815, 5.137803496533183, 2.789421598289569, 1.5051937397275026, 0.31589872331099117, 0.36012537194749966, 0.8344350097925641, 0.8863771300149139, 1.3107887700260221, 0.3441624279614956, 5.736532450545742, 8.261272637779093, 13.460615279731124, 6.683831531891457, 5.756933592818013, 4.104679065262195, 1.4470239186607388, 0.25487646038047324, 0.06141149213495821, 0.22402851268213747, 0.15888835922687822, 0.112820236814, 0.185463331562985, 0.13989516444655448, 0.09115757349008224, 0.037092666312597, 0.06795747680884545, 0.021176392352019624, 0.017186464068038143, 0.07040484053803309, 0.09975902988509966, 0.024154230288311318, 0.09622173982447502, 0.07415517433655006, 0.39988276369782294, 5.232425135072376, 12.984061552599247, 6.387713026541903, 5.431015573488451, 5.181595340902636, 2.5847830303827863, 1.3072404250744056, 0.7970647944286597, 0.45403073694365403], maxlen=1000), tilt_threshold: 5.0
2025-03-02 17:38:31 - 
!!! PILL EVENT DETECTED !!!
Pill Event: Time 29015618m 27.4s
  - Within Pick-Place window: 1740937107.4s to 1740937111.4s
  - 3D Tilt: 12.98
  - Orientation: Roll=11.49°, Pitch=0.50°, Yaw=77.13°
  - Pressure: 488 at 1740937110.9s
  - Light: 78.33 lux at 1740937110.9s
  - Awaiting swallow confirmation (press and hold pressure sensor within 10s)
2025-03-02 17:38:31 - PILL EVENT DETECTED
Pill Event: Time 29015618m 27.4s
  - Within Pick-Place window: 1740937107.4s to 1740937111.4s
  - 3D Tilt: 12.98
  - Orientation: Roll=11.49°, Pitch=0.50°, Yaw=77.13°
  - Pressure: 488 at 1740937110.9s
  - Light: 78.33 lux at 1740937110.9s
  - Awaiting swallow confirmation (press and hold pressure sensor within 10s)
2025-03-02 17:38:31 - Actual time of event: 2025-03-02 17:38:31
2025-03-02 17:38:31 - Potential swallow confirmation started at 1740937111.5s
2025-03-02 17:38:31 - PICK-PLACE EVENT DETECTED: 4 total
2025-03-02 17:38:31 - PILL EVENT DETECTED: 4 total at t=1740937107.4s
2025-03-02 17:38:31 - INFO - PILL EVENT 4:
  Time: 1740937107.4s
  Tilt: 12.98
  Orientation: r=11.5, p=0.5, y=77.1
  Pressure: 488.0
  Light: 78.3
  Pick-Place: 1740937107.4s - 1740937111.4s
2025-03-02 17:38:31 - PILL EVENT 4:
  Time: 1740937107.4s
  Tilt: 12.98
  Orientation: r=11.5, p=0.5, y=77.1
  Pressure: 488.0
  Light: 78.3
  Pick-Place: 1740937107.4s - 1740937111.4s
2025-03-02 17:38:31 - external shutdown request from [/master]: [/pill_detection_simulation] Reason: new node registered with same name
2025-03-02 17:38:31 - signal_shutdown [external shutdown request from [/master]: [[/pill_detection_simulation] Reason: new node registered with same name]]
2025-03-02 17:38:31 - topic[/rosout] removing connection to /rosout
2025-03-02 17:38:31 - topic[/pill_detection/pressure_light] removing connection to /rqt_plot
2025-03-02 17:38:31 - topic[/pill_detection/accel_magnitude] removing connection to /rqt_plot
2025-03-02 17:38:31 - topic[/pill_detection/tilt_magnitude] removing connection to /rqt_plot
2025-03-02 17:38:31 - 
=== Simulation Summary ===
2025-03-02 17:38:31 - IMU data points processed: 74 / 1021
2025-03-02 17:38:31 - Pressure/Light data points processed: 74 / 958
2025-03-02 17:38:31 - Detected 4 pick-place events
2025-03-02 17:38:31 - Detected 4 pill retrieval events
2025-03-02 17:38:31 - 
Detailed pill events:
2025-03-02 17:38:31 - Event 1: Time 29015617m 54.9s
2025-03-02 17:38:31 -   - 3D Tilt: 21.61
2025-03-02 17:38:31 -   - Orientation: Roll=21.42°, Pitch=-1.07°, Yaw=66.63°
2025-03-02 17:38:31 -   - Pressure: 439
2025-03-02 17:38:31 -   - Light: 78.33 lux
2025-03-02 17:38:31 - Event 2: Time 29015618m 8.9s
2025-03-02 17:38:31 -   - 3D Tilt: 12.64
2025-03-02 17:38:31 -   - Orientation: Roll=28.14°, Pitch=1.11°, Yaw=61.53°
2025-03-02 17:38:31 -   - Pressure: 467
2025-03-02 17:38:31 -   - Light: 74.17 lux
2025-03-02 17:38:31 - Event 3: Time 29015618m 15.4s
2025-03-02 17:38:31 -   - 3D Tilt: 13.46
2025-03-02 17:38:31 -   - Orientation: Roll=0.49°, Pitch=1.43°, Yaw=75.96°
2025-03-02 17:38:31 -   - Pressure: 481
2025-03-02 17:38:31 -   - Light: 76.67 lux
2025-03-02 17:38:31 - Event 4: Time 29015618m 27.4s
2025-03-02 17:38:31 -   - 3D Tilt: 12.98
2025-03-02 17:38:31 -   - Orientation: Roll=11.49°, Pitch=0.50°, Yaw=77.13°
2025-03-02 17:38:31 -   - Pressure: 488
2025-03-02 17:38:31 -   - Light: 78.33 lux
2025-03-02 17:38:31 - 
Events logged to: /workspaces/LongSequence_MasterThesis/CACOM/catkin_ws/src/pill_detection/logs/pill_events_sim_20250302_173754.log
2025-03-02 17:38:31 - signal_shutdown [atexit]
